col_1,col_2,col_3,col_4,col_5,col_6,col_7,col_8,col_9,col_10,col_11,col_12,division
,Delegate To The Republican National Convention 1st District,,,,,,United States Senator - Republican,,,,,All
,Tom Boggia,Marion S Taxin,Christopher M Vogler,Michael W Untermeyer,Frederick W Anton,Dale Kerns,Tom Smith,Steven D Welch,David Alan Christian,Sam Rohrer,Marc A Scaringi,All
Tom Boggia,1,20,24,16,11,11,20,10,14,3,5,All
Marion S Taxin,,2,23,5,9,2,10,15,16,2,5,All
Christopher M Vogler,,,1,12,10,5,16,12,12,1,2,All
Michael W Untermeyer,,,,0,6,12,15,9,6,4,0,All
Frederick W Anton,,,,,0,7,12,7,3,2,0,All
Dale Kerns,,,,,,1,10,6,1,4,1,All
Tom Smith,,,,,,,5,0,0,0,0,All
Steven D Welch,,,,,,,,2,0,0,0,All
David Alan Christian,,,,,,,,,0,0,0,All
Sam Rohrer,,,,,,,,,,3,0,All
Marc A Scaringi,,,,,,,,,,,1,All
Total,53,50,44,34,24,23,40,28,27,12,9,All
,Delegate To The Republican National Convention 1st District,,,,,,United States Senator - Republican,,,,,1
,Michael W Untermeyer,Christopher M Vogler,Tom Boggia,Dale Kerns,Frederick W Anton,Marion S Taxin,David Alan Christian,Tom Smith,Marc A Scaringi,Sam Rohrer,Steven D Welch,1
Michael W Untermeyer,0,1,1,0,0,0,1,1,0,0,0,1
Christopher M Vogler,,0,1,0,0,0,1,0,0,0,0,1
Tom Boggia,,,0,0,0,0,1,0,0,0,0,1
Dale Kerns,,,,0,0,0,0,0,0,0,0,1
Frederick W Anton,,,,,0,0,0,0,0,0,0,1
Marion S Taxin,,,,,,0,0,0,0,0,0,1
David Alan Christian,,,,,,,0,0,0,0,0,1
Tom Smith,,,,,,,,0,0,0,0,1
Marc A Scaringi,,,,,,,,,0,0,0,1
Sam Rohrer,,,,,,,,,,0,0,1
Steven D Welch,,,,,,,,,,,0,1
Total,2,1,1,0,0,0,1,1,0,0,0,1
,Delegate To The Republican National Convention 1st District,,,,,,United States Senator - Republican,,,,,4
,Tom Boggia,Christopher M Vogler,Marion S Taxin,Dale Kerns,Frederick W Anton,Michael W Untermeyer,David Alan Christian,Steven D Welch,Marc A Scaringi,Sam Rohrer,Tom Smith,4
Tom Boggia,0,1,1,0,0,0,1,1,0,0,0,4
Christopher M Vogler,,0,1,0,0,0,0,1,0,0,0,4
Marion S Taxin,,,0,0,0,0,0,1,0,0,0,4
Dale Kerns,,,,0,0,0,0,0,0,0,0,4
Frederick W Anton,,,,,0,0,0,0,0,0,0,4
Michael W Untermeyer,,,,,,0,0,0,0,0,0,4
David Alan Christian,,,,,,,0,0,0,0,0,4
Steven D Welch,,,,,,,,0,0,0,0,4
Marc A Scaringi,,,,,,,,,0,0,0,4
Sam Rohrer,,,,,,,,,,0,0,4
Tom Smith,,,,,,,,,,,0,4
Total,2,1,1,0,0,0,1,1,0,0,0,4
,Delegate To The Republican National Convention 1st District,,,,,,United States Senator - Republican,,,,,6
,Christopher M Vogler,Dale Kerns,Michael W Untermeyer,Frederick W Anton,Marion S Taxin,Tom Boggia,Steven D Welch,David Alan Christian,Marc A Scaringi,Sam Rohrer,Tom Smith,6
Christopher M Vogler,1,1,1,0,0,0,1,0,0,0,0,6
Dale Kerns,,0,1,0,0,0,1,0,0,0,0,6
Michael W Untermeyer,,,0,0,0,0,1,0,0,0,0,6
Frederick W Anton,,,,0,0,0,0,0,0,0,0,6
Marion S Taxin,,,,,0,0,0,0,0,0,0,6
Tom Boggia,,,,,,0,0,0,0,0,0,6
Steven D Welch,,,,,,,0,0,0,0,0,6
David Alan Christian,,,,,,,,0,0,0,0,6
Marc A Scaringi,,,,,,,,,0,0,0,6
Sam Rohrer,,,,,,,,,,0,0,6
Tom Smith,,,,,,,,,,,0,6
Total,2,1,1,0,0,0,1,0,0,0,0,6
,United States Senator - Republican,,,,,Delegate To The Republican National Convention 1st District,,,,,,9
,David Alan Christian,Marc A Scaringi,Sam Rohrer,Steven D Welch,Tom Smith,Marion S Taxin,Michael W Untermeyer,Christopher M Vogler,Dale Kerns,Frederick W Anton,Tom Boggia,9
David Alan Christian,0,0,0,0,0,1,1,0,0,0,0,9
Marc A Scaringi,,0,0,0,0,0,0,0,0,0,0,9
Sam Rohrer,,,0,0,0,0,0,0,0,0,0,9
Steven D Welch,,,,0,0,0,0,0,0,0,0,9
Tom Smith,,,,,0,0,0,0,0,0,0,9
Marion S Taxin,,,,,,0,0,0,0,0,0,9
Michael W Untermeyer,,,,,,,0,0,0,0,0,9
Christopher M Vogler,,,,,,,,0,0,0,0,9
Dale Kerns,,,,,,,,,0,0,0,9
Frederick W Anton,,,,,,,,,,0,0,9
Tom Boggia,,,,,,,,,,,0,9
Total,2,0,0,0,0,1,1,0,0,0,0,9
,Delegate To The Republican National Convention 1st District,,,,,,United States Senator - Republican,,,,,11
,Frederick W Anton,Christopher M Vogler,Marion S Taxin,Dale Kerns,Michael W Untermeyer,Tom Boggia,Steven D Welch,Tom Smith,David Alan Christian,Marc A Scaringi,Sam Rohrer,11
Frederick W Anton,0,2,2,0,0,0,3,0,0,0,0,11
Christopher M Vogler,,0,2,0,0,0,2,0,0,0,0,11
Marion S Taxin,,,0,0,0,0,2,0,0,0,0,11
Dale Kerns,,,,0,0,0,0,1,0,0,0,11
Michael W Untermeyer,,,,,0,0,0,0,0,0,0,11
Tom Boggia,,,,,,0,0,0,0,0,0,11
Steven D Welch,,,,,,,0,0,0,0,0,11
Tom Smith,,,,,,,,0,0,0,0,11
David Alan Christian,,,,,,,,,0,0,0,11
Marc A Scaringi,,,,,,,,,,0,0,11
Sam Rohrer,,,,,,,,,,,0,11
Total,3,2,2,1,0,0,3,1,0,0,0,11
,United States Senator - Republican,,,,,Delegate To The Republican National Convention 1st District,,,,,,12
,Tom Smith,David Alan Christian,Marc A Scaringi,Sam Rohrer,Steven D Welch,Christopher M Vogler,Dale Kerns,Michael W Untermeyer,Frederick W Anton,Marion S Taxin,Tom Boggia,12
Tom Smith,1,0,0,0,0,1,1,1,0,0,0,12
David Alan Christian,,0,0,0,0,0,0,0,0,0,0,12
Marc A Scaringi,,,0,0,0,0,0,0,0,0,0,12
Sam Rohrer,,,,0,0,0,0,0,0,0,0,12
Steven D Welch,,,,,0,0,0,0,0,0,0,12
Christopher M Vogler,,,,,,0,1,1,0,0,0,12
Dale Kerns,,,,,,,0,1,0,0,0,12
Michael W Untermeyer,,,,,,,,0,0,0,0,12
Frederick W Anton,,,,,,,,,0,0,0,12
Marion S Taxin,,,,,,,,,,0,0,12
Tom Boggia,,,,,,,,,,,0,12
Total,2,0,0,0,0,1,1,1,0,0,0,12
,United States Senator - Republican,,,,,Delegate To The Republican National Convention 1st District,,,,,,13
,David Alan Christian,Sam Rohrer,Marc A Scaringi,Steven D Welch,Tom Smith,Marion S Taxin,Christopher M Vogler,Dale Kerns,Frederick W Anton,Michael W Untermeyer,Tom Boggia,13
David Alan Christian,0,0,0,0,0,1,0,0,0,0,0,13
Sam Rohrer,,1,0,0,0,0,0,0,0,0,0,13
Marc A Scaringi,,,0,0,0,0,0,0,0,0,0,13
Steven D Welch,,,,0,0,0,0,0,0,0,0,13
Tom Smith,,,,,0,0,0,0,0,0,0,13
Marion S Taxin,,,,,,0,0,0,0,0,0,13
Christopher M Vogler,,,,,,,0,0,0,0,0,13
Dale Kerns,,,,,,,,0,0,0,0,13
Frederick W Anton,,,,,,,,,0,0,0,13
Michael W Untermeyer,,,,,,,,,,0,0,13
Tom Boggia,,,,,,,,,,,0,13
Total,1,1,0,0,0,1,0,0,0,0,0,13
,Delegate To The Republican National Convention 1st District,,,,,,United States Senator - Republican,,,,,14
,Frederick W Anton,Michael W Untermeyer,Tom Boggia,Christopher M Vogler,Dale Kerns,Marion S Taxin,Tom Smith,David Alan Christian,Marc A Scaringi,Sam Rohrer,Steven D Welch,14
Frederick W Anton,0,1,1,0,0,0,1,0,0,0,0,14
Michael W Untermeyer,,0,1,0,0,0,1,0,0,0,0,14
Tom Boggia,,,0,0,0,0,1,0,0,0,0,14
Christopher M Vogler,,,,0,0,0,0,0,0,0,0,14
Dale Kerns,,,,,0,0,0,0,0,0,0,14
Marion S Taxin,,,,,,0,0,0,0,0,0,14
Tom Smith,,,,,,,0,0,0,0,0,14
David Alan Christian,,,,,,,,0,0,0,0,14
Marc A Scaringi,,,,,,,,,0,0,0,14
Sam Rohrer,,,,,,,,,,0,0,14
Steven D Welch,,,,,,,,,,,0,14
Total,1,1,1,0,0,0,1,0,0,0,0,14
,Delegate To The Republican National Convention 1st District,,,,,,United States Senator - Republican,,,,,17
,Marion S Taxin,Frederick W Anton,Tom Boggia,Christopher M Vogler,Dale Kerns,Michael W Untermeyer,Tom Smith,Steven D Welch,David Alan Christian,Marc A Scaringi,Sam Rohrer,17
Marion S Taxin,0,1,1,0,0,0,1,1,0,0,0,17
Frederick W Anton,,0,1,0,0,0,1,0,0,0,0,17
Tom Boggia,,,0,0,0,0,1,0,0,0,0,17
Christopher M Vogler,,,,0,0,0,0,0,0,0,0,17
Dale Kerns,,,,,0,0,0,0,0,0,0,17
Michael W Untermeyer,,,,,,0,0,0,0,0,0,17
Tom Smith,,,,,,,1,0,0,0,0,17
Steven D Welch,,,,,,,,0,0,0,0,17
David Alan Christian,,,,,,,,,0,0,0,17
Marc A Scaringi,,,,,,,,,,0,0,17
Sam Rohrer,,,,,,,,,,,0,17
Total,2,1,1,0,0,0,2,1,0,0,0,17
,Delegate To The Republican National Convention 1st District,,,,,,United States Senator - Republican,,,,,18
,Dale Kerns,Marion S Taxin,Christopher M Vogler,Frederick W Anton,Michael W Untermeyer,Tom Boggia,Sam Rohrer,Tom Smith,David Alan Christian,Marc A Scaringi,Steven D Welch,18
Dale Kerns,0,0,0,0,0,0,1,0,0,0,0,18
Marion S Taxin,,0,0,0,0,0,0,1,0,0,0,18
Christopher M Vogler,,,0,0,0,0,0,0,0,0,0,18
Frederick W Anton,,,,0,0,0,0,0,0,0,0,18
Michael W Untermeyer,,,,,0,0,0,0,0,0,0,18
Tom Boggia,,,,,,0,0,0,0,0,0,18
Sam Rohrer,,,,,,,0,0,0,0,0,18
Tom Smith,,,,,,,,0,0,0,0,18
David Alan Christian,,,,,,,,,0,0,0,18
Marc A Scaringi,,,,,,,,,,0,0,18
Steven D Welch,,,,,,,,,,,0,18
Total,1,1,0,0,0,0,1,1,0,0,0,18
,United States Senator - Republican,,,,,Delegate To The Republican National Convention 1st District,,,,,,19
,Tom Smith,David Alan Christian,Marc A Scaringi,Sam Rohrer,Steven D Welch,Christopher M Vogler,Dale Kerns,Frederick W Anton,Tom Boggia,Marion S Taxin,Michael W Untermeyer,19
Tom Smith,0,0,0,0,0,1,1,1,1,0,0,19
David Alan Christian,,0,0,0,0,0,0,0,0,0,0,19
Marc A Scaringi,,,0,0,0,0,0,0,0,0,0,19
Sam Rohrer,,,,0,0,0,0,0,0,0,0,19
Steven D Welch,,,,,0,0,0,0,0,0,0,19
Christopher M Vogler,,,,,,0,1,0,1,0,0,19
Dale Kerns,,,,,,,0,0,1,0,0,19
Frederick W Anton,,,,,,,,0,0,0,0,19
Tom Boggia,,,,,,,,,0,0,0,19
Marion S Taxin,,,,,,,,,,0,0,19
Michael W Untermeyer,,,,,,,,,,,0,19
Total,2,0,0,0,0,1,1,1,1,0,0,19
,United States Senator - Republican,,,,,Delegate To The Republican National Convention 1st District,,,,,,20
,David Alan Christian,Marc A Scaringi,Sam Rohrer,Steven D Welch,Tom Smith,Tom Boggia,Christopher M Vogler,Dale Kerns,Frederick W Anton,Marion S Taxin,Michael W Untermeyer,20
David Alan Christian,0,0,0,0,0,1,0,0,0,0,0,20
Marc A Scaringi,,0,0,0,0,0,0,0,0,0,0,20
Sam Rohrer,,,0,0,0,0,0,0,0,0,0,20
Steven D Welch,,,,0,0,0,0,0,0,0,0,20
Tom Smith,,,,,0,0,0,0,0,0,0,20
Tom Boggia,,,,,,0,0,0,0,0,0,20
Christopher M Vogler,,,,,,,0,0,0,0,0,20
Dale Kerns,,,,,,,,0,0,0,0,20
Frederick W Anton,,,,,,,,,0,0,0,20
Marion S Taxin,,,,,,,,,,0,0,20
Michael W Untermeyer,,,,,,,,,,,0,20
Total,1,0,0,0,0,1,0,0,0,0,0,20
,United States Senator - Republican,,,,,Delegate To The Republican National Convention 1st District,,,,,,21
,Tom Smith,David Alan Christian,Marc A Scaringi,Sam Rohrer,Steven D Welch,Christopher M Vogler,Dale Kerns,Frederick W Anton,Tom Boggia,Marion S Taxin,Michael W Untermeyer,21
Tom Smith,0,0,0,0,0,1,1,1,1,0,0,21
David Alan Christian,,0,0,0,0,0,0,0,0,0,0,21
Marc A Scaringi,,,0,0,0,0,0,0,0,0,0,21
Sam Rohrer,,,,0,0,0,0,0,0,0,0,21
Steven D Welch,,,,,0,0,0,0,0,0,0,21
Christopher M Vogler,,,,,,0,0,0,0,0,0,21
Dale Kerns,,,,,,,0,1,1,0,0,21
Frederick W Anton,,,,,,,,0,1,0,0,21
Tom Boggia,,,,,,,,,0,0,0,21
Marion S Taxin,,,,,,,,,,0,0,21
Michael W Untermeyer,,,,,,,,,,,0,21
Total,2,0,0,0,0,1,1,1,1,0,0,21
,Delegate To The Republican National Convention 1st District,,,,,,United States Senator - Republican,,,,,22
,Tom Boggia,Christopher M Vogler,Frederick W Anton,Dale Kerns,Marion S Taxin,Michael W Untermeyer,Tom Smith,David Alan Christian,Marc A Scaringi,Sam Rohrer,Steven D Welch,22
Tom Boggia,1,1,1,0,0,0,1,0,0,0,0,22
Christopher M Vogler,,0,1,0,0,0,1,0,0,0,0,22
Frederick W Anton,,,0,0,0,0,1,0,0,0,0,22
Dale Kerns,,,,0,0,0,0,0,0,0,0,22
Marion S Taxin,,,,,0,0,0,0,0,0,0,22
Michael W Untermeyer,,,,,,0,0,0,0,0,0,22
Tom Smith,,,,,,,0,0,0,0,0,22
David Alan Christian,,,,,,,,0,0,0,0,22
Marc A Scaringi,,,,,,,,,0,0,0,22
Sam Rohrer,,,,,,,,,,0,0,22
Steven D Welch,,,,,,,,,,,0,22
Total,2,1,1,0,0,0,1,0,0,0,0,22
,Delegate To The Republican National Convention 1st District,,,,,,United States Senator - Republican,,,,,23
,Tom Boggia,Christopher M Vogler,Dale Kerns,Frederick W Anton,Marion S Taxin,Michael W Untermeyer,Tom Smith,David Alan Christian,Marc A Scaringi,Sam Rohrer,Steven D Welch,23
Tom Boggia,0,0,0,0,1,1,1,1,0,0,0,23
Christopher M Vogler,,0,1,1,0,0,1,0,0,0,0,23
Dale Kerns,,,0,1,0,0,1,0,0,0,0,23
Frederick W Anton,,,,0,0,0,1,0,0,0,0,23
Marion S Taxin,,,,,0,1,0,1,0,0,0,23
Michael W Untermeyer,,,,,,0,0,1,0,0,0,23
Tom Smith,,,,,,,0,0,0,0,0,23
David Alan Christian,,,,,,,,0,0,0,0,23
Marc A Scaringi,,,,,,,,,0,0,0,23
Sam Rohrer,,,,,,,,,,0,0,23
Steven D Welch,,,,,,,,,,,0,23
Total,2,1,1,1,1,1,2,1,0,0,0,23
,Delegate To The Republican National Convention 1st District,,,,,,United States Senator - Republican,,,,,24
,Christopher M Vogler,Tom Boggia,Michael W Untermeyer,Marion S Taxin,Dale Kerns,Frederick W Anton,Tom Smith,Sam Rohrer,David Alan Christian,Marc A Scaringi,Steven D Welch,24
Christopher M Vogler,0,3,2,1,0,0,3,0,0,0,0,24
Tom Boggia,,0,2,1,0,0,3,0,0,0,0,24
Michael W Untermeyer,,,0,0,0,0,2,0,0,0,0,24
Marion S Taxin,,,,0,0,0,1,0,0,0,0,24
Dale Kerns,,,,,0,0,0,0,0,0,0,24
Frederick W Anton,,,,,,0,0,0,0,0,0,24
Tom Smith,,,,,,,0,0,0,0,0,24
Sam Rohrer,,,,,,,,1,0,0,0,24
David Alan Christian,,,,,,,,,0,0,0,24
Marc A Scaringi,,,,,,,,,,0,0,24
Steven D Welch,,,,,,,,,,,0,24
Total,3,3,2,1,0,0,3,1,0,0,0,24
,United States Senator - Republican,,,,,Delegate To The Republican National Convention 1st District,,,,,,25
,Steven D Welch,David Alan Christian,Marc A Scaringi,Sam Rohrer,Tom Smith,Christopher M Vogler,Frederick W Anton,Marion S Taxin,Dale Kerns,Michael W Untermeyer,Tom Boggia,25
Steven D Welch,1,0,0,0,0,2,2,2,0,0,0,25
David Alan Christian,,0,0,0,0,0,0,0,0,0,0,25
Marc A Scaringi,,,0,0,0,0,0,0,0,0,0,25
Sam Rohrer,,,,0,0,0,0,0,0,0,0,25
Tom Smith,,,,,0,0,0,0,0,0,0,25
Christopher M Vogler,,,,,,0,2,2,0,0,0,25
Frederick W Anton,,,,,,,0,2,0,0,0,25
Marion S Taxin,,,,,,,,0,0,0,0,25
Dale Kerns,,,,,,,,,0,0,0,25
Michael W Untermeyer,,,,,,,,,,0,0,25
Tom Boggia,,,,,,,,,,,0,25
Total,3,0,0,0,0,2,2,2,0,0,0,25
,Delegate To The Republican National Convention 1st District,,,,,,United States Senator - Republican,,,,,26
,Marion S Taxin,Christopher M Vogler,Tom Boggia,Dale Kerns,Frederick W Anton,Michael W Untermeyer,David Alan Christian,Steven D Welch,Marc A Scaringi,Sam Rohrer,Tom Smith,26
Marion S Taxin,0,1,1,0,0,0,2,1,0,0,0,26
Christopher M Vogler,,0,1,0,0,0,1,0,0,0,0,26
Tom Boggia,,,0,0,0,0,1,0,0,0,0,26
Dale Kerns,,,,0,0,0,0,0,0,0,0,26
Frederick W Anton,,,,,0,0,0,0,0,0,0,26
Michael W Untermeyer,,,,,,0,0,0,0,0,0,26
David Alan Christian,,,,,,,0,0,0,0,0,26
Steven D Welch,,,,,,,,0,0,0,0,26
Marc A Scaringi,,,,,,,,,0,0,0,26
Sam Rohrer,,,,,,,,,,0,0,26
Tom Smith,,,,,,,,,,,0,26
Total,3,1,1,0,0,0,2,1,0,0,0,26
,Delegate To The Republican National Convention 1st District,,,,,,United States Senator - Republican,,,,,27
,Christopher M Vogler,Dale Kerns,Frederick W Anton,Marion S Taxin,Michael W Untermeyer,Tom Boggia,Steven D Welch,Tom Smith,David Alan Christian,Marc A Scaringi,Sam Rohrer,27
Christopher M Vogler,0,0,0,1,0,0,1,0,0,0,0,27
Dale Kerns,,0,1,0,1,0,0,1,0,0,0,27
Frederick W Anton,,,0,0,1,0,0,1,0,0,0,27
Marion S Taxin,,,,0,0,0,1,0,0,0,0,27
Michael W Untermeyer,,,,,0,0,0,1,0,0,0,27
Tom Boggia,,,,,,0,0,0,0,0,0,27
Steven D Welch,,,,,,,0,0,0,0,0,27
Tom Smith,,,,,,,,0,0,0,0,27
David Alan Christian,,,,,,,,,0,0,0,27
Marc A Scaringi,,,,,,,,,,0,0,27
Sam Rohrer,,,,,,,,,,,0,27
Total,1,1,1,1,1,0,1,1,0,0,0,27
,Delegate To The Republican National Convention 1st District,,,,,,United States Senator - Republican,,,,,28
,Michael W Untermeyer,Tom Boggia,Christopher M Vogler,Frederick W Anton,Marion S Taxin,Dale Kerns,Steven D Welch,Tom Smith,David Alan Christian,Marc A Scaringi,Sam Rohrer,28
Michael W Untermeyer,0,3,1,1,0,1,2,0,1,0,0,28
Tom Boggia,,0,1,1,0,1,2,0,1,0,0,28
Christopher M Vogler,,,0,1,1,0,0,1,1,0,0,28
Frederick W Anton,,,,0,1,0,1,1,0,0,0,28
Marion S Taxin,,,,,0,0,0,1,0,1,0,28
Dale Kerns,,,,,,0,1,0,0,0,0,28
Steven D Welch,,,,,,,0,0,0,0,0,28
Tom Smith,,,,,,,,1,0,0,0,28
David Alan Christian,,,,,,,,,0,0,0,28
Marc A Scaringi,,,,,,,,,,0,0,28
Sam Rohrer,,,,,,,,,,,0,28
Total,3,3,2,2,2,1,2,2,1,1,0,28
,Delegate To The Republican National Convention 1st District,,,,,,United States Senator - Republican,,,,,29
,Christopher M Vogler,Michael W Untermeyer,Dale Kerns,Frederick W Anton,Marion S Taxin,Tom Boggia,Steven D Welch,David Alan Christian,Marc A Scaringi,Sam Rohrer,Tom Smith,29
Christopher M Vogler,0,1,0,0,0,0,1,0,0,0,0,29
Michael W Untermeyer,,0,0,0,0,0,1,0,0,0,0,29
Dale Kerns,,,0,0,0,0,0,0,0,0,0,29
Frederick W Anton,,,,0,0,0,0,0,0,0,0,29
Marion S Taxin,,,,,0,0,0,0,0,0,0,29
Tom Boggia,,,,,,0,0,0,0,0,0,29
Steven D Welch,,,,,,,0,0,0,0,0,29
David Alan Christian,,,,,,,,0,0,0,0,29
Marc A Scaringi,,,,,,,,,0,0,0,29
Sam Rohrer,,,,,,,,,,0,0,29
Tom Smith,,,,,,,,,,,0,29
Total,1,1,0,0,0,0,1,0,0,0,0,29
,Delegate To The Republican National Convention 1st District,,,,,,United States Senator - Republican,,,,,30
,Dale Kerns,Michael W Untermeyer,Tom Boggia,Christopher M Vogler,Frederick W Anton,Marion S Taxin,Marc A Scaringi,Sam Rohrer,Steven D Welch,David Alan Christian,Tom Smith,30
Dale Kerns,0,1,1,0,0,0,1,1,0,0,0,30
Michael W Untermeyer,,0,0,0,0,0,0,1,0,0,0,30
Tom Boggia,,,0,0,0,0,1,0,0,0,0,30
Christopher M Vogler,,,,0,0,0,0,0,0,0,0,30
Frederick W Anton,,,,,0,0,0,0,0,0,0,30
Marion S Taxin,,,,,,0,0,0,0,0,0,30
Marc A Scaringi,,,,,,,0,0,0,0,0,30
Sam Rohrer,,,,,,,,0,0,0,0,30
Steven D Welch,,,,,,,,,1,0,0,30
David Alan Christian,,,,,,,,,,0,0,30
Tom Smith,,,,,,,,,,,0,30
Total,2,1,1,0,0,0,1,1,1,0,0,30
,Delegate To The Republican National Convention 1st District,,,,,,United States Senator - Republican,,,,,31
,Christopher M Vogler,Tom Boggia,Dale Kerns,Frederick W Anton,Marion S Taxin,Michael W Untermeyer,David Alan Christian,Marc A Scaringi,Sam Rohrer,Steven D Welch,Tom Smith,31
Christopher M Vogler,0,0,0,0,0,0,1,0,0,0,0,31
Tom Boggia,,0,0,0,0,0,0,1,0,0,0,31
Dale Kerns,,,0,0,0,0,0,0,0,0,0,31
Frederick W Anton,,,,0,0,0,0,0,0,0,0,31
Marion S Taxin,,,,,0,0,0,0,0,0,0,31
Michael W Untermeyer,,,,,,0,0,0,0,0,0,31
David Alan Christian,,,,,,,0,0,0,0,0,31
Marc A Scaringi,,,,,,,,0,0,0,0,31
Sam Rohrer,,,,,,,,,0,0,0,31
Steven D Welch,,,,,,,,,,0,0,31
Tom Smith,,,,,,,,,,,0,31
Total,1,1,0,0,0,0,1,1,0,0,0,31
,Delegate To The Republican National Convention 1st District,,,,,,United States Senator - Republican,,,,,32
,Christopher M Vogler,Marion S Taxin,Michael W Untermeyer,Dale Kerns,Frederick W Anton,Tom Boggia,Tom Smith,David Alan Christian,Marc A Scaringi,Sam Rohrer,Steven D Welch,32
Christopher M Vogler,0,1,1,0,0,0,1,0,0,0,0,32
Marion S Taxin,,0,1,0,0,0,1,0,0,0,0,32
Michael W Untermeyer,,,0,0,0,0,1,0,0,0,0,32
Dale Kerns,,,,0,0,0,0,0,0,0,0,32
Frederick W Anton,,,,,0,0,0,0,0,0,0,32
Tom Boggia,,,,,,0,0,0,0,0,0,32
Tom Smith,,,,,,,0,0,0,0,0,32
David Alan Christian,,,,,,,,0,0,0,0,32
Marc A Scaringi,,,,,,,,,0,0,0,32
Sam Rohrer,,,,,,,,,,0,0,32
Steven D Welch,,,,,,,,,,,0,32
Total,1,1,1,0,0,0,1,0,0,0,0,32
,Delegate To The Republican National Convention 1st District,,,,,,United States Senator - Republican,,,,,33
,Tom Boggia,Christopher M Vogler,Dale Kerns,Frederick W Anton,Marion S Taxin,Michael W Untermeyer,Tom Smith,David Alan Christian,Marc A Scaringi,Sam Rohrer,Steven D Welch,33
Tom Boggia,0,0,0,0,0,0,1,0,0,0,0,33
Christopher M Vogler,,0,0,0,0,0,0,0,0,0,0,33
Dale Kerns,,,0,0,0,0,0,0,0,0,0,33
Frederick W Anton,,,,0,0,0,0,0,0,0,0,33
Marion S Taxin,,,,,0,0,0,0,0,0,0,33
Michael W Untermeyer,,,,,,0,0,0,0,0,0,33
Tom Smith,,,,,,,0,0,0,0,0,33
David Alan Christian,,,,,,,,0,0,0,0,33
Marc A Scaringi,,,,,,,,,0,0,0,33
Sam Rohrer,,,,,,,,,,0,0,33
Steven D Welch,,,,,,,,,,,0,33
Total,1,0,0,0,0,0,1,0,0,0,0,33
,United States Senator - Republican,,,,,Delegate To The Republican National Convention 1st District,,,,,,34
,Marc A Scaringi,David Alan Christian,Sam Rohrer,Steven D Welch,Tom Smith,Tom Boggia,Christopher M Vogler,Dale Kerns,Frederick W Anton,Marion S Taxin,Michael W Untermeyer,34
Marc A Scaringi,0,0,0,0,0,1,0,0,0,0,0,34
David Alan Christian,,0,0,0,0,0,0,0,0,0,0,34
Sam Rohrer,,,0,0,0,0,0,0,0,0,0,34
Steven D Welch,,,,0,0,0,0,0,0,0,0,34
Tom Smith,,,,,0,0,0,0,0,0,0,34
Tom Boggia,,,,,,0,0,0,0,0,0,34
Christopher M Vogler,,,,,,,0,0,0,0,0,34
Dale Kerns,,,,,,,,0,0,0,0,34
Frederick W Anton,,,,,,,,,0,0,0,34
Marion S Taxin,,,,,,,,,,0,0,34
Michael W Untermeyer,,,,,,,,,,,0,34
Total,1,0,0,0,0,1,0,0,0,0,0,34
,United States Senator - Republican,,,,,Delegate To The Republican National Convention 1st District,,,,,,35
,Sam Rohrer,David Alan Christian,Marc A Scaringi,Steven D Welch,Tom Smith,Michael W Untermeyer,Christopher M Vogler,Dale Kerns,Frederick W Anton,Marion S Taxin,Tom Boggia,35
Sam Rohrer,1,0,0,0,0,1,0,0,0,0,0,35
David Alan Christian,,0,0,0,0,0,0,0,0,0,0,35
Marc A Scaringi,,,0,0,0,0,0,0,0,0,0,35
Steven D Welch,,,,0,0,0,0,0,0,0,0,35
Tom Smith,,,,,0,0,0,0,0,0,0,35
Michael W Untermeyer,,,,,,0,0,0,0,0,0,35
Christopher M Vogler,,,,,,,0,0,0,0,0,35
Dale Kerns,,,,,,,,0,0,0,0,35
Frederick W Anton,,,,,,,,,0,0,0,35
Marion S Taxin,,,,,,,,,,0,0,35
Tom Boggia,,,,,,,,,,,0,35
Total,2,0,0,0,0,1,0,0,0,0,0,35
,Delegate To The Republican National Convention 1st District,,,,,,United States Senator - Republican,,,,,36
,Marion S Taxin,Christopher M Vogler,Frederick W Anton,Tom Boggia,Dale Kerns,Michael W Untermeyer,David Alan Christian,Sam Rohrer,Marc A Scaringi,Steven D Welch,Tom Smith,36
Marion S Taxin,0,1,1,1,0,0,1,1,0,0,0,36
Christopher M Vogler,,0,0,1,0,0,1,0,0,0,0,36
Frederick W Anton,,,0,0,0,0,0,1,0,0,0,36
Tom Boggia,,,,0,0,0,1,0,0,0,0,36
Dale Kerns,,,,,0,0,0,0,0,0,0,36
Michael W Untermeyer,,,,,,0,0,0,0,0,0,36
David Alan Christian,,,,,,,0,0,0,0,0,36
Sam Rohrer,,,,,,,,0,0,0,0,36
Marc A Scaringi,,,,,,,,,0,0,0,36
Steven D Welch,,,,,,,,,,0,0,36
Tom Smith,,,,,,,,,,,0,36
Total,2,1,1,1,0,0,1,1,0,0,0,36
,Delegate To The Republican National Convention 1st District,,,,,,United States Senator - Republican,,,,,37
,Marion S Taxin,Christopher M Vogler,Tom Boggia,Dale Kerns,Michael W Untermeyer,Frederick W Anton,David Alan Christian,Tom Smith,Marc A Scaringi,Sam Rohrer,Steven D Welch,37
Marion S Taxin,2,3,4,1,0,0,3,1,2,0,0,37
Christopher M Vogler,,0,4,0,1,0,1,3,1,0,0,37
Tom Boggia,,,0,1,1,0,2,2,1,0,0,37
Dale Kerns,,,,0,0,0,1,0,0,0,0,37
Michael W Untermeyer,,,,,0,0,0,1,0,0,0,37
Frederick W Anton,,,,,,0,0,0,0,0,0,37
David Alan Christian,,,,,,,0,0,0,0,0,37
Tom Smith,,,,,,,,0,0,0,0,37
Marc A Scaringi,,,,,,,,,0,0,0,37
Sam Rohrer,,,,,,,,,,0,0,37
Steven D Welch,,,,,,,,,,,0,37
Total,8,5,5,1,1,0,3,3,2,0,0,37
,Delegate To The Republican National Convention 1st District,,,,,,United States Senator - Republican,,,,,38
,Tom Boggia,Dale Kerns,Frederick W Anton,Marion S Taxin,Michael W Untermeyer,Christopher M Vogler,Sam Rohrer,Tom Smith,David Alan Christian,Steven D Welch,Marc A Scaringi,38
Tom Boggia,0,2,1,1,1,1,2,2,0,1,0,38
Dale Kerns,,0,2,0,1,0,2,1,0,0,0,38
Frederick W Anton,,,0,0,1,0,1,1,0,0,0,38
Marion S Taxin,,,,0,0,1,1,0,1,0,0,38
Michael W Untermeyer,,,,,0,0,1,0,0,1,0,38
Christopher M Vogler,,,,,,0,1,0,0,0,0,38
Sam Rohrer,,,,,,,0,0,0,0,0,38
Tom Smith,,,,,,,,0,0,0,0,38
David Alan Christian,,,,,,,,,0,0,0,38
Steven D Welch,,,,,,,,,,0,0,38
Marc A Scaringi,,,,,,,,,,,0,38
Total,5,3,2,2,2,1,3,2,1,1,0,38
,United States Senator - Republican,,,,,Delegate To The Republican National Convention 1st District,,,,,,39
,Tom Smith,David Alan Christian,Marc A Scaringi,Sam Rohrer,Steven D Welch,Christopher M Vogler,Dale Kerns,Frederick W Anton,Marion S Taxin,Michael W Untermeyer,Tom Boggia,39
Tom Smith,1,0,0,0,0,0,0,0,0,0,0,39
David Alan Christian,,0,0,0,0,0,0,0,0,0,0,39
Marc A Scaringi,,,0,0,0,0,0,0,0,0,0,39
Sam Rohrer,,,,0,0,0,0,0,0,0,0,39
Steven D Welch,,,,,0,0,0,0,0,0,0,39
Christopher M Vogler,,,,,,0,0,0,0,0,0,39
Dale Kerns,,,,,,,0,0,0,0,0,39
Frederick W Anton,,,,,,,,0,0,0,0,39
Marion S Taxin,,,,,,,,,0,0,0,39
Michael W Untermeyer,,,,,,,,,,0,0,39
Tom Boggia,,,,,,,,,,,0,39
Total,1,0,0,0,0,0,0,0,0,0,0,39
,Delegate To The Republican National Convention 1st District,,,,,,United States Senator - Republican,,,,,40
,Marion S Taxin,Tom Boggia,Christopher M Vogler,Michael W Untermeyer,Dale Kerns,Frederick W Anton,Steven D Welch,Marc A Scaringi,Sam Rohrer,Tom Smith,David Alan Christian,40
Marion S Taxin,0,3,2,1,0,0,2,1,0,1,0,40
Tom Boggia,,0,2,1,0,0,1,1,0,1,0,40
Christopher M Vogler,,,0,0,0,0,1,1,0,0,0,40
Michael W Untermeyer,,,,0,0,0,0,0,1,1,0,40
Dale Kerns,,,,,0,0,0,0,0,0,0,40
Frederick W Anton,,,,,,0,0,0,0,0,0,40
Steven D Welch,,,,,,,0,0,0,0,0,40
Marc A Scaringi,,,,,,,,0,0,0,0,40
Sam Rohrer,,,,,,,,,0,0,0,40
Tom Smith,,,,,,,,,,0,0,40
David Alan Christian,,,,,,,,,,,0,40
Total,4,3,2,2,0,0,2,1,1,1,0,40
,Delegate To The Republican National Convention 1st District,,,,,,United States Senator - Republican,,,,,41
,Christopher M Vogler,Marion S Taxin,Tom Boggia,Dale Kerns,Frederick W Anton,Michael W Untermeyer,David Alan Christian,Steven D Welch,Marc A Scaringi,Sam Rohrer,Tom Smith,41
Christopher M Vogler,0,1,2,0,1,0,2,0,0,0,0,41
Marion S Taxin,,0,1,1,0,1,1,1,0,0,0,41
Tom Boggia,,,0,0,1,0,2,0,0,0,0,41
Dale Kerns,,,,0,0,1,0,1,0,0,0,41
Frederick W Anton,,,,,0,0,1,0,0,0,0,41
Michael W Untermeyer,,,,,,0,0,1,0,0,0,41
David Alan Christian,,,,,,,0,0,0,0,0,41
Steven D Welch,,,,,,,,0,0,0,0,41
Marc A Scaringi,,,,,,,,,0,0,0,41
Sam Rohrer,,,,,,,,,,0,0,41
Tom Smith,,,,,,,,,,,0,41
Total,2,2,2,1,1,1,2,1,0,0,0,41
,United States Senator - Republican,,,,,Delegate To The Republican National Convention 1st District,,,,,,42
,Steven D Welch,Tom Smith,David Alan Christian,Marc A Scaringi,Sam Rohrer,Tom Boggia,Dale Kerns,Marion S Taxin,Michael W Untermeyer,Christopher M Vogler,Frederick W Anton,42
Steven D Welch,0,0,0,0,0,1,0,1,0,0,0,42
Tom Smith,,0,0,0,0,1,1,0,1,0,0,42
David Alan Christian,,,0,0,0,0,0,0,0,0,0,42
Marc A Scaringi,,,,0,0,0,0,0,0,0,0,42
Sam Rohrer,,,,,0,0,0,0,0,0,0,42
Tom Boggia,,,,,,0,1,0,1,0,0,42
Dale Kerns,,,,,,,0,0,1,0,0,42
Marion S Taxin,,,,,,,,0,0,0,0,42
Michael W Untermeyer,,,,,,,,,0,0,0,42
Christopher M Vogler,,,,,,,,,,0,0,42
Frederick W Anton,,,,,,,,,,,0,42
Total,2,1,0,0,0,2,1,1,1,0,0,42
,Delegate To The Republican National Convention 1st District,,,,,,United States Senator - Republican,,,,,43
,Tom Boggia,Dale Kerns,Frederick W Anton,Marion S Taxin,Michael W Untermeyer,Christopher M Vogler,Tom Smith,David Alan Christian,Marc A Scaringi,Sam Rohrer,Steven D Welch,43
Tom Boggia,0,1,1,1,1,0,2,0,0,0,0,43
Dale Kerns,,0,0,0,1,0,1,0,0,0,0,43
Frederick W Anton,,,0,1,0,0,1,0,0,0,0,43
Marion S Taxin,,,,0,0,0,1,0,0,0,0,43
Michael W Untermeyer,,,,,0,0,1,0,0,0,0,43
Christopher M Vogler,,,,,,0,0,0,0,0,0,43
Tom Smith,,,,,,,0,0,0,0,0,43
David Alan Christian,,,,,,,,0,0,0,0,43
Marc A Scaringi,,,,,,,,,0,0,0,43
Sam Rohrer,,,,,,,,,,0,0,43
Steven D Welch,,,,,,,,,,,0,43
Total,2,1,1,1,1,0,2,0,0,0,0,43
,United States Senator - Republican,,,,,Delegate To The Republican National Convention 1st District,,,,,,45
,David Alan Christian,Steven D Welch,Marc A Scaringi,Sam Rohrer,Tom Smith,Christopher M Vogler,Dale Kerns,Marion S Taxin,Michael W Untermeyer,Tom Boggia,Frederick W Anton,45
David Alan Christian,0,0,0,0,0,1,0,1,0,0,0,45
Steven D Welch,,0,0,0,0,0,1,0,1,1,0,45
Marc A Scaringi,,,0,0,0,0,0,0,0,0,0,45
Sam Rohrer,,,,0,0,0,0,0,0,0,0,45
Tom Smith,,,,,0,0,0,0,0,0,0,45
Christopher M Vogler,,,,,,0,0,0,0,0,0,45
Dale Kerns,,,,,,,0,0,1,1,0,45
Marion S Taxin,,,,,,,,0,0,0,0,45
Michael W Untermeyer,,,,,,,,,0,1,0,45
Tom Boggia,,,,,,,,,,0,0,45
Frederick W Anton,,,,,,,,,,,0,45
Total,2,1,0,0,0,1,1,1,1,1,0,45
,Delegate To The Republican National Convention 1st District,,,,,,United States Senator - Republican,,,,,46
,Marion S Taxin,Michael W Untermeyer,Frederick W Anton,Tom Boggia,Christopher M Vogler,Dale Kerns,David Alan Christian,Steven D Welch,Tom Smith,Marc A Scaringi,Sam Rohrer,46
Marion S Taxin,0,1,0,1,1,0,1,2,1,0,0,46
Michael W Untermeyer,,0,2,1,1,1,1,0,2,0,0,46
Frederick W Anton,,,0,1,0,1,1,0,1,0,0,46
Tom Boggia,,,,0,0,0,2,0,0,0,0,46
Christopher M Vogler,,,,,0,0,0,0,1,0,0,46
Dale Kerns,,,,,,0,0,0,1,0,0,46
David Alan Christian,,,,,,,0,0,0,0,0,46
Steven D Welch,,,,,,,,0,0,0,0,46
Tom Smith,,,,,,,,,0,0,0,46
Marc A Scaringi,,,,,,,,,,1,0,46
Sam Rohrer,,,,,,,,,,,0,46
Total,4,3,2,2,1,1,2,2,2,1,0,46
,United States Senator - Republican,,,,,Delegate To The Republican National Convention 1st District,,,,,,47
,Sam Rohrer,David Alan Christian,Marc A Scaringi,Steven D Welch,Tom Smith,Tom Boggia,Christopher M Vogler,Dale Kerns,Frederick W Anton,Marion S Taxin,Michael W Untermeyer,47
Sam Rohrer,0,0,0,0,0,1,0,0,0,0,0,47
David Alan Christian,,0,0,0,0,0,0,0,0,0,0,47
Marc A Scaringi,,,0,0,0,0,0,0,0,0,0,47
Steven D Welch,,,,0,0,0,0,0,0,0,0,47
Tom Smith,,,,,0,0,0,0,0,0,0,47
Tom Boggia,,,,,,0,0,0,0,0,0,47
Christopher M Vogler,,,,,,,0,0,0,0,0,47
Dale Kerns,,,,,,,,0,0,0,0,47
Frederick W Anton,,,,,,,,,0,0,0,47
Marion S Taxin,,,,,,,,,,0,0,47
Michael W Untermeyer,,,,,,,,,,,0,47
Total,1,0,0,0,0,1,0,0,0,0,0,47
,United States Senator - Republican,,,,,Delegate To The Republican National Convention 1st District,,,,,,48
,David Alan Christian,Marc A Scaringi,Sam Rohrer,Steven D Welch,Tom Smith,Marion S Taxin,Christopher M Vogler,Frederick W Anton,Tom Boggia,Dale Kerns,Michael W Untermeyer,48
David Alan Christian,0,0,0,0,0,3,2,1,1,0,0,48
Marc A Scaringi,,0,0,0,0,0,0,0,0,0,0,48
Sam Rohrer,,,0,0,0,0,0,0,0,0,0,48
Steven D Welch,,,,0,0,0,0,0,0,0,0,48
Tom Smith,,,,,0,0,0,0,0,0,0,48
Marion S Taxin,,,,,,0,2,1,1,0,0,48
Christopher M Vogler,,,,,,,0,1,1,0,0,48
Frederick W Anton,,,,,,,,0,0,0,0,48
Tom Boggia,,,,,,,,,0,0,0,48
Dale Kerns,,,,,,,,,,0,0,48
Michael W Untermeyer,,,,,,,,,,,0,48
Total,3,0,0,0,0,3,2,1,1,0,0,48
,Delegate To The Republican National Convention 1st District,,,,,,United States Senator - Republican,,,,,49
,Tom Boggia,Christopher M Vogler,Michael W Untermeyer,Frederick W Anton,Marion S Taxin,Dale Kerns,Tom Smith,Steven D Welch,David Alan Christian,Marc A Scaringi,Sam Rohrer,49
Tom Boggia,0,4,1,2,2,1,2,3,0,0,0,49
Christopher M Vogler,,0,1,1,2,0,2,2,0,0,0,49
Michael W Untermeyer,,,0,0,0,0,2,1,0,0,0,49
Frederick W Anton,,,,0,0,1,1,1,0,0,0,49
Marion S Taxin,,,,,0,0,1,1,0,0,0,49
Dale Kerns,,,,,,0,0,1,0,0,0,49
Tom Smith,,,,,,,0,0,0,0,0,49
Steven D Welch,,,,,,,,0,0,0,0,49
David Alan Christian,,,,,,,,,0,0,0,49
Marc A Scaringi,,,,,,,,,,0,0,49
Sam Rohrer,,,,,,,,,,,0,49
Total,5,4,3,2,2,1,4,3,0,0,0,49
,Delegate To The Republican National Convention 1st District,,,,,,United States Senator - Republican,,,,,50
,Christopher M Vogler,Dale Kerns,Marion S Taxin,Michael W Untermeyer,Frederick W Anton,Tom Boggia,Marc A Scaringi,Steven D Welch,Tom Smith,David Alan Christian,Sam Rohrer,50
Christopher M Vogler,0,1,0,1,0,0,0,1,0,0,0,50
Dale Kerns,,0,0,1,0,0,0,1,0,0,0,50
Marion S Taxin,,,0,0,0,0,1,0,0,0,0,50
Michael W Untermeyer,,,,0,0,0,0,1,0,0,0,50
Frederick W Anton,,,,,0,0,0,0,0,0,0,50
Tom Boggia,,,,,,0,0,0,0,0,0,50
Marc A Scaringi,,,,,,,0,0,0,0,0,50
Steven D Welch,,,,,,,,0,0,0,0,50
Tom Smith,,,,,,,,,1,0,0,50
David Alan Christian,,,,,,,,,,0,0,50
Sam Rohrer,,,,,,,,,,,0,50
Total,1,1,1,1,0,0,1,1,1,0,0,50
,United States Senator - Republican,,,,,Delegate To The Republican National Convention 1st District,,,,,,51
,David Alan Christian,Marc A Scaringi,Sam Rohrer,Steven D Welch,Tom Smith,Christopher M Vogler,Dale Kerns,Michael W Untermeyer,Frederick W Anton,Marion S Taxin,Tom Boggia,51
David Alan Christian,0,0,0,0,0,1,0,1,0,0,0,51
Marc A Scaringi,,0,0,0,0,0,0,0,0,0,0,51
Sam Rohrer,,,0,0,0,0,0,0,0,0,0,51
Steven D Welch,,,,0,0,0,0,0,0,0,0,51
Tom Smith,,,,,0,0,0,0,0,0,0,51
Christopher M Vogler,,,,,,0,0,0,0,0,0,51
Dale Kerns,,,,,,,1,0,0,0,0,51
Michael W Untermeyer,,,,,,,,0,0,0,0,51
Frederick W Anton,,,,,,,,,0,0,0,51
Marion S Taxin,,,,,,,,,,0,0,51
Tom Boggia,,,,,,,,,,,0,51
Total,2,0,0,0,0,1,1,1,0,0,0,51
