col_1,col_2,col_3,col_4,col_5,col_6,col_7,col_8,col_9,col_10,col_11,col_12,col_13,col_14,order,division
,Representative In Congress 5th District - Democrat,,,,,,,,,,,,,1,All
,Rich Lazer,Molly Sheehan,Lindy Li,Mary Gay Scanlon,Ashley Lunkenheimer,Greg Vitali,Theresa M Wright,Larry Arata,Margo Davidson,Thaddeus Kirkland,Shelly Chauncey,Dan Muroff,David Wertime,2,All
Rich Lazer,"2,818",0,0,0,0,0,0,0,0,0,0,0,0,3,All
Molly Sheehan,,733,0,0,0,0,0,0,0,0,0,0,0,4,All
Lindy Li,,,645,0,0,0,0,0,0,0,0,0,0,5,All
Mary Gay Scanlon,,,,535,0,0,0,0,0,0,0,0,0,6,All
Ashley Lunkenheimer,,,,,320,0,0,0,0,0,0,0,0,7,All
Greg Vitali,,,,,,195,0,0,0,0,0,0,0,8,All
Theresa M Wright,,,,,,,181,0,0,0,0,0,0,9,All
Larry Arata,,,,,,,,96,0,0,0,0,0,10,All
Margo Davidson,,,,,,,,,19,0,0,0,0,11,All
Thaddeus Kirkland,,,,,,,,,,18,0,0,0,12,All
Shelly Chauncey,,,,,,,,,,,5,0,0,13,All
Dan Muroff,,,,,,,,,,,,1,0,14,All
David Wertime,,,,,,,,,,,,,0,15,All
Total,"2,818",733,645,535,320,195,181,96,19,18,5,1,0,16,All
,Representative In Congress 5th District - Democrat,,,,,,,,,,,,,1,1
,Rich Lazer,Molly Sheehan,Mary Gay Scanlon,Lindy Li,Ashley Lunkenheimer,Larry Arata,Greg Vitali,Dan Muroff,David Wertime,Margo Davidson,Shelly Chauncey,Thaddeus Kirkland,Theresa M Wright,2,1
Rich Lazer,46,0,0,0,0,0,0,0,0,0,0,0,0,3,1
Molly Sheehan,,14,0,0,0,0,0,0,0,0,0,0,0,4,1
Mary Gay Scanlon,,,10,0,0,0,0,0,0,0,0,0,0,5,1
Lindy Li,,,,9,0,0,0,0,0,0,0,0,0,6,1
Ashley Lunkenheimer,,,,,7,0,0,0,0,0,0,0,0,7,1
Larry Arata,,,,,,2,0,0,0,0,0,0,0,8,1
Greg Vitali,,,,,,,1,0,0,0,0,0,0,9,1
Dan Muroff,,,,,,,,0,0,0,0,0,0,10,1
David Wertime,,,,,,,,,0,0,0,0,0,11,1
Margo Davidson,,,,,,,,,,0,0,0,0,12,1
Shelly Chauncey,,,,,,,,,,,0,0,0,13,1
Thaddeus Kirkland,,,,,,,,,,,,0,0,14,1
Theresa M Wright,,,,,,,,,,,,,0,15,1
Total,46,14,10,9,7,2,1,0,0,0,0,0,0,16,1
,Representative In Congress 5th District - Democrat,,,,,,,,,,,,,1,2
,Rich Lazer,Lindy Li,Mary Gay Scanlon,Ashley Lunkenheimer,Molly Sheehan,Greg Vitali,Theresa M Wright,Dan Muroff,David Wertime,Larry Arata,Margo Davidson,Shelly Chauncey,Thaddeus Kirkland,2,2
Rich Lazer,54,0,0,0,0,0,0,0,0,0,0,0,0,3,2
Lindy Li,,19,0,0,0,0,0,0,0,0,0,0,0,4,2
Mary Gay Scanlon,,,6,0,0,0,0,0,0,0,0,0,0,5,2
Ashley Lunkenheimer,,,,4,0,0,0,0,0,0,0,0,0,6,2
Molly Sheehan,,,,,4,0,0,0,0,0,0,0,0,7,2
Greg Vitali,,,,,,2,0,0,0,0,0,0,0,8,2
Theresa M Wright,,,,,,,1,0,0,0,0,0,0,9,2
Dan Muroff,,,,,,,,0,0,0,0,0,0,10,2
David Wertime,,,,,,,,,0,0,0,0,0,11,2
Larry Arata,,,,,,,,,,0,0,0,0,12,2
Margo Davidson,,,,,,,,,,,0,0,0,13,2
Shelly Chauncey,,,,,,,,,,,,0,0,14,2
Thaddeus Kirkland,,,,,,,,,,,,,0,15,2
Total,54,19,6,4,4,2,1,0,0,0,0,0,0,16,2
,Representative In Congress 5th District - Democrat,,,,,,,,,,,,,1,3
,Rich Lazer,Molly Sheehan,Ashley Lunkenheimer,Lindy Li,Mary Gay Scanlon,Greg Vitali,Larry Arata,Theresa M Wright,Dan Muroff,David Wertime,Margo Davidson,Shelly Chauncey,Thaddeus Kirkland,2,3
Rich Lazer,128,0,0,0,0,0,0,0,0,0,0,0,0,3,3
Molly Sheehan,,12,0,0,0,0,0,0,0,0,0,0,0,4,3
Ashley Lunkenheimer,,,9,0,0,0,0,0,0,0,0,0,0,5,3
Lindy Li,,,,8,0,0,0,0,0,0,0,0,0,6,3
Mary Gay Scanlon,,,,,8,0,0,0,0,0,0,0,0,7,3
Greg Vitali,,,,,,4,0,0,0,0,0,0,0,8,3
Larry Arata,,,,,,,2,0,0,0,0,0,0,9,3
Theresa M Wright,,,,,,,,1,0,0,0,0,0,10,3
Dan Muroff,,,,,,,,,0,0,0,0,0,11,3
David Wertime,,,,,,,,,,0,0,0,0,12,3
Margo Davidson,,,,,,,,,,,0,0,0,13,3
Shelly Chauncey,,,,,,,,,,,,0,0,14,3
Thaddeus Kirkland,,,,,,,,,,,,,0,15,3
Total,128,12,9,8,8,4,2,1,0,0,0,0,0,16,3
,Representative In Congress 5th District - Democrat,,,,,,,,,,,,,1,4
,Rich Lazer,Lindy Li,Mary Gay Scanlon,Molly Sheehan,Theresa M Wright,Ashley Lunkenheimer,Greg Vitali,Dan Muroff,David Wertime,Larry Arata,Margo Davidson,Shelly Chauncey,Thaddeus Kirkland,2,4
Rich Lazer,22,0,0,0,0,0,0,0,0,0,0,0,0,3,4
Lindy Li,,14,0,0,0,0,0,0,0,0,0,0,0,4,4
Mary Gay Scanlon,,,8,0,0,0,0,0,0,0,0,0,0,5,4
Molly Sheehan,,,,6,0,0,0,0,0,0,0,0,0,6,4
Theresa M Wright,,,,,2,0,0,0,0,0,0,0,0,7,4
Ashley Lunkenheimer,,,,,,1,0,0,0,0,0,0,0,8,4
Greg Vitali,,,,,,,1,0,0,0,0,0,0,9,4
Dan Muroff,,,,,,,,0,0,0,0,0,0,10,4
David Wertime,,,,,,,,,0,0,0,0,0,11,4
Larry Arata,,,,,,,,,,0,0,0,0,12,4
Margo Davidson,,,,,,,,,,,0,0,0,13,4
Shelly Chauncey,,,,,,,,,,,,0,0,14,4
Thaddeus Kirkland,,,,,,,,,,,,,0,15,4
Total,22,14,8,6,2,1,1,0,0,0,0,0,0,16,4
,Representative In Congress 5th District - Democrat,,,,,,,,,,,,,1,5
,Lindy Li,Rich Lazer,Molly Sheehan,Mary Gay Scanlon,Ashley Lunkenheimer,Theresa M Wright,Greg Vitali,Dan Muroff,David Wertime,Larry Arata,Margo Davidson,Shelly Chauncey,Thaddeus Kirkland,2,5
Lindy Li,23,0,0,0,0,0,0,0,0,0,0,0,0,3,5
Rich Lazer,,23,0,0,0,0,0,0,0,0,0,0,0,4,5
Molly Sheehan,,,14,0,0,0,0,0,0,0,0,0,0,5,5
Mary Gay Scanlon,,,,9,0,0,0,0,0,0,0,0,0,6,5
Ashley Lunkenheimer,,,,,8,0,0,0,0,0,0,0,0,7,5
Theresa M Wright,,,,,,8,0,0,0,0,0,0,0,8,5
Greg Vitali,,,,,,,5,0,0,0,0,0,0,9,5
Dan Muroff,,,,,,,,0,0,0,0,0,0,10,5
David Wertime,,,,,,,,,0,0,0,0,0,11,5
Larry Arata,,,,,,,,,,0,0,0,0,12,5
Margo Davidson,,,,,,,,,,,0,0,0,13,5
Shelly Chauncey,,,,,,,,,,,,0,0,14,5
Thaddeus Kirkland,,,,,,,,,,,,,0,15,5
Total,23,23,14,9,8,8,5,0,0,0,0,0,0,16,5
,Representative In Congress 5th District - Democrat,,,,,,,,,,,,,1,6
,Rich Lazer,Mary Gay Scanlon,Molly Sheehan,Ashley Lunkenheimer,Lindy Li,Greg Vitali,Larry Arata,Thaddeus Kirkland,Theresa M Wright,Dan Muroff,David Wertime,Margo Davidson,Shelly Chauncey,2,6
Rich Lazer,166,0,0,0,0,0,0,0,0,0,0,0,0,3,6
Mary Gay Scanlon,,8,0,0,0,0,0,0,0,0,0,0,0,4,6
Molly Sheehan,,,8,0,0,0,0,0,0,0,0,0,0,5,6
Ashley Lunkenheimer,,,,6,0,0,0,0,0,0,0,0,0,6,6
Lindy Li,,,,,5,0,0,0,0,0,0,0,0,7,6
Greg Vitali,,,,,,1,0,0,0,0,0,0,0,8,6
Larry Arata,,,,,,,1,0,0,0,0,0,0,9,6
Thaddeus Kirkland,,,,,,,,1,0,0,0,0,0,10,6
Theresa M Wright,,,,,,,,,1,0,0,0,0,11,6
Dan Muroff,,,,,,,,,,0,0,0,0,12,6
David Wertime,,,,,,,,,,,0,0,0,13,6
Margo Davidson,,,,,,,,,,,,0,0,14,6
Shelly Chauncey,,,,,,,,,,,,,0,15,6
Total,166,8,8,6,5,1,1,1,1,0,0,0,0,16,6
,Representative In Congress 5th District - Democrat,,,,,,,,,,,,,1,7
,Rich Lazer,Mary Gay Scanlon,Ashley Lunkenheimer,Greg Vitali,Molly Sheehan,Lindy Li,Theresa M Wright,Margo Davidson,Dan Muroff,David Wertime,Larry Arata,Shelly Chauncey,Thaddeus Kirkland,2,7
Rich Lazer,264,0,0,0,0,0,0,0,0,0,0,0,0,3,7
Mary Gay Scanlon,,12,0,0,0,0,0,0,0,0,0,0,0,4,7
Ashley Lunkenheimer,,,7,0,0,0,0,0,0,0,0,0,0,5,7
Greg Vitali,,,,6,0,0,0,0,0,0,0,0,0,6,7
Molly Sheehan,,,,,6,0,0,0,0,0,0,0,0,7,7
Lindy Li,,,,,,5,0,0,0,0,0,0,0,8,7
Theresa M Wright,,,,,,,4,0,0,0,0,0,0,9,7
Margo Davidson,,,,,,,,1,0,0,0,0,0,10,7
Dan Muroff,,,,,,,,,0,0,0,0,0,11,7
David Wertime,,,,,,,,,,0,0,0,0,12,7
Larry Arata,,,,,,,,,,,0,0,0,13,7
Shelly Chauncey,,,,,,,,,,,,0,0,14,7
Thaddeus Kirkland,,,,,,,,,,,,,0,15,7
Total,264,12,7,6,6,5,4,1,0,0,0,0,0,16,7
,Representative In Congress 5th District - Democrat,,,,,,,,,,,,,1,8
,Rich Lazer,Mary Gay Scanlon,Molly Sheehan,Lindy Li,Ashley Lunkenheimer,Greg Vitali,Theresa M Wright,Larry Arata,Dan Muroff,Margo Davidson,Shelly Chauncey,Thaddeus Kirkland,David Wertime,2,8
Rich Lazer,90,0,0,0,0,0,0,0,0,0,0,0,0,3,8
Mary Gay Scanlon,,17,0,0,0,0,0,0,0,0,0,0,0,4,8
Molly Sheehan,,,17,0,0,0,0,0,0,0,0,0,0,5,8
Lindy Li,,,,9,0,0,0,0,0,0,0,0,0,6,8
Ashley Lunkenheimer,,,,,8,0,0,0,0,0,0,0,0,7,8
Greg Vitali,,,,,,6,0,0,0,0,0,0,0,8,8
Theresa M Wright,,,,,,,4,0,0,0,0,0,0,9,8
Larry Arata,,,,,,,,2,0,0,0,0,0,10,8
Dan Muroff,,,,,,,,,1,0,0,0,0,11,8
Margo Davidson,,,,,,,,,,1,0,0,0,12,8
Shelly Chauncey,,,,,,,,,,,1,0,0,13,8
Thaddeus Kirkland,,,,,,,,,,,,1,0,14,8
David Wertime,,,,,,,,,,,,,0,15,8
Total,90,17,17,9,8,6,4,2,1,1,1,1,0,16,8
,Representative In Congress 5th District - Democrat,,,,,,,,,,,,,1,9
,Rich Lazer,Lindy Li,Molly Sheehan,Theresa M Wright,Ashley Lunkenheimer,Mary Gay Scanlon,Greg Vitali,Thaddeus Kirkland,Margo Davidson,Dan Muroff,David Wertime,Larry Arata,Shelly Chauncey,2,9
Rich Lazer,20,0,0,0,0,0,0,0,0,0,0,0,0,3,9
Lindy Li,,19,0,0,0,0,0,0,0,0,0,0,0,4,9
Molly Sheehan,,,11,0,0,0,0,0,0,0,0,0,0,5,9
Theresa M Wright,,,,7,0,0,0,0,0,0,0,0,0,6,9
Ashley Lunkenheimer,,,,,3,0,0,0,0,0,0,0,0,7,9
Mary Gay Scanlon,,,,,,3,0,0,0,0,0,0,0,8,9
Greg Vitali,,,,,,,2,0,0,0,0,0,0,9,9
Thaddeus Kirkland,,,,,,,,2,0,0,0,0,0,10,9
Margo Davidson,,,,,,,,,1,0,0,0,0,11,9
Dan Muroff,,,,,,,,,,0,0,0,0,12,9
David Wertime,,,,,,,,,,,0,0,0,13,9
Larry Arata,,,,,,,,,,,,0,0,14,9
Shelly Chauncey,,,,,,,,,,,,,0,15,9
Total,20,19,11,7,3,3,2,2,1,0,0,0,0,16,9
,Representative In Congress 5th District - Democrat,,,,,,,,,,,,,1,10
,Lindy Li,Rich Lazer,Molly Sheehan,Theresa M Wright,Mary Gay Scanlon,Greg Vitali,Ashley Lunkenheimer,Thaddeus Kirkland,Dan Muroff,David Wertime,Larry Arata,Margo Davidson,Shelly Chauncey,2,10
Lindy Li,39,0,0,0,0,0,0,0,0,0,0,0,0,3,10
Rich Lazer,,27,0,0,0,0,0,0,0,0,0,0,0,4,10
Molly Sheehan,,,18,0,0,0,0,0,0,0,0,0,0,5,10
Theresa M Wright,,,,10,0,0,0,0,0,0,0,0,0,6,10
Mary Gay Scanlon,,,,,9,0,0,0,0,0,0,0,0,7,10
Greg Vitali,,,,,,8,0,0,0,0,0,0,0,8,10
Ashley Lunkenheimer,,,,,,,6,0,0,0,0,0,0,9,10
Thaddeus Kirkland,,,,,,,,2,0,0,0,0,0,10,10
Dan Muroff,,,,,,,,,0,0,0,0,0,11,10
David Wertime,,,,,,,,,,0,0,0,0,12,10
Larry Arata,,,,,,,,,,,0,0,0,13,10
Margo Davidson,,,,,,,,,,,,0,0,14,10
Shelly Chauncey,,,,,,,,,,,,,0,15,10
Total,39,27,18,10,9,8,6,2,0,0,0,0,0,16,10
,Representative In Congress 5th District - Democrat,,,,,,,,,,,,,1,11
,Rich Lazer,Lindy Li,Larry Arata,Mary Gay Scanlon,Molly Sheehan,Thaddeus Kirkland,Theresa M Wright,Ashley Lunkenheimer,Dan Muroff,David Wertime,Greg Vitali,Margo Davidson,Shelly Chauncey,2,11
Rich Lazer,51,0,0,0,0,0,0,0,0,0,0,0,0,3,11
Lindy Li,,13,0,0,0,0,0,0,0,0,0,0,0,4,11
Larry Arata,,,3,0,0,0,0,0,0,0,0,0,0,5,11
Mary Gay Scanlon,,,,2,0,0,0,0,0,0,0,0,0,6,11
Molly Sheehan,,,,,2,0,0,0,0,0,0,0,0,7,11
Thaddeus Kirkland,,,,,,1,0,0,0,0,0,0,0,8,11
Theresa M Wright,,,,,,,1,0,0,0,0,0,0,9,11
Ashley Lunkenheimer,,,,,,,,0,0,0,0,0,0,10,11
Dan Muroff,,,,,,,,,0,0,0,0,0,11,11
David Wertime,,,,,,,,,,0,0,0,0,12,11
Greg Vitali,,,,,,,,,,,0,0,0,13,11
Margo Davidson,,,,,,,,,,,,0,0,14,11
Shelly Chauncey,,,,,,,,,,,,,0,15,11
Total,51,13,3,2,2,1,1,0,0,0,0,0,0,16,11
,Representative In Congress 5th District - Democrat,,,,,,,,,,,,,1,12
,Lindy Li,Molly Sheehan,Rich Lazer,Theresa M Wright,Greg Vitali,Mary Gay Scanlon,Ashley Lunkenheimer,Dan Muroff,David Wertime,Larry Arata,Margo Davidson,Shelly Chauncey,Thaddeus Kirkland,2,12
Lindy Li,17,0,0,0,0,0,0,0,0,0,0,0,0,3,12
Molly Sheehan,,10,0,0,0,0,0,0,0,0,0,0,0,4,12
Rich Lazer,,,8,0,0,0,0,0,0,0,0,0,0,5,12
Theresa M Wright,,,,3,0,0,0,0,0,0,0,0,0,6,12
Greg Vitali,,,,,2,0,0,0,0,0,0,0,0,7,12
Mary Gay Scanlon,,,,,,2,0,0,0,0,0,0,0,8,12
Ashley Lunkenheimer,,,,,,,1,0,0,0,0,0,0,9,12
Dan Muroff,,,,,,,,0,0,0,0,0,0,10,12
David Wertime,,,,,,,,,0,0,0,0,0,11,12
Larry Arata,,,,,,,,,,0,0,0,0,12,12
Margo Davidson,,,,,,,,,,,0,0,0,13,12
Shelly Chauncey,,,,,,,,,,,,0,0,14,12
Thaddeus Kirkland,,,,,,,,,,,,,0,15,12
Total,17,10,8,3,2,2,1,0,0,0,0,0,0,16,12
,Representative In Congress 5th District - Democrat,,,,,,,,,,,,,1,13
,Rich Lazer,Lindy Li,Ashley Lunkenheimer,Molly Sheehan,Theresa M Wright,Mary Gay Scanlon,Larry Arata,Dan Muroff,David Wertime,Greg Vitali,Margo Davidson,Shelly Chauncey,Thaddeus Kirkland,2,13
Rich Lazer,37,0,0,0,0,0,0,0,0,0,0,0,0,3,13
Lindy Li,,11,0,0,0,0,0,0,0,0,0,0,0,4,13
Ashley Lunkenheimer,,,7,0,0,0,0,0,0,0,0,0,0,5,13
Molly Sheehan,,,,7,0,0,0,0,0,0,0,0,0,6,13
Theresa M Wright,,,,,7,0,0,0,0,0,0,0,0,7,13
Mary Gay Scanlon,,,,,,3,0,0,0,0,0,0,0,8,13
Larry Arata,,,,,,,2,0,0,0,0,0,0,9,13
Dan Muroff,,,,,,,,0,0,0,0,0,0,10,13
David Wertime,,,,,,,,,0,0,0,0,0,11,13
Greg Vitali,,,,,,,,,,0,0,0,0,12,13
Margo Davidson,,,,,,,,,,,0,0,0,13,13
Shelly Chauncey,,,,,,,,,,,,0,0,14,13
Thaddeus Kirkland,,,,,,,,,,,,,0,15,13
Total,37,11,7,7,7,3,2,0,0,0,0,0,0,16,13
,Representative In Congress 5th District - Democrat,,,,,,,,,,,,,1,14
,Rich Lazer,Molly Sheehan,Lindy Li,Larry Arata,Mary Gay Scanlon,Theresa M Wright,Ashley Lunkenheimer,Greg Vitali,Dan Muroff,David Wertime,Margo Davidson,Shelly Chauncey,Thaddeus Kirkland,2,14
Rich Lazer,33,0,0,0,0,0,0,0,0,0,0,0,0,3,14
Molly Sheehan,,8,0,0,0,0,0,0,0,0,0,0,0,4,14
Lindy Li,,,3,0,0,0,0,0,0,0,0,0,0,5,14
Larry Arata,,,,2,0,0,0,0,0,0,0,0,0,6,14
Mary Gay Scanlon,,,,,2,0,0,0,0,0,0,0,0,7,14
Theresa M Wright,,,,,,2,0,0,0,0,0,0,0,8,14
Ashley Lunkenheimer,,,,,,,1,0,0,0,0,0,0,9,14
Greg Vitali,,,,,,,,1,0,0,0,0,0,10,14
Dan Muroff,,,,,,,,,0,0,0,0,0,11,14
David Wertime,,,,,,,,,,0,0,0,0,12,14
Margo Davidson,,,,,,,,,,,0,0,0,13,14
Shelly Chauncey,,,,,,,,,,,,0,0,14,14
Thaddeus Kirkland,,,,,,,,,,,,,0,15,14
Total,33,8,3,2,2,2,1,1,0,0,0,0,0,16,14
,Representative In Congress 5th District - Democrat,,,,,,,,,,,,,1,15
,Rich Lazer,Mary Gay Scanlon,Ashley Lunkenheimer,Lindy Li,Molly Sheehan,Theresa M Wright,Greg Vitali,Larry Arata,Dan Muroff,David Wertime,Margo Davidson,Shelly Chauncey,Thaddeus Kirkland,2,15
Rich Lazer,211,0,0,0,0,0,0,0,0,0,0,0,0,3,15
Mary Gay Scanlon,,14,0,0,0,0,0,0,0,0,0,0,0,4,15
Ashley Lunkenheimer,,,9,0,0,0,0,0,0,0,0,0,0,5,15
Lindy Li,,,,5,0,0,0,0,0,0,0,0,0,6,15
Molly Sheehan,,,,,5,0,0,0,0,0,0,0,0,7,15
Theresa M Wright,,,,,,5,0,0,0,0,0,0,0,8,15
Greg Vitali,,,,,,,1,0,0,0,0,0,0,9,15
Larry Arata,,,,,,,,1,0,0,0,0,0,10,15
Dan Muroff,,,,,,,,,0,0,0,0,0,11,15
David Wertime,,,,,,,,,,0,0,0,0,12,15
Margo Davidson,,,,,,,,,,,0,0,0,13,15
Shelly Chauncey,,,,,,,,,,,,0,0,14,15
Thaddeus Kirkland,,,,,,,,,,,,,0,15,15
Total,211,14,9,5,5,5,1,1,0,0,0,0,0,16,15
,Representative In Congress 5th District - Democrat,,,,,,,,,,,,,1,16
,Lindy Li,Rich Lazer,Mary Gay Scanlon,Molly Sheehan,Ashley Lunkenheimer,Greg Vitali,Theresa M Wright,Larry Arata,Margo Davidson,Dan Muroff,David Wertime,Shelly Chauncey,Thaddeus Kirkland,2,16
Lindy Li,17,0,0,0,0,0,0,0,0,0,0,0,0,3,16
Rich Lazer,,10,0,0,0,0,0,0,0,0,0,0,0,4,16
Mary Gay Scanlon,,,5,0,0,0,0,0,0,0,0,0,0,5,16
Molly Sheehan,,,,5,0,0,0,0,0,0,0,0,0,6,16
Ashley Lunkenheimer,,,,,3,0,0,0,0,0,0,0,0,7,16
Greg Vitali,,,,,,2,0,0,0,0,0,0,0,8,16
Theresa M Wright,,,,,,,2,0,0,0,0,0,0,9,16
Larry Arata,,,,,,,,1,0,0,0,0,0,10,16
Margo Davidson,,,,,,,,,1,0,0,0,0,11,16
Dan Muroff,,,,,,,,,,0,0,0,0,12,16
David Wertime,,,,,,,,,,,0,0,0,13,16
Shelly Chauncey,,,,,,,,,,,,0,0,14,16
Thaddeus Kirkland,,,,,,,,,,,,,0,15,16
Total,17,10,5,5,3,2,2,1,1,0,0,0,0,16,16
,Representative In Congress 5th District - Democrat,,,,,,,,,,,,,1,17
,Rich Lazer,Lindy Li,Molly Sheehan,Greg Vitali,Theresa M Wright,Ashley Lunkenheimer,Dan Muroff,David Wertime,Larry Arata,Margo Davidson,Mary Gay Scanlon,Shelly Chauncey,Thaddeus Kirkland,2,17
Rich Lazer,24,0,0,0,0,0,0,0,0,0,0,0,0,3,17
Lindy Li,,17,0,0,0,0,0,0,0,0,0,0,0,4,17
Molly Sheehan,,,5,0,0,0,0,0,0,0,0,0,0,5,17
Greg Vitali,,,,4,0,0,0,0,0,0,0,0,0,6,17
Theresa M Wright,,,,,3,0,0,0,0,0,0,0,0,7,17
Ashley Lunkenheimer,,,,,,2,0,0,0,0,0,0,0,8,17
Dan Muroff,,,,,,,0,0,0,0,0,0,0,9,17
David Wertime,,,,,,,,0,0,0,0,0,0,10,17
Larry Arata,,,,,,,,,0,0,0,0,0,11,17
Margo Davidson,,,,,,,,,,0,0,0,0,12,17
Mary Gay Scanlon,,,,,,,,,,,0,0,0,13,17
Shelly Chauncey,,,,,,,,,,,,0,0,14,17
Thaddeus Kirkland,,,,,,,,,,,,,0,15,17
Total,24,17,5,4,3,2,0,0,0,0,0,0,0,16,17
,Representative In Congress 5th District - Democrat,,,,,,,,,,,,,1,18
,Rich Lazer,Molly Sheehan,Lindy Li,Ashley Lunkenheimer,Theresa M Wright,Greg Vitali,Mary Gay Scanlon,Larry Arata,Dan Muroff,David Wertime,Margo Davidson,Shelly Chauncey,Thaddeus Kirkland,2,18
Rich Lazer,36,0,0,0,0,0,0,0,0,0,0,0,0,3,18
Molly Sheehan,,14,0,0,0,0,0,0,0,0,0,0,0,4,18
Lindy Li,,,6,0,0,0,0,0,0,0,0,0,0,5,18
Ashley Lunkenheimer,,,,4,0,0,0,0,0,0,0,0,0,6,18
Theresa M Wright,,,,,3,0,0,0,0,0,0,0,0,7,18
Greg Vitali,,,,,,2,0,0,0,0,0,0,0,8,18
Mary Gay Scanlon,,,,,,,2,0,0,0,0,0,0,9,18
Larry Arata,,,,,,,,1,0,0,0,0,0,10,18
Dan Muroff,,,,,,,,,0,0,0,0,0,11,18
David Wertime,,,,,,,,,,0,0,0,0,12,18
Margo Davidson,,,,,,,,,,,0,0,0,13,18
Shelly Chauncey,,,,,,,,,,,,0,0,14,18
Thaddeus Kirkland,,,,,,,,,,,,,0,15,18
Total,36,14,6,4,3,2,2,1,0,0,0,0,0,16,18
,Representative In Congress 5th District - Democrat,,,,,,,,,,,,,1,19
,Rich Lazer,Lindy Li,Molly Sheehan,Mary Gay Scanlon,Greg Vitali,Theresa M Wright,Ashley Lunkenheimer,Larry Arata,Margo Davidson,Dan Muroff,David Wertime,Shelly Chauncey,Thaddeus Kirkland,2,19
Rich Lazer,21,0,0,0,0,0,0,0,0,0,0,0,0,3,19
Lindy Li,,16,0,0,0,0,0,0,0,0,0,0,0,4,19
Molly Sheehan,,,10,0,0,0,0,0,0,0,0,0,0,5,19
Mary Gay Scanlon,,,,4,0,0,0,0,0,0,0,0,0,6,19
Greg Vitali,,,,,3,0,0,0,0,0,0,0,0,7,19
Theresa M Wright,,,,,,2,0,0,0,0,0,0,0,8,19
Ashley Lunkenheimer,,,,,,,1,0,0,0,0,0,0,9,19
Larry Arata,,,,,,,,1,0,0,0,0,0,10,19
Margo Davidson,,,,,,,,,1,0,0,0,0,11,19
Dan Muroff,,,,,,,,,,0,0,0,0,12,19
David Wertime,,,,,,,,,,,0,0,0,13,19
Shelly Chauncey,,,,,,,,,,,,0,0,14,19
Thaddeus Kirkland,,,,,,,,,,,,,0,15,19
Total,21,16,10,4,3,2,1,1,1,0,0,0,0,16,19
,Representative In Congress 5th District - Democrat,,,,,,,,,,,,,1,20
,Rich Lazer,Molly Sheehan,Ashley Lunkenheimer,Mary Gay Scanlon,Lindy Li,Theresa M Wright,Greg Vitali,Larry Arata,Dan Muroff,David Wertime,Margo Davidson,Shelly Chauncey,Thaddeus Kirkland,2,20
Rich Lazer,204,0,0,0,0,0,0,0,0,0,0,0,0,3,20
Molly Sheehan,,12,0,0,0,0,0,0,0,0,0,0,0,4,20
Ashley Lunkenheimer,,,10,0,0,0,0,0,0,0,0,0,0,5,20
Mary Gay Scanlon,,,,8,0,0,0,0,0,0,0,0,0,6,20
Lindy Li,,,,,6,0,0,0,0,0,0,0,0,7,20
Theresa M Wright,,,,,,3,0,0,0,0,0,0,0,8,20
Greg Vitali,,,,,,,2,0,0,0,0,0,0,9,20
Larry Arata,,,,,,,,1,0,0,0,0,0,10,20
Dan Muroff,,,,,,,,,0,0,0,0,0,11,20
David Wertime,,,,,,,,,,0,0,0,0,12,20
Margo Davidson,,,,,,,,,,,0,0,0,13,20
Shelly Chauncey,,,,,,,,,,,,0,0,14,20
Thaddeus Kirkland,,,,,,,,,,,,,0,15,20
Total,204,12,10,8,6,3,2,1,0,0,0,0,0,16,20
,Representative In Congress 5th District - Democrat,,,,,,,,,,,,,1,21
,Rich Lazer,Mary Gay Scanlon,Molly Sheehan,Greg Vitali,Lindy Li,Ashley Lunkenheimer,Shelly Chauncey,Theresa M Wright,Dan Muroff,David Wertime,Larry Arata,Margo Davidson,Thaddeus Kirkland,2,21
Rich Lazer,213,0,0,0,0,0,0,0,0,0,0,0,0,3,21
Mary Gay Scanlon,,12,0,0,0,0,0,0,0,0,0,0,0,4,21
Molly Sheehan,,,7,0,0,0,0,0,0,0,0,0,0,5,21
Greg Vitali,,,,6,0,0,0,0,0,0,0,0,0,6,21
Lindy Li,,,,,5,0,0,0,0,0,0,0,0,7,21
Ashley Lunkenheimer,,,,,,4,0,0,0,0,0,0,0,8,21
Shelly Chauncey,,,,,,,3,0,0,0,0,0,0,9,21
Theresa M Wright,,,,,,,,3,0,0,0,0,0,10,21
Dan Muroff,,,,,,,,,0,0,0,0,0,11,21
David Wertime,,,,,,,,,,0,0,0,0,12,21
Larry Arata,,,,,,,,,,,0,0,0,13,21
Margo Davidson,,,,,,,,,,,,0,0,14,21
Thaddeus Kirkland,,,,,,,,,,,,,0,15,21
Total,213,12,7,6,5,4,3,3,0,0,0,0,0,16,21
,Representative In Congress 5th District - Democrat,,,,,,,,,,,,,1,22
,Rich Lazer,Lindy Li,Molly Sheehan,Mary Gay Scanlon,Ashley Lunkenheimer,Greg Vitali,Theresa M Wright,Larry Arata,Thaddeus Kirkland,Dan Muroff,David Wertime,Margo Davidson,Shelly Chauncey,2,22
Rich Lazer,60,0,0,0,0,0,0,0,0,0,0,0,0,3,22
Lindy Li,,19,0,0,0,0,0,0,0,0,0,0,0,4,22
Molly Sheehan,,,14,0,0,0,0,0,0,0,0,0,0,5,22
Mary Gay Scanlon,,,,10,0,0,0,0,0,0,0,0,0,6,22
Ashley Lunkenheimer,,,,,6,0,0,0,0,0,0,0,0,7,22
Greg Vitali,,,,,,5,0,0,0,0,0,0,0,8,22
Theresa M Wright,,,,,,,3,0,0,0,0,0,0,9,22
Larry Arata,,,,,,,,1,0,0,0,0,0,10,22
Thaddeus Kirkland,,,,,,,,,1,0,0,0,0,11,22
Dan Muroff,,,,,,,,,,0,0,0,0,12,22
David Wertime,,,,,,,,,,,0,0,0,13,22
Margo Davidson,,,,,,,,,,,,0,0,14,22
Shelly Chauncey,,,,,,,,,,,,,0,15,22
Total,60,19,14,10,6,5,3,1,1,0,0,0,0,16,22
,Representative In Congress 5th District - Democrat,,,,,,,,,,,,,1,23
,Rich Lazer,Lindy Li,Molly Sheehan,Ashley Lunkenheimer,Mary Gay Scanlon,Theresa M Wright,Dan Muroff,David Wertime,Greg Vitali,Larry Arata,Margo Davidson,Shelly Chauncey,Thaddeus Kirkland,2,23
Rich Lazer,30,0,0,0,0,0,0,0,0,0,0,0,0,3,23
Lindy Li,,15,0,0,0,0,0,0,0,0,0,0,0,4,23
Molly Sheehan,,,6,0,0,0,0,0,0,0,0,0,0,5,23
Ashley Lunkenheimer,,,,4,0,0,0,0,0,0,0,0,0,6,23
Mary Gay Scanlon,,,,,4,0,0,0,0,0,0,0,0,7,23
Theresa M Wright,,,,,,2,0,0,0,0,0,0,0,8,23
Dan Muroff,,,,,,,0,0,0,0,0,0,0,9,23
David Wertime,,,,,,,,0,0,0,0,0,0,10,23
Greg Vitali,,,,,,,,,0,0,0,0,0,11,23
Larry Arata,,,,,,,,,,0,0,0,0,12,23
Margo Davidson,,,,,,,,,,,0,0,0,13,23
Shelly Chauncey,,,,,,,,,,,,0,0,14,23
Thaddeus Kirkland,,,,,,,,,,,,,0,15,23
Total,30,15,6,4,4,2,0,0,0,0,0,0,0,16,23
,Representative In Congress 5th District - Democrat,,,,,,,,,,,,,1,24
,Rich Lazer,Molly Sheehan,Theresa M Wright,Greg Vitali,Lindy Li,Mary Gay Scanlon,Ashley Lunkenheimer,Larry Arata,Margo Davidson,Shelly Chauncey,Thaddeus Kirkland,Dan Muroff,David Wertime,2,24
Rich Lazer,137,0,0,0,0,0,0,0,0,0,0,0,0,3,24
Molly Sheehan,,15,0,0,0,0,0,0,0,0,0,0,0,4,24
Theresa M Wright,,,9,0,0,0,0,0,0,0,0,0,0,5,24
Greg Vitali,,,,7,0,0,0,0,0,0,0,0,0,6,24
Lindy Li,,,,,7,0,0,0,0,0,0,0,0,7,24
Mary Gay Scanlon,,,,,,7,0,0,0,0,0,0,0,8,24
Ashley Lunkenheimer,,,,,,,5,0,0,0,0,0,0,9,24
Larry Arata,,,,,,,,1,0,0,0,0,0,10,24
Margo Davidson,,,,,,,,,1,0,0,0,0,11,24
Shelly Chauncey,,,,,,,,,,1,0,0,0,12,24
Thaddeus Kirkland,,,,,,,,,,,1,0,0,13,24
Dan Muroff,,,,,,,,,,,,0,0,14,24
David Wertime,,,,,,,,,,,,,0,15,24
Total,137,15,9,7,7,7,5,1,1,1,1,0,0,16,24
,Representative In Congress 5th District - Democrat,,,,,,,,,,,,,1,25
,Rich Lazer,Lindy Li,Mary Gay Scanlon,Molly Sheehan,Ashley Lunkenheimer,Theresa M Wright,Greg Vitali,Larry Arata,Dan Muroff,David Wertime,Margo Davidson,Shelly Chauncey,Thaddeus Kirkland,2,25
Rich Lazer,44,0,0,0,0,0,0,0,0,0,0,0,0,3,25
Lindy Li,,20,0,0,0,0,0,0,0,0,0,0,0,4,25
Mary Gay Scanlon,,,20,0,0,0,0,0,0,0,0,0,0,5,25
Molly Sheehan,,,,19,0,0,0,0,0,0,0,0,0,6,25
Ashley Lunkenheimer,,,,,5,0,0,0,0,0,0,0,0,7,25
Theresa M Wright,,,,,,5,0,0,0,0,0,0,0,8,25
Greg Vitali,,,,,,,3,0,0,0,0,0,0,9,25
Larry Arata,,,,,,,,2,0,0,0,0,0,10,25
Dan Muroff,,,,,,,,,0,0,0,0,0,11,25
David Wertime,,,,,,,,,,0,0,0,0,12,25
Margo Davidson,,,,,,,,,,,0,0,0,13,25
Shelly Chauncey,,,,,,,,,,,,0,0,14,25
Thaddeus Kirkland,,,,,,,,,,,,,0,15,25
Total,44,20,20,19,5,5,3,2,0,0,0,0,0,16,25
,Representative In Congress 5th District - Democrat,,,,,,,,,,,,,1,26
,Rich Lazer,Molly Sheehan,Mary Gay Scanlon,Lindy Li,Ashley Lunkenheimer,Larry Arata,Greg Vitali,Theresa M Wright,Dan Muroff,David Wertime,Margo Davidson,Shelly Chauncey,Thaddeus Kirkland,2,26
Rich Lazer,46,0,0,0,0,0,0,0,0,0,0,0,0,3,26
Molly Sheehan,,45,0,0,0,0,0,0,0,0,0,0,0,4,26
Mary Gay Scanlon,,,38,0,0,0,0,0,0,0,0,0,0,5,26
Lindy Li,,,,19,0,0,0,0,0,0,0,0,0,6,26
Ashley Lunkenheimer,,,,,8,0,0,0,0,0,0,0,0,7,26
Larry Arata,,,,,,8,0,0,0,0,0,0,0,8,26
Greg Vitali,,,,,,,6,0,0,0,0,0,0,9,26
Theresa M Wright,,,,,,,,2,0,0,0,0,0,10,26
Dan Muroff,,,,,,,,,0,0,0,0,0,11,26
David Wertime,,,,,,,,,,0,0,0,0,12,26
Margo Davidson,,,,,,,,,,,0,0,0,13,26
Shelly Chauncey,,,,,,,,,,,,0,0,14,26
Thaddeus Kirkland,,,,,,,,,,,,,0,15,26
Total,46,45,38,19,8,8,6,2,0,0,0,0,0,16,26
,Representative In Congress 5th District - Democrat,,,,,,,,,,,,,1,27
,Rich Lazer,Molly Sheehan,Mary Gay Scanlon,Lindy Li,Larry Arata,Ashley Lunkenheimer,Greg Vitali,Theresa M Wright,Margo Davidson,Dan Muroff,David Wertime,Shelly Chauncey,Thaddeus Kirkland,2,27
Rich Lazer,34,0,0,0,0,0,0,0,0,0,0,0,0,3,27
Molly Sheehan,,30,0,0,0,0,0,0,0,0,0,0,0,4,27
Mary Gay Scanlon,,,23,0,0,0,0,0,0,0,0,0,0,5,27
Lindy Li,,,,17,0,0,0,0,0,0,0,0,0,6,27
Larry Arata,,,,,10,0,0,0,0,0,0,0,0,7,27
Ashley Lunkenheimer,,,,,,9,0,0,0,0,0,0,0,8,27
Greg Vitali,,,,,,,6,0,0,0,0,0,0,9,27
Theresa M Wright,,,,,,,,6,0,0,0,0,0,10,27
Margo Davidson,,,,,,,,,1,0,0,0,0,11,27
Dan Muroff,,,,,,,,,,0,0,0,0,12,27
David Wertime,,,,,,,,,,,0,0,0,13,27
Shelly Chauncey,,,,,,,,,,,,0,0,14,27
Thaddeus Kirkland,,,,,,,,,,,,,0,15,27
Total,34,30,23,17,10,9,6,6,1,0,0,0,0,16,27
,Representative In Congress 5th District - Democrat,,,,,,,,,,,,,1,28
,Rich Lazer,Lindy Li,Molly Sheehan,Mary Gay Scanlon,Ashley Lunkenheimer,Larry Arata,Theresa M Wright,Greg Vitali,Thaddeus Kirkland,Dan Muroff,David Wertime,Margo Davidson,Shelly Chauncey,2,28
Rich Lazer,81,0,0,0,0,0,0,0,0,0,0,0,0,3,28
Lindy Li,,22,0,0,0,0,0,0,0,0,0,0,0,4,28
Molly Sheehan,,,11,0,0,0,0,0,0,0,0,0,0,5,28
Mary Gay Scanlon,,,,8,0,0,0,0,0,0,0,0,0,6,28
Ashley Lunkenheimer,,,,,5,0,0,0,0,0,0,0,0,7,28
Larry Arata,,,,,,4,0,0,0,0,0,0,0,8,28
Theresa M Wright,,,,,,,4,0,0,0,0,0,0,9,28
Greg Vitali,,,,,,,,3,0,0,0,0,0,10,28
Thaddeus Kirkland,,,,,,,,,1,0,0,0,0,11,28
Dan Muroff,,,,,,,,,,0,0,0,0,12,28
David Wertime,,,,,,,,,,,0,0,0,13,28
Margo Davidson,,,,,,,,,,,,0,0,14,28
Shelly Chauncey,,,,,,,,,,,,,0,15,28
Total,81,22,11,8,5,4,4,3,1,0,0,0,0,16,28
,Representative In Congress 5th District - Democrat,,,,,,,,,,,,,1,29
,Rich Lazer,Molly Sheehan,Greg Vitali,Ashley Lunkenheimer,Mary Gay Scanlon,Lindy Li,Theresa M Wright,Dan Muroff,David Wertime,Larry Arata,Margo Davidson,Shelly Chauncey,Thaddeus Kirkland,2,29
Rich Lazer,60,0,0,0,0,0,0,0,0,0,0,0,0,3,29
Molly Sheehan,,6,0,0,0,0,0,0,0,0,0,0,0,4,29
Greg Vitali,,,5,0,0,0,0,0,0,0,0,0,0,5,29
Ashley Lunkenheimer,,,,4,0,0,0,0,0,0,0,0,0,6,29
Mary Gay Scanlon,,,,,4,0,0,0,0,0,0,0,0,7,29
Lindy Li,,,,,,3,0,0,0,0,0,0,0,8,29
Theresa M Wright,,,,,,,1,0,0,0,0,0,0,9,29
Dan Muroff,,,,,,,,0,0,0,0,0,0,10,29
David Wertime,,,,,,,,,0,0,0,0,0,11,29
Larry Arata,,,,,,,,,,0,0,0,0,12,29
Margo Davidson,,,,,,,,,,,0,0,0,13,29
Shelly Chauncey,,,,,,,,,,,,0,0,14,29
Thaddeus Kirkland,,,,,,,,,,,,,0,15,29
Total,60,6,5,4,4,3,1,0,0,0,0,0,0,16,29
,Representative In Congress 5th District - Democrat,,,,,,,,,,,,,1,30
,Rich Lazer,Molly Sheehan,Lindy Li,Mary Gay Scanlon,Ashley Lunkenheimer,Greg Vitali,Margo Davidson,Larry Arata,Theresa M Wright,Dan Muroff,David Wertime,Shelly Chauncey,Thaddeus Kirkland,2,30
Rich Lazer,51,0,0,0,0,0,0,0,0,0,0,0,0,3,30
Molly Sheehan,,38,0,0,0,0,0,0,0,0,0,0,0,4,30
Lindy Li,,,25,0,0,0,0,0,0,0,0,0,0,5,30
Mary Gay Scanlon,,,,20,0,0,0,0,0,0,0,0,0,6,30
Ashley Lunkenheimer,,,,,17,0,0,0,0,0,0,0,0,7,30
Greg Vitali,,,,,,6,0,0,0,0,0,0,0,8,30
Margo Davidson,,,,,,,3,0,0,0,0,0,0,9,30
Larry Arata,,,,,,,,2,0,0,0,0,0,10,30
Theresa M Wright,,,,,,,,,2,0,0,0,0,11,30
Dan Muroff,,,,,,,,,,0,0,0,0,12,30
David Wertime,,,,,,,,,,,0,0,0,13,30
Shelly Chauncey,,,,,,,,,,,,0,0,14,30
Thaddeus Kirkland,,,,,,,,,,,,,0,15,30
Total,51,38,25,20,17,6,3,2,2,0,0,0,0,16,30
,Representative In Congress 5th District - Democrat,,,,,,,,,,,,,1,31
,Rich Lazer,Molly Sheehan,Lindy Li,Mary Gay Scanlon,Ashley Lunkenheimer,Greg Vitali,Theresa M Wright,Margo Davidson,Larry Arata,Dan Muroff,David Wertime,Shelly Chauncey,Thaddeus Kirkland,2,31
Rich Lazer,40,0,0,0,0,0,0,0,0,0,0,0,0,3,31
Molly Sheehan,,9,0,0,0,0,0,0,0,0,0,0,0,4,31
Lindy Li,,,8,0,0,0,0,0,0,0,0,0,0,5,31
Mary Gay Scanlon,,,,7,0,0,0,0,0,0,0,0,0,6,31
Ashley Lunkenheimer,,,,,4,0,0,0,0,0,0,0,0,7,31
Greg Vitali,,,,,,4,0,0,0,0,0,0,0,8,31
Theresa M Wright,,,,,,,4,0,0,0,0,0,0,9,31
Margo Davidson,,,,,,,,3,0,0,0,0,0,10,31
Larry Arata,,,,,,,,,2,0,0,0,0,11,31
Dan Muroff,,,,,,,,,,0,0,0,0,12,31
David Wertime,,,,,,,,,,,0,0,0,13,31
Shelly Chauncey,,,,,,,,,,,,0,0,14,31
Thaddeus Kirkland,,,,,,,,,,,,,0,15,31
Total,40,9,8,7,4,4,4,3,2,0,0,0,0,16,31
,Representative In Congress 5th District - Democrat,,,,,,,,,,,,,1,32
,Molly Sheehan,Lindy Li,Rich Lazer,Mary Gay Scanlon,Ashley Lunkenheimer,Greg Vitali,Larry Arata,Theresa M Wright,Dan Muroff,David Wertime,Margo Davidson,Shelly Chauncey,Thaddeus Kirkland,2,32
Molly Sheehan,23,0,0,0,0,0,0,0,0,0,0,0,0,3,32
Lindy Li,,19,0,0,0,0,0,0,0,0,0,0,0,4,32
Rich Lazer,,,12,0,0,0,0,0,0,0,0,0,0,5,32
Mary Gay Scanlon,,,,11,0,0,0,0,0,0,0,0,0,6,32
Ashley Lunkenheimer,,,,,7,0,0,0,0,0,0,0,0,7,32
Greg Vitali,,,,,,5,0,0,0,0,0,0,0,8,32
Larry Arata,,,,,,,3,0,0,0,0,0,0,9,32
Theresa M Wright,,,,,,,,1,0,0,0,0,0,10,32
Dan Muroff,,,,,,,,,0,0,0,0,0,11,32
David Wertime,,,,,,,,,,0,0,0,0,12,32
Margo Davidson,,,,,,,,,,,0,0,0,13,32
Shelly Chauncey,,,,,,,,,,,,0,0,14,32
Thaddeus Kirkland,,,,,,,,,,,,,0,15,32
Total,23,19,12,11,7,5,3,1,0,0,0,0,0,16,32
,Representative In Congress 5th District - Democrat,,,,,,,,,,,,,1,33
,Rich Lazer,Lindy Li,Molly Sheehan,Mary Gay Scanlon,Theresa M Wright,Greg Vitali,Larry Arata,Ashley Lunkenheimer,Thaddeus Kirkland,Dan Muroff,David Wertime,Margo Davidson,Shelly Chauncey,2,33
Rich Lazer,37,0,0,0,0,0,0,0,0,0,0,0,0,3,33
Lindy Li,,15,0,0,0,0,0,0,0,0,0,0,0,4,33
Molly Sheehan,,,14,0,0,0,0,0,0,0,0,0,0,5,33
Mary Gay Scanlon,,,,7,0,0,0,0,0,0,0,0,0,6,33
Theresa M Wright,,,,,6,0,0,0,0,0,0,0,0,7,33
Greg Vitali,,,,,,3,0,0,0,0,0,0,0,8,33
Larry Arata,,,,,,,2,0,0,0,0,0,0,9,33
Ashley Lunkenheimer,,,,,,,,1,0,0,0,0,0,10,33
Thaddeus Kirkland,,,,,,,,,1,0,0,0,0,11,33
Dan Muroff,,,,,,,,,,0,0,0,0,12,33
David Wertime,,,,,,,,,,,0,0,0,13,33
Margo Davidson,,,,,,,,,,,,0,0,14,33
Shelly Chauncey,,,,,,,,,,,,,0,15,33
Total,37,15,14,7,6,3,2,1,1,0,0,0,0,16,33
,Representative In Congress 5th District - Democrat,,,,,,,,,,,,,1,34
,Rich Lazer,Lindy Li,Molly Sheehan,Ashley Lunkenheimer,Mary Gay Scanlon,Theresa M Wright,Greg Vitali,Larry Arata,Margo Davidson,Dan Muroff,David Wertime,Shelly Chauncey,Thaddeus Kirkland,2,34
Rich Lazer,31,0,0,0,0,0,0,0,0,0,0,0,0,3,34
Lindy Li,,14,0,0,0,0,0,0,0,0,0,0,0,4,34
Molly Sheehan,,,14,0,0,0,0,0,0,0,0,0,0,5,34
Ashley Lunkenheimer,,,,6,0,0,0,0,0,0,0,0,0,6,34
Mary Gay Scanlon,,,,,6,0,0,0,0,0,0,0,0,7,34
Theresa M Wright,,,,,,4,0,0,0,0,0,0,0,8,34
Greg Vitali,,,,,,,3,0,0,0,0,0,0,9,34
Larry Arata,,,,,,,,2,0,0,0,0,0,10,34
Margo Davidson,,,,,,,,,1,0,0,0,0,11,34
Dan Muroff,,,,,,,,,,0,0,0,0,12,34
David Wertime,,,,,,,,,,,0,0,0,13,34
Shelly Chauncey,,,,,,,,,,,,0,0,14,34
Thaddeus Kirkland,,,,,,,,,,,,,0,15,34
Total,31,14,14,6,6,4,3,2,1,0,0,0,0,16,34
,Representative In Congress 5th District - Democrat,,,,,,,,,,,,,1,35
,Molly Sheehan,Rich Lazer,Mary Gay Scanlon,Ashley Lunkenheimer,Lindy Li,Greg Vitali,Theresa M Wright,Larry Arata,Margo Davidson,Dan Muroff,David Wertime,Shelly Chauncey,Thaddeus Kirkland,2,35
Molly Sheehan,42,0,0,0,0,0,0,0,0,0,0,0,0,3,35
Rich Lazer,,34,0,0,0,0,0,0,0,0,0,0,0,4,35
Mary Gay Scanlon,,,22,0,0,0,0,0,0,0,0,0,0,5,35
Ashley Lunkenheimer,,,,13,0,0,0,0,0,0,0,0,0,6,35
Lindy Li,,,,,13,0,0,0,0,0,0,0,0,7,35
Greg Vitali,,,,,,8,0,0,0,0,0,0,0,8,35
Theresa M Wright,,,,,,,2,0,0,0,0,0,0,9,35
Larry Arata,,,,,,,,1,0,0,0,0,0,10,35
Margo Davidson,,,,,,,,,1,0,0,0,0,11,35
Dan Muroff,,,,,,,,,,0,0,0,0,12,35
David Wertime,,,,,,,,,,,0,0,0,13,35
Shelly Chauncey,,,,,,,,,,,,0,0,14,35
Thaddeus Kirkland,,,,,,,,,,,,,0,15,35
Total,42,34,22,13,13,8,2,1,1,0,0,0,0,16,35
,Representative In Congress 5th District - Democrat,,,,,,,,,,,,,1,36
,Rich Lazer,Mary Gay Scanlon,Lindy Li,Greg Vitali,Theresa M Wright,Molly Sheehan,Ashley Lunkenheimer,Larry Arata,Dan Muroff,David Wertime,Margo Davidson,Shelly Chauncey,Thaddeus Kirkland,2,36
Rich Lazer,32,0,0,0,0,0,0,0,0,0,0,0,0,3,36
Mary Gay Scanlon,,13,0,0,0,0,0,0,0,0,0,0,0,4,36
Lindy Li,,,9,0,0,0,0,0,0,0,0,0,0,5,36
Greg Vitali,,,,8,0,0,0,0,0,0,0,0,0,6,36
Theresa M Wright,,,,,6,0,0,0,0,0,0,0,0,7,36
Molly Sheehan,,,,,,5,0,0,0,0,0,0,0,8,36
Ashley Lunkenheimer,,,,,,,3,0,0,0,0,0,0,9,36
Larry Arata,,,,,,,,1,0,0,0,0,0,10,36
Dan Muroff,,,,,,,,,0,0,0,0,0,11,36
David Wertime,,,,,,,,,,0,0,0,0,12,36
Margo Davidson,,,,,,,,,,,0,0,0,13,36
Shelly Chauncey,,,,,,,,,,,,0,0,14,36
Thaddeus Kirkland,,,,,,,,,,,,,0,15,36
Total,32,13,9,8,6,5,3,1,0,0,0,0,0,16,36
,Representative In Congress 5th District - Democrat,,,,,,,,,,,,,1,37
,Rich Lazer,Molly Sheehan,Mary Gay Scanlon,Lindy Li,Ashley Lunkenheimer,Larry Arata,Greg Vitali,Theresa M Wright,Dan Muroff,David Wertime,Margo Davidson,Shelly Chauncey,Thaddeus Kirkland,2,37
Rich Lazer,39,0,0,0,0,0,0,0,0,0,0,0,0,3,37
Molly Sheehan,,31,0,0,0,0,0,0,0,0,0,0,0,4,37
Mary Gay Scanlon,,,22,0,0,0,0,0,0,0,0,0,0,5,37
Lindy Li,,,,19,0,0,0,0,0,0,0,0,0,6,37
Ashley Lunkenheimer,,,,,11,0,0,0,0,0,0,0,0,7,37
Larry Arata,,,,,,10,0,0,0,0,0,0,0,8,37
Greg Vitali,,,,,,,9,0,0,0,0,0,0,9,37
Theresa M Wright,,,,,,,,3,0,0,0,0,0,10,37
Dan Muroff,,,,,,,,,0,0,0,0,0,11,37
David Wertime,,,,,,,,,,0,0,0,0,12,37
Margo Davidson,,,,,,,,,,,0,0,0,13,37
Shelly Chauncey,,,,,,,,,,,,0,0,14,37
Thaddeus Kirkland,,,,,,,,,,,,,0,15,37
Total,39,31,22,19,11,10,9,3,0,0,0,0,0,16,37
,Representative In Congress 5th District - Democrat,,,,,,,,,,,,,1,38
,Molly Sheehan,Rich Lazer,Mary Gay Scanlon,Lindy Li,Greg Vitali,Theresa M Wright,Ashley Lunkenheimer,Larry Arata,Margo Davidson,Dan Muroff,David Wertime,Shelly Chauncey,Thaddeus Kirkland,2,38
Molly Sheehan,41,0,0,0,0,0,0,0,0,0,0,0,0,3,38
Rich Lazer,,36,0,0,0,0,0,0,0,0,0,0,0,4,38
Mary Gay Scanlon,,,25,0,0,0,0,0,0,0,0,0,0,5,38
Lindy Li,,,,18,0,0,0,0,0,0,0,0,0,6,38
Greg Vitali,,,,,6,0,0,0,0,0,0,0,0,7,38
Theresa M Wright,,,,,,5,0,0,0,0,0,0,0,8,38
Ashley Lunkenheimer,,,,,,,3,0,0,0,0,0,0,9,38
Larry Arata,,,,,,,,2,0,0,0,0,0,10,38
Margo Davidson,,,,,,,,,1,0,0,0,0,11,38
Dan Muroff,,,,,,,,,,0,0,0,0,12,38
David Wertime,,,,,,,,,,,0,0,0,13,38
Shelly Chauncey,,,,,,,,,,,,0,0,14,38
Thaddeus Kirkland,,,,,,,,,,,,,0,15,38
Total,41,36,25,18,6,5,3,2,1,0,0,0,0,16,38
,Representative In Congress 5th District - Democrat,,,,,,,,,,,,,1,39
,Rich Lazer,Molly Sheehan,Ashley Lunkenheimer,Larry Arata,Mary Gay Scanlon,Greg Vitali,Lindy Li,Theresa M Wright,Dan Muroff,David Wertime,Margo Davidson,Shelly Chauncey,Thaddeus Kirkland,2,39
Rich Lazer,55,0,0,0,0,0,0,0,0,0,0,0,0,3,39
Molly Sheehan,,11,0,0,0,0,0,0,0,0,0,0,0,4,39
Ashley Lunkenheimer,,,6,0,0,0,0,0,0,0,0,0,0,5,39
Larry Arata,,,,6,0,0,0,0,0,0,0,0,0,6,39
Mary Gay Scanlon,,,,,6,0,0,0,0,0,0,0,0,7,39
Greg Vitali,,,,,,5,0,0,0,0,0,0,0,8,39
Lindy Li,,,,,,,4,0,0,0,0,0,0,9,39
Theresa M Wright,,,,,,,,4,0,0,0,0,0,10,39
Dan Muroff,,,,,,,,,0,0,0,0,0,11,39
David Wertime,,,,,,,,,,0,0,0,0,12,39
Margo Davidson,,,,,,,,,,,0,0,0,13,39
Shelly Chauncey,,,,,,,,,,,,0,0,14,39
Thaddeus Kirkland,,,,,,,,,,,,,0,15,39
Total,55,11,6,6,6,5,4,4,0,0,0,0,0,16,39
,Representative In Congress 5th District - Democrat,,,,,,,,,,,,,1,40
,Lindy Li,Rich Lazer,Molly Sheehan,Theresa M Wright,Greg Vitali,Mary Gay Scanlon,Ashley Lunkenheimer,Margo Davidson,Dan Muroff,David Wertime,Larry Arata,Shelly Chauncey,Thaddeus Kirkland,2,40
Lindy Li,27,0,0,0,0,0,0,0,0,0,0,0,0,3,40
Rich Lazer,,17,0,0,0,0,0,0,0,0,0,0,0,4,40
Molly Sheehan,,,8,0,0,0,0,0,0,0,0,0,0,5,40
Theresa M Wright,,,,6,0,0,0,0,0,0,0,0,0,6,40
Greg Vitali,,,,,2,0,0,0,0,0,0,0,0,7,40
Mary Gay Scanlon,,,,,,2,0,0,0,0,0,0,0,8,40
Ashley Lunkenheimer,,,,,,,1,0,0,0,0,0,0,9,40
Margo Davidson,,,,,,,,1,0,0,0,0,0,10,40
Dan Muroff,,,,,,,,,0,0,0,0,0,11,40
David Wertime,,,,,,,,,,0,0,0,0,12,40
Larry Arata,,,,,,,,,,,0,0,0,13,40
Shelly Chauncey,,,,,,,,,,,,0,0,14,40
Thaddeus Kirkland,,,,,,,,,,,,,0,15,40
Total,27,17,8,6,2,2,1,1,0,0,0,0,0,16,40
,Representative In Congress 5th District - Democrat,,,,,,,,,,,,,1,41
,Rich Lazer,Lindy Li,Molly Sheehan,Ashley Lunkenheimer,Mary Gay Scanlon,Greg Vitali,Thaddeus Kirkland,Theresa M Wright,Dan Muroff,David Wertime,Larry Arata,Margo Davidson,Shelly Chauncey,2,41
Rich Lazer,46,0,0,0,0,0,0,0,0,0,0,0,0,3,41
Lindy Li,,11,0,0,0,0,0,0,0,0,0,0,0,4,41
Molly Sheehan,,,9,0,0,0,0,0,0,0,0,0,0,5,41
Ashley Lunkenheimer,,,,6,0,0,0,0,0,0,0,0,0,6,41
Mary Gay Scanlon,,,,,6,0,0,0,0,0,0,0,0,7,41
Greg Vitali,,,,,,4,0,0,0,0,0,0,0,8,41
Thaddeus Kirkland,,,,,,,1,0,0,0,0,0,0,9,41
Theresa M Wright,,,,,,,,1,0,0,0,0,0,10,41
Dan Muroff,,,,,,,,,0,0,0,0,0,11,41
David Wertime,,,,,,,,,,0,0,0,0,12,41
Larry Arata,,,,,,,,,,,0,0,0,13,41
Margo Davidson,,,,,,,,,,,,0,0,14,41
Shelly Chauncey,,,,,,,,,,,,,0,15,41
Total,46,11,9,6,6,4,1,1,0,0,0,0,0,16,41
,Representative In Congress 5th District - Democrat,,,,,,,,,,,,,1,42
,Rich Lazer,Molly Sheehan,Mary Gay Scanlon,Ashley Lunkenheimer,Lindy Li,Larry Arata,Greg Vitali,Theresa M Wright,Dan Muroff,David Wertime,Margo Davidson,Shelly Chauncey,Thaddeus Kirkland,2,42
Rich Lazer,29,0,0,0,0,0,0,0,0,0,0,0,0,3,42
Molly Sheehan,,19,0,0,0,0,0,0,0,0,0,0,0,4,42
Mary Gay Scanlon,,,17,0,0,0,0,0,0,0,0,0,0,5,42
Ashley Lunkenheimer,,,,13,0,0,0,0,0,0,0,0,0,6,42
Lindy Li,,,,,10,0,0,0,0,0,0,0,0,7,42
Larry Arata,,,,,,6,0,0,0,0,0,0,0,8,42
Greg Vitali,,,,,,,5,0,0,0,0,0,0,9,42
Theresa M Wright,,,,,,,,4,0,0,0,0,0,10,42
Dan Muroff,,,,,,,,,0,0,0,0,0,11,42
David Wertime,,,,,,,,,,0,0,0,0,12,42
Margo Davidson,,,,,,,,,,,0,0,0,13,42
Shelly Chauncey,,,,,,,,,,,,0,0,14,42
Thaddeus Kirkland,,,,,,,,,,,,,0,15,42
Total,29,19,17,13,10,6,5,4,0,0,0,0,0,16,42
,Representative In Congress 5th District - Democrat,,,,,,,,,,,,,1,43
,Mary Gay Scanlon,Rich Lazer,Molly Sheehan,Ashley Lunkenheimer,Greg Vitali,Theresa M Wright,Larry Arata,Lindy Li,Margo Davidson,Dan Muroff,David Wertime,Shelly Chauncey,Thaddeus Kirkland,2,43
Mary Gay Scanlon,33,0,0,0,0,0,0,0,0,0,0,0,0,3,43
Rich Lazer,,29,0,0,0,0,0,0,0,0,0,0,0,4,43
Molly Sheehan,,,15,0,0,0,0,0,0,0,0,0,0,5,43
Ashley Lunkenheimer,,,,7,0,0,0,0,0,0,0,0,0,6,43
Greg Vitali,,,,,6,0,0,0,0,0,0,0,0,7,43
Theresa M Wright,,,,,,4,0,0,0,0,0,0,0,8,43
Larry Arata,,,,,,,3,0,0,0,0,0,0,9,43
Lindy Li,,,,,,,,2,0,0,0,0,0,10,43
Margo Davidson,,,,,,,,,1,0,0,0,0,11,43
Dan Muroff,,,,,,,,,,0,0,0,0,12,43
David Wertime,,,,,,,,,,,0,0,0,13,43
Shelly Chauncey,,,,,,,,,,,,0,0,14,43
Thaddeus Kirkland,,,,,,,,,,,,,0,15,43
Total,33,29,15,7,6,4,3,2,1,0,0,0,0,16,43
,Representative In Congress 5th District - Democrat,,,,,,,,,,,,,1,44
,Rich Lazer,Lindy Li,Molly Sheehan,Ashley Lunkenheimer,Greg Vitali,Theresa M Wright,Mary Gay Scanlon,Larry Arata,Dan Muroff,David Wertime,Margo Davidson,Shelly Chauncey,Thaddeus Kirkland,2,44
Rich Lazer,34,0,0,0,0,0,0,0,0,0,0,0,0,3,44
Lindy Li,,20,0,0,0,0,0,0,0,0,0,0,0,4,44
Molly Sheehan,,,8,0,0,0,0,0,0,0,0,0,0,5,44
Ashley Lunkenheimer,,,,6,0,0,0,0,0,0,0,0,0,6,44
Greg Vitali,,,,,6,0,0,0,0,0,0,0,0,7,44
Theresa M Wright,,,,,,5,0,0,0,0,0,0,0,8,44
Mary Gay Scanlon,,,,,,,4,0,0,0,0,0,0,9,44
Larry Arata,,,,,,,,2,0,0,0,0,0,10,44
Dan Muroff,,,,,,,,,0,0,0,0,0,11,44
David Wertime,,,,,,,,,,0,0,0,0,12,44
Margo Davidson,,,,,,,,,,,0,0,0,13,44
Shelly Chauncey,,,,,,,,,,,,0,0,14,44
Thaddeus Kirkland,,,,,,,,,,,,,0,15,44
Total,34,20,8,6,6,5,4,2,0,0,0,0,0,16,44
,Representative In Congress 5th District - Democrat,,,,,,,,,,,,,1,45
,Molly Sheehan,Mary Gay Scanlon,Rich Lazer,Ashley Lunkenheimer,Lindy Li,Greg Vitali,Theresa M Wright,Larry Arata,Thaddeus Kirkland,Dan Muroff,David Wertime,Margo Davidson,Shelly Chauncey,2,45
Molly Sheehan,60,0,0,0,0,0,0,0,0,0,0,0,0,3,45
Mary Gay Scanlon,,49,0,0,0,0,0,0,0,0,0,0,0,4,45
Rich Lazer,,,39,0,0,0,0,0,0,0,0,0,0,5,45
Ashley Lunkenheimer,,,,37,0,0,0,0,0,0,0,0,0,6,45
Lindy Li,,,,,14,0,0,0,0,0,0,0,0,7,45
Greg Vitali,,,,,,12,0,0,0,0,0,0,0,8,45
Theresa M Wright,,,,,,,10,0,0,0,0,0,0,9,45
Larry Arata,,,,,,,,3,0,0,0,0,0,10,45
Thaddeus Kirkland,,,,,,,,,1,0,0,0,0,11,45
Dan Muroff,,,,,,,,,,0,0,0,0,12,45
David Wertime,,,,,,,,,,,0,0,0,13,45
Margo Davidson,,,,,,,,,,,,0,0,14,45
Shelly Chauncey,,,,,,,,,,,,,0,15,45
Total,60,49,39,37,14,12,10,3,1,0,0,0,0,16,45
,Representative In Congress 5th District - Democrat,,,,,,,,,,,,,1,46
,Rich Lazer,Molly Sheehan,Ashley Lunkenheimer,Lindy Li,Mary Gay Scanlon,Theresa M Wright,Greg Vitali,Larry Arata,Thaddeus Kirkland,Margo Davidson,Dan Muroff,David Wertime,Shelly Chauncey,2,46
Rich Lazer,77,0,0,0,0,0,0,0,0,0,0,0,0,3,46
Molly Sheehan,,45,0,0,0,0,0,0,0,0,0,0,0,4,46
Ashley Lunkenheimer,,,32,0,0,0,0,0,0,0,0,0,0,5,46
Lindy Li,,,,29,0,0,0,0,0,0,0,0,0,6,46
Mary Gay Scanlon,,,,,27,0,0,0,0,0,0,0,0,7,46
Theresa M Wright,,,,,,10,0,0,0,0,0,0,0,8,46
Greg Vitali,,,,,,,9,0,0,0,0,0,0,9,46
Larry Arata,,,,,,,,6,0,0,0,0,0,10,46
Thaddeus Kirkland,,,,,,,,,5,0,0,0,0,11,46
Margo Davidson,,,,,,,,,,1,0,0,0,12,46
Dan Muroff,,,,,,,,,,,0,0,0,13,46
David Wertime,,,,,,,,,,,,0,0,14,46
Shelly Chauncey,,,,,,,,,,,,,0,15,46
Total,77,45,32,29,27,10,9,6,5,1,0,0,0,16,46
