col_1,col_2,col_3,col_4,col_5,col_6,col_7,col_8,col_9,col_10,col_11,col_12,col_13,col_14,col_15,col_16,order,division
,Representative In Congress 3rd District - Democrat,,Member Of The - Democratic State Committee 7th Senatorial District,,,,,,,,,,,,,1,All
,Dwight Evans,Kevin Johnson,Kathryn S Huggins,Rebecca Poyourow,Liam G Boyle,Joe Khan,Lisa Rhodes,Monica Maria Djerassi,Linda Norris,Ken Washington,Dewayne Drummond,John Brady,Jacque Whaumbush,Kevin Bundy,Nat Lownes,2,All
Dwight Evans,"1,619",0,"1,030",998,813,653,663,631,627,540,514,445,420,344,187,3,All
Kevin Johnson,,487,314,326,257,226,202,219,188,146,144,176,161,125,82,4,All
Kathryn S Huggins,,,21,928,719,499,710,715,673,571,564,348,382,372,206,5,All
Rebecca Poyourow,,,,6,724,677,683,704,659,428,410,441,474,255,182,6,All
Liam G Boyle,,,,,16,479,407,402,406,458,397,421,311,327,134,7,All
Joe Khan,,,,,,5,356,386,322,225,222,392,321,181,114,8,All
Lisa Rhodes,,,,,,,0,553,650,291,324,233,348,168,136,9,All
Monica Maria Djerassi,,,,,,,,0,518,273,281,234,334,191,143,10,All
Linda Norris,,,,,,,,,1,295,290,217,308,146,124,11,All
Ken Washington,,,,,,,,,,1,436,182,146,254,122,12,All
Dewayne Drummond,,,,,,,,,,,0,159,144,257,130,13,All
John Brady,,,,,,,,,,,,5,256,180,93,14,All
Jacque Whaumbush,,,,,,,,,,,,,0,101,85,15,All
Kevin Bundy,,,,,,,,,,,,,,3,101,16,All
Nat Lownes,,,,,,,,,,,,,,,0,17,All
Total,"3,205","1,009","1,408","1,382","1,125",926,892,877,845,709,671,650,603,487,280,18,All
,Representative In Congress 3rd District - Democrat,,Member Of The - Democratic State Committee 7th Senatorial District,,,,,,,,,,,,,1,1
,Dwight Evans,Kevin Johnson,Kathryn S Huggins,Rebecca Poyourow,Monica Maria Djerassi,Lisa Rhodes,Linda Norris,Liam G Boyle,Joe Khan,Jacque Whaumbush,Ken Washington,Dewayne Drummond,John Brady,Kevin Bundy,Nat Lownes,2,1
Dwight Evans,10,0,33,36,31,32,29,19,20,17,13,8,9,6,7,3,1
Kevin Johnson,,6,18,13,15,9,7,10,9,8,7,7,4,5,1,4,1
Kathryn S Huggins,,,2,41,41,36,32,24,23,19,19,12,8,9,7,5,1
Rebecca Poyourow,,,,0,37,33,31,20,19,20,15,11,7,6,5,6,1
Monica Maria Djerassi,,,,,0,34,31,18,18,19,17,12,7,9,7,7,1
Lisa Rhodes,,,,,,0,33,15,16,17,11,8,9,7,8,8,1
Linda Norris,,,,,,,0,17,13,13,11,6,6,4,7,9,1
Liam G Boyle,,,,,,,,1,15,9,9,6,8,7,2,10,1
Joe Khan,,,,,,,,,0,13,5,6,8,6,2,11,1
Jacque Whaumbush,,,,,,,,,,0,10,7,6,2,3,12,1
Ken Washington,,,,,,,,,,,0,7,5,3,1,13,1
Dewayne Drummond,,,,,,,,,,,,0,2,4,3,14,1
John Brady,,,,,,,,,,,,,0,5,0,15,1
Kevin Bundy,,,,,,,,,,,,,,0,0,16,1
Nat Lownes,,,,,,,,,,,,,,,0,17,1
Total,57,26,55,50,46,42,37,31,30,25,20,15,13,11,8,18,1
,Member Of The - Democratic State Committee 7th Senatorial District,,,,,,,,,,,,,Representative In Congress 3rd District - Democrat,,1,2
,Kathryn S Huggins,Rebecca Poyourow,Liam G Boyle,Monica Maria Djerassi,Dewayne Drummond,Linda Norris,Lisa Rhodes,Ken Washington,Joe Khan,Jacque Whaumbush,Kevin Bundy,John Brady,Nat Lownes,Dwight Evans,Kevin Johnson,2,2
Kathryn S Huggins,0,45,37,40,34,35,28,25,20,16,16,10,13,39,23,3,2
Rebecca Poyourow,,0,33,38,27,30,26,21,20,19,12,11,13,35,19,4,2
Liam G Boyle,,,0,27,26,21,17,20,14,10,16,10,6,27,18,5,2
Monica Maria Djerassi,,,,0,23,28,23,15,14,13,9,6,9,27,15,6,2
Dewayne Drummond,,,,,0,19,16,25,13,4,14,5,9,22,14,7,2
Linda Norris,,,,,,0,27,14,9,15,6,6,7,22,14,8,2
Lisa Rhodes,,,,,,,0,14,6,11,7,4,3,21,9,9,2
Ken Washington,,,,,,,,0,7,4,10,2,8,17,12,10,2
Joe Khan,,,,,,,,,0,7,9,9,3,17,9,11,2
Jacque Whaumbush,,,,,,,,,,0,2,4,6,11,9,12,2
Kevin Bundy,,,,,,,,,,,0,7,2,11,8,13,2
John Brady,,,,,,,,,,,,0,3,11,6,14,2
Nat Lownes,,,,,,,,,,,,,0,7,8,15,2
Dwight Evans,,,,,,,,,,,,,,7,0,16,2
Kevin Johnson,,,,,,,,,,,,,,,2,17,2
Total,64,55,47,43,38,38,32,30,26,20,20,17,15,55,33,18,2
,Representative In Congress 3rd District - Democrat,,Member Of The - Democratic State Committee 7th Senatorial District,,,,,,,,,,,,,1,3
,Dwight Evans,Kevin Johnson,Dewayne Drummond,Jacque Whaumbush,Joe Khan,John Brady,Kathryn S Huggins,Ken Washington,Kevin Bundy,Liam G Boyle,Linda Norris,Lisa Rhodes,Monica Maria Djerassi,Nat Lownes,Rebecca Poyourow,2,3
Dwight Evans,79,0,0,0,0,0,0,0,0,0,0,0,0,0,0,3,3
Kevin Johnson,,9,0,0,0,0,0,0,0,0,0,0,0,0,0,4,3
Dewayne Drummond,,,0,0,0,0,0,0,0,0,0,0,0,0,0,5,3
Jacque Whaumbush,,,,0,0,0,0,0,0,0,0,0,0,0,0,6,3
Joe Khan,,,,,0,0,0,0,0,0,0,0,0,0,0,7,3
John Brady,,,,,,0,0,0,0,0,0,0,0,0,0,8,3
Kathryn S Huggins,,,,,,,0,0,0,0,0,0,0,0,0,9,3
Ken Washington,,,,,,,,0,0,0,0,0,0,0,0,10,3
Kevin Bundy,,,,,,,,,0,0,0,0,0,0,0,11,3
Liam G Boyle,,,,,,,,,,0,0,0,0,0,0,12,3
Linda Norris,,,,,,,,,,,0,0,0,0,0,13,3
Lisa Rhodes,,,,,,,,,,,,0,0,0,0,14,3
Monica Maria Djerassi,,,,,,,,,,,,,0,0,0,15,3
Nat Lownes,,,,,,,,,,,,,,0,0,16,3
Rebecca Poyourow,,,,,,,,,,,,,,,0,17,3
Total,79,9,0,0,0,0,0,0,0,0,0,0,0,0,0,18,3
,Representative In Congress 3rd District - Democrat,,Member Of The - Democratic State Committee 7th Senatorial District,,,,,,,,,,,,,1,4
,Dwight Evans,Kevin Johnson,Kathryn S Huggins,Rebecca Poyourow,Liam G Boyle,Ken Washington,Lisa Rhodes,Dewayne Drummond,Monica Maria Djerassi,Joe Khan,Kevin Bundy,Linda Norris,Jacque Whaumbush,John Brady,Nat Lownes,2,4
Dwight Evans,3,0,27,23,18,14,14,15,14,10,12,11,10,7,6,3,4
Kevin Johnson,,1,3,3,2,1,1,0,1,2,2,1,1,2,1,4,4
Kathryn S Huggins,,,0,18,13,12,13,13,13,7,12,10,6,4,6,5,4
Rebecca Poyourow,,,,0,13,11,13,12,14,10,11,11,10,8,6,6,4
Liam G Boyle,,,,,0,9,6,8,5,8,9,7,5,7,4,7,4
Ken Washington,,,,,,0,4,7,5,7,8,6,3,3,4,8,4
Lisa Rhodes,,,,,,,0,9,10,3,4,9,7,5,1,9,4
Dewayne Drummond,,,,,,,,0,9,1,7,6,6,3,3,10,4
Monica Maria Djerassi,,,,,,,,,0,4,6,8,5,3,3,11,4
Joe Khan,,,,,,,,,,0,5,4,3,3,2,12,4
Kevin Bundy,,,,,,,,,,,0,1,5,5,4,13,4
Linda Norris,,,,,,,,,,,,0,4,3,1,14,4
Jacque Whaumbush,,,,,,,,,,,,,0,5,1,15,4
John Brady,,,,,,,,,,,,,,0,1,16,4
Nat Lownes,,,,,,,,,,,,,,,0,17,4
Total,40,6,31,27,20,16,16,15,15,14,14,13,11,9,7,18,4
,Representative In Congress 3rd District - Democrat,,Member Of The - Democratic State Committee 7th Senatorial District,,,,,,,,,,,,,1,5
,Dwight Evans,Kevin Johnson,Kathryn S Huggins,Rebecca Poyourow,Liam G Boyle,Monica Maria Djerassi,Lisa Rhodes,Linda Norris,Jacque Whaumbush,Dewayne Drummond,Joe Khan,John Brady,Ken Washington,Kevin Bundy,Nat Lownes,2,5
Dwight Evans,15,0,46,35,34,30,27,27,24,27,22,21,24,16,8,3,5
Kevin Johnson,,4,13,12,10,11,11,10,10,7,9,10,4,3,4,4,5
Kathryn S Huggins,,,1,39,31,31,28,25,21,23,18,17,20,17,9,5,5
Rebecca Poyourow,,,,0,31,31,29,25,26,14,20,19,15,10,10,6,5
Liam G Boyle,,,,,0,19,20,20,19,17,18,22,18,14,5,7,5
Monica Maria Djerassi,,,,,,0,24,25,18,13,15,13,12,10,5,8,5
Lisa Rhodes,,,,,,,0,29,26,13,9,12,11,6,6,9,5
Linda Norris,,,,,,,,0,21,11,14,12,9,5,6,10,5
Jacque Whaumbush,,,,,,,,,0,9,13,13,8,6,6,11,5
Dewayne Drummond,,,,,,,,,,0,10,8,17,14,6,12,5
Joe Khan,,,,,,,,,,,0,16,8,7,5,13,5
John Brady,,,,,,,,,,,,0,7,4,5,14,5
Ken Washington,,,,,,,,,,,,,0,12,6,15,5
Kevin Bundy,,,,,,,,,,,,,,0,6,16,5
Nat Lownes,,,,,,,,,,,,,,,0,17,5
Total,85,29,64,51,48,43,39,37,35,34,34,34,30,21,14,18,5
,Representative In Congress 3rd District - Democrat,,Member Of The - Democratic State Committee 7th Senatorial District,,,,,,,,,,,,,1,6
,Dwight Evans,Kevin Johnson,Kathryn S Huggins,Rebecca Poyourow,Lisa Rhodes,Monica Maria Djerassi,Joe Khan,Linda Norris,Liam G Boyle,Ken Washington,Dewayne Drummond,Jacque Whaumbush,Kevin Bundy,John Brady,Nat Lownes,2,6
Dwight Evans,6,0,20,18,16,14,15,15,9,11,9,10,7,5,3,3,6
Kevin Johnson,,6,13,12,9,10,7,6,8,6,7,5,4,3,4,4,6
Kathryn S Huggins,,,0,23,20,21,16,17,11,14,13,11,9,3,5,5,6
Rebecca Poyourow,,,,0,22,21,20,19,13,9,9,14,5,9,5,6,6
Lisa Rhodes,,,,,0,19,15,19,6,8,11,11,5,3,4,7,6
Monica Maria Djerassi,,,,,,0,15,16,6,10,8,8,3,1,6,8,6
Joe Khan,,,,,,,0,13,10,8,7,8,3,7,4,9,6
Linda Norris,,,,,,,,0,5,7,6,10,3,1,2,10,6
Liam G Boyle,,,,,,,,,0,8,6,5,6,7,2,11,6
Ken Washington,,,,,,,,,,0,9,3,7,0,3,12,6
Dewayne Drummond,,,,,,,,,,,0,5,6,2,2,13,6
Jacque Whaumbush,,,,,,,,,,,,0,2,5,3,14,6
Kevin Bundy,,,,,,,,,,,,,0,1,2,15,6
John Brady,,,,,,,,,,,,,,0,1,16,6
Nat Lownes,,,,,,,,,,,,,,,0,17,6
Total,34,21,33,31,25,24,23,21,18,17,16,16,11,9,7,18,6
,Representative In Congress 3rd District - Democrat,,Member Of The - Democratic State Committee 7th Senatorial District,,,,,,,,,,,,,1,7
,Dwight Evans,Kevin Johnson,Kathryn S Huggins,Rebecca Poyourow,Linda Norris,Monica Maria Djerassi,Liam G Boyle,Joe Khan,Lisa Rhodes,John Brady,Ken Washington,Dewayne Drummond,Jacque Whaumbush,Kevin Bundy,Nat Lownes,2,7
Dwight Evans,8,0,32,32,23,22,18,17,18,15,12,10,13,6,6,3,7
Kevin Johnson,,3,11,9,8,6,7,5,4,3,6,5,2,4,1,4,7
Kathryn S Huggins,,,1,33,24,24,20,15,19,11,14,13,8,8,4,5,7
Rebecca Poyourow,,,,1,26,25,19,16,21,15,14,13,13,7,6,6,7
Linda Norris,,,,,0,18,14,13,18,12,12,9,10,6,7,7,7
Monica Maria Djerassi,,,,,,0,11,12,13,10,9,10,9,5,4,8,7
Liam G Boyle,,,,,,,0,11,9,9,14,9,7,6,2,9,7
Joe Khan,,,,,,,,0,10,12,6,4,7,4,4,10,7
Lisa Rhodes,,,,,,,,,0,6,7,5,7,2,5,11,7
John Brady,,,,,,,,,,0,6,4,6,4,2,12,7
Ken Washington,,,,,,,,,,,0,11,5,6,1,13,7
Dewayne Drummond,,,,,,,,,,,,0,2,7,1,14,7
Jacque Whaumbush,,,,,,,,,,,,,0,1,4,15,7
Kevin Bundy,,,,,,,,,,,,,,0,2,16,7
Nat Lownes,,,,,,,,,,,,,,,0,17,7
Total,52,17,44,42,31,28,25,22,22,18,18,15,15,10,7,18,7
,Representative In Congress 3rd District - Democrat,,Member Of The - Democratic State Committee 7th Senatorial District,,,,,,,,,,,,,1,8
,Dwight Evans,Kevin Johnson,Kathryn S Huggins,Rebecca Poyourow,Liam G Boyle,Joe Khan,Monica Maria Djerassi,Dewayne Drummond,Lisa Rhodes,Ken Washington,Linda Norris,Kevin Bundy,Jacque Whaumbush,John Brady,Nat Lownes,2,8
Dwight Evans,4,0,20,17,15,13,11,12,10,9,9,10,8,7,5,3,8
Kevin Johnson,,2,7,9,6,6,5,3,5,4,4,2,3,4,1,4,8
Kathryn S Huggins,,,0,19,15,10,14,13,12,13,11,11,7,6,5,5,8
Rebecca Poyourow,,,,0,13,14,15,8,11,9,10,7,8,8,5,6,8
Liam G Boyle,,,,,1,11,6,11,5,11,5,9,5,6,2,7,8
Joe Khan,,,,,,0,5,7,5,7,3,6,4,9,2,8,8
Monica Maria Djerassi,,,,,,,0,5,10,7,10,3,5,4,4,9,8
Dewayne Drummond,,,,,,,,0,4,8,3,10,3,4,5,10,8
Lisa Rhodes,,,,,,,,,0,2,11,4,8,3,2,11,8
Ken Washington,,,,,,,,,,0,3,6,1,4,1,12,8
Linda Norris,,,,,,,,,,,0,2,7,3,2,13,8
Kevin Bundy,,,,,,,,,,,,0,3,3,2,14,8
Jacque Whaumbush,,,,,,,,,,,,,0,5,2,15,8
John Brady,,,,,,,,,,,,,,0,1,16,8
Nat Lownes,,,,,,,,,,,,,,,0,17,8
Total,33,14,27,26,22,19,16,15,15,13,13,12,11,11,6,18,8
,Representative In Congress 3rd District - Democrat,,Member Of The - Democratic State Committee 7th Senatorial District,,,,,,,,,,,,,1,9
,Dwight Evans,Kevin Johnson,Rebecca Poyourow,Kathryn S Huggins,Joe Khan,Monica Maria Djerassi,Liam G Boyle,Lisa Rhodes,John Brady,Linda Norris,Dewayne Drummond,Jacque Whaumbush,Kevin Bundy,Ken Washington,Nat Lownes,2,9
Dwight Evans,7,0,33,25,26,17,22,16,13,13,12,8,6,6,5,3,9
Kevin Johnson,,4,12,12,13,10,4,9,10,8,6,9,5,4,3,4,9
Rebecca Poyourow,,,0,26,26,23,16,21,15,15,13,14,6,8,5,5,9
Kathryn S Huggins,,,,4,20,23,13,19,15,18,12,14,9,7,6,6,9
Joe Khan,,,,,0,14,14,15,17,13,8,11,6,7,7,7,9
Monica Maria Djerassi,,,,,,0,9,18,9,13,14,9,4,6,3,8,9
Liam G Boyle,,,,,,,0,8,10,5,8,6,4,4,3,9,9
Lisa Rhodes,,,,,,,,0,10,15,9,12,5,3,1,10,9
John Brady,,,,,,,,,0,10,7,7,8,5,6,11,9
Linda Norris,,,,,,,,,,1,8,10,5,4,5,12,9
Dewayne Drummond,,,,,,,,,,,0,3,6,5,3,13,9
Jacque Whaumbush,,,,,,,,,,,,0,2,1,2,14,9
Kevin Bundy,,,,,,,,,,,,,0,2,5,15,9
Ken Washington,,,,,,,,,,,,,,0,1,16,9
Nat Lownes,,,,,,,,,,,,,,,0,17,9
Total,57,25,45,41,39,27,26,25,23,22,18,17,11,10,8,18,9
,Representative In Congress 3rd District - Democrat,,Member Of The - Democratic State Committee 7th Senatorial District,,,,,,,,,,,,,1,10
,Dwight Evans,Kevin Johnson,Kathryn S Huggins,Liam G Boyle,Rebecca Poyourow,Joe Khan,Ken Washington,Dewayne Drummond,Lisa Rhodes,John Brady,Kevin Bundy,Monica Maria Djerassi,Linda Norris,Jacque Whaumbush,Nat Lownes,2,10
Dwight Evans,1,0,26,28,27,27,20,19,18,15,16,16,15,10,8,3,10
Kevin Johnson,,2,10,8,10,8,6,6,6,7,6,6,5,2,4,4,10
Kathryn S Huggins,,,1,25,22,18,23,21,13,12,18,13,12,4,8,5,10
Liam G Boyle,,,,0,22,20,23,18,15,13,17,10,11,6,7,6,10
Rebecca Poyourow,,,,,0,26,17,15,19,14,9,17,17,11,7,7,10
Joe Khan,,,,,,0,12,11,19,18,11,18,12,10,7,8,10
Ken Washington,,,,,,,0,19,8,7,15,5,7,4,5,9,10
Dewayne Drummond,,,,,,,,0,9,5,16,8,8,2,7,10,10
Lisa Rhodes,,,,,,,,,0,7,4,16,16,5,5,11,10
John Brady,,,,,,,,,,1,8,7,6,6,5,12,10
Kevin Bundy,,,,,,,,,,,0,6,4,0,9,13,10
Monica Maria Djerassi,,,,,,,,,,,,0,13,6,5,14,10
Linda Norris,,,,,,,,,,,,,0,5,6,15,10
Jacque Whaumbush,,,,,,,,,,,,,,0,1,16,10
Nat Lownes,,,,,,,,,,,,,,,0,17,10
Total,44,16,38,37,37,35,27,26,24,23,23,22,20,12,12,18,10
,Representative In Congress 3rd District - Democrat,,Member Of The - Democratic State Committee 7th Senatorial District,,,,,,,,,,,,,1,11
,Dwight Evans,Kevin Johnson,Kathryn S Huggins,Rebecca Poyourow,Liam G Boyle,Ken Washington,Lisa Rhodes,Dewayne Drummond,Monica Maria Djerassi,Kevin Bundy,Joe Khan,Linda Norris,John Brady,Nat Lownes,Jacque Whaumbush,2,11
Dwight Evans,16,0,31,20,25,25,20,19,17,16,13,15,14,10,8,3,11
Kevin Johnson,,2,15,12,5,6,12,8,10,8,8,7,4,4,6,4,11
Kathryn S Huggins,,,0,23,20,24,22,23,21,20,9,16,11,10,10,5,11
Rebecca Poyourow,,,,0,13,13,20,10,21,7,14,14,6,8,7,6,11
Liam G Boyle,,,,,1,21,10,20,8,15,7,8,10,8,2,7,11
Ken Washington,,,,,,0,13,23,11,16,7,10,10,6,7,8,11
Lisa Rhodes,,,,,,,0,13,19,10,12,18,12,11,9,9,11
Dewayne Drummond,,,,,,,,0,8,14,7,9,8,9,3,10,11
Monica Maria Djerassi,,,,,,,,,0,8,13,15,7,7,11,11,11
Kevin Bundy,,,,,,,,,,0,6,5,9,7,4,12,11
Joe Khan,,,,,,,,,,,1,9,6,6,8,13,11
Linda Norris,,,,,,,,,,,,0,7,4,7,14,11
John Brady,,,,,,,,,,,,,0,6,4,15,11
Nat Lownes,,,,,,,,,,,,,,0,3,16,11
Jacque Whaumbush,,,,,,,,,,,,,,,0,17,11
Total,68,23,49,35,34,33,33,29,28,26,24,23,19,15,14,18,11
,Representative In Congress 3rd District - Democrat,,Member Of The - Democratic State Committee 7th Senatorial District,,,,,,,,,,,,,1,12
,Dwight Evans,Kevin Johnson,Rebecca Poyourow,Kathryn S Huggins,Lisa Rhodes,Joe Khan,Monica Maria Djerassi,Linda Norris,Liam G Boyle,Dewayne Drummond,Jacque Whaumbush,John Brady,Ken Washington,Kevin Bundy,Nat Lownes,2,12
Dwight Evans,3,0,37,34,27,24,24,24,19,14,17,16,13,9,9,3,12
Kevin Johnson,,5,11,10,8,10,8,7,9,9,5,7,8,5,4,4,12
Rebecca Poyourow,,,0,34,28,24,29,26,21,14,22,15,12,7,6,5,12
Kathryn S Huggins,,,,0,29,18,29,26,17,19,12,12,18,10,10,6,12
Lisa Rhodes,,,,,0,15,27,27,9,15,10,11,13,8,10,7,12
Joe Khan,,,,,,0,12,12,12,7,14,18,9,4,7,8,12
Monica Maria Djerassi,,,,,,,0,22,9,13,10,6,10,7,6,9,12
Linda Norris,,,,,,,,0,8,13,11,7,11,3,8,10,12
Liam G Boyle,,,,,,,,,2,11,12,14,11,8,5,11,12
Dewayne Drummond,,,,,,,,,,0,5,6,16,10,8,12,12
Jacque Whaumbush,,,,,,,,,,,0,9,4,2,3,13,12
John Brady,,,,,,,,,,,,0,7,6,8,14,12
Ken Washington,,,,,,,,,,,,,0,6,6,15,12
Kevin Bundy,,,,,,,,,,,,,,0,4,16,12
Nat Lownes,,,,,,,,,,,,,,,0,17,12
Total,54,23,49,47,36,34,33,32,31,24,23,23,22,15,14,18,12
,Representative In Congress 3rd District - Democrat,,Member Of The - Democratic State Committee 7th Senatorial District,,,,,,,,,,,,,1,13
,Dwight Evans,Kevin Johnson,Rebecca Poyourow,Joe Khan,Kathryn S Huggins,Monica Maria Djerassi,Liam G Boyle,John Brady,Lisa Rhodes,Linda Norris,Ken Washington,Dewayne Drummond,Jacque Whaumbush,Kevin Bundy,Nat Lownes,2,13
Dwight Evans,2,0,38,33,32,24,24,23,19,16,15,15,12,12,10,3,13
Kevin Johnson,,2,8,6,7,9,6,4,5,7,3,2,2,3,1,4,13
Rebecca Poyourow,,,0,33,32,29,26,19,19,19,13,14,13,10,8,5,13
Joe Khan,,,,1,26,22,17,14,16,12,9,6,11,6,7,6,13
Kathryn S Huggins,,,,,0,28,20,10,21,18,14,15,10,12,9,7,13
Monica Maria Djerassi,,,,,,0,15,11,24,20,9,9,11,5,9,8,13
Liam G Boyle,,,,,,,0,16,7,8,15,12,7,13,6,9,13
John Brady,,,,,,,,1,6,6,7,5,7,7,3,10,13
Lisa Rhodes,,,,,,,,,0,21,4,7,7,3,5,11,13
Linda Norris,,,,,,,,,,0,4,7,6,4,3,12,13
Ken Washington,,,,,,,,,,,0,11,3,10,7,13,13
Dewayne Drummond,,,,,,,,,,,,0,3,8,3,14,13
Jacque Whaumbush,,,,,,,,,,,,,0,1,3,15,13
Kevin Bundy,,,,,,,,,,,,,,0,3,16,13
Nat Lownes,,,,,,,,,,,,,,,0,17,13
Total,56,14,48,42,40,35,31,29,26,24,18,17,15,15,11,18,13
,Representative In Congress 3rd District - Democrat,,Member Of The - Democratic State Committee 7th Senatorial District,,,,,,,,,,,,,1,14
,Dwight Evans,Kevin Johnson,Kathryn S Huggins,Rebecca Poyourow,Ken Washington,Linda Norris,Lisa Rhodes,Liam G Boyle,Monica Maria Djerassi,Dewayne Drummond,Joe Khan,Kevin Bundy,Jacque Whaumbush,John Brady,Nat Lownes,2,14
Dwight Evans,5,0,67,49,52,42,45,44,35,42,26,28,22,22,11,3,14
Kevin Johnson,,3,20,23,11,15,12,10,13,8,12,8,11,11,5,4,14
Kathryn S Huggins,,,1,53,49,50,48,36,43,41,17,27,26,24,11,5,14
Rebecca Poyourow,,,,0,32,41,39,37,37,26,28,17,23,22,12,6,14
Ken Washington,,,,,0,30,27,29,18,36,12,25,16,18,7,7,14
Linda Norris,,,,,,0,48,21,35,28,10,17,25,11,8,8,14
Lisa Rhodes,,,,,,,0,21,35,27,13,16,21,10,8,9,14
Liam G Boyle,,,,,,,,4,21,24,17,19,12,18,6,10,14
Monica Maria Djerassi,,,,,,,,,0,17,18,14,20,14,7,11,14
Dewayne Drummond,,,,,,,,,,0,12,17,17,9,6,12,14
Joe Khan,,,,,,,,,,,1,8,8,16,5,13,14
Kevin Bundy,,,,,,,,,,,,1,12,16,6,14,14
Jacque Whaumbush,,,,,,,,,,,,,0,12,4,15,14
John Brady,,,,,,,,,,,,,,0,7,16,14
Nat Lownes,,,,,,,,,,,,,,,0,17,14
Total,108,33,92,75,65,60,60,59,52,51,41,37,35,33,17,18,14
,Representative In Congress 3rd District - Democrat,,Member Of The - Democratic State Committee 7th Senatorial District,,,,,,,,,,,,,1,15
,Dwight Evans,Kevin Johnson,Rebecca Poyourow,Kathryn S Huggins,Liam G Boyle,Linda Norris,Lisa Rhodes,Joe Khan,Monica Maria Djerassi,John Brady,Ken Washington,Dewayne Drummond,Jacque Whaumbush,Kevin Bundy,Nat Lownes,2,15
Dwight Evans,6,0,47,44,36,32,30,27,27,21,25,22,12,11,6,3,15
Kevin Johnson,,1,13,12,15,7,8,12,8,7,3,3,12,2,5,4,15
Rebecca Poyourow,,,0,44,35,36,36,29,31,24,17,14,23,6,7,5,15
Kathryn S Huggins,,,,2,31,37,36,22,32,16,25,22,17,11,9,6,15
Liam G Boyle,,,,,0,21,20,22,17,22,16,12,17,11,5,7,15
Linda Norris,,,,,,0,36,15,28,7,16,15,11,6,8,8,15
Lisa Rhodes,,,,,,,0,15,28,7,13,15,12,6,7,9,15
Joe Khan,,,,,,,,0,13,20,8,12,13,4,5,10,15
Monica Maria Djerassi,,,,,,,,,0,9,13,10,13,6,6,11,15
John Brady,,,,,,,,,,0,7,7,13,6,3,12,15
Ken Washington,,,,,,,,,,,0,16,4,8,4,13,15
Dewayne Drummond,,,,,,,,,,,,0,3,7,4,14,15
Jacque Whaumbush,,,,,,,,,,,,,0,1,4,15,15
Kevin Bundy,,,,,,,,,,,,,,0,3,16,15
Nat Lownes,,,,,,,,,,,,,,,0,17,15
Total,71,25,63,60,52,41,40,39,37,30,28,25,25,13,11,18,15
,Representative In Congress 3rd District - Democrat,,Member Of The - Democratic State Committee 7th Senatorial District,,,,,,,,,,,,,1,16
,Dwight Evans,Kevin Johnson,Liam G Boyle,Kathryn S Huggins,Rebecca Poyourow,Lisa Rhodes,Monica Maria Djerassi,Linda Norris,Ken Washington,Dewayne Drummond,Jacque Whaumbush,Joe Khan,Kevin Bundy,John Brady,Nat Lownes,2,16
Dwight Evans,4,0,26,22,23,16,15,14,15,14,6,10,7,7,4,3,16
Kevin Johnson,,3,6,7,6,5,5,5,2,2,4,0,3,2,1,4,16
Liam G Boyle,,,1,22,23,15,13,14,15,14,8,7,8,9,4,5,16
Kathryn S Huggins,,,,0,23,18,16,17,16,15,5,6,8,4,4,6,16
Rebecca Poyourow,,,,,0,21,17,18,13,12,9,8,7,7,5,7,16
Lisa Rhodes,,,,,,0,13,16,10,10,6,5,3,3,1,8,16
Monica Maria Djerassi,,,,,,,0,11,5,4,6,8,4,5,3,9,16
Linda Norris,,,,,,,,0,8,7,4,3,3,3,1,10,16
Ken Washington,,,,,,,,,0,15,2,1,6,2,4,11,16
Dewayne Drummond,,,,,,,,,,0,2,2,5,2,3,12,16
Jacque Whaumbush,,,,,,,,,,,0,3,2,5,1,13,16
Joe Khan,,,,,,,,,,,,0,1,5,1,14,16
Kevin Bundy,,,,,,,,,,,,,0,3,3,15,16
John Brady,,,,,,,,,,,,,,0,0,16,16
Nat Lownes,,,,,,,,,,,,,,,0,17,16
Total,36,12,33,29,29,21,20,19,17,16,10,10,10,9,5,18,16
,Representative In Congress 3rd District - Democrat,,Member Of The - Democratic State Committee 7th Senatorial District,,,,,,,,,,,,,1,17
,Dwight Evans,Kevin Johnson,Liam G Boyle,Kathryn S Huggins,Rebecca Poyourow,Lisa Rhodes,Linda Norris,Joe Khan,Ken Washington,John Brady,Monica Maria Djerassi,Dewayne Drummond,Jacque Whaumbush,Kevin Bundy,Nat Lownes,2,17
Dwight Evans,3,0,46,40,34,24,24,24,19,15,17,15,15,13,7,3,17
Kevin Johnson,,0,16,16,14,11,9,9,8,9,5,8,5,7,4,4,17
Liam G Boyle,,,1,43,34,26,26,27,23,17,13,22,13,17,10,5,17
Kathryn S Huggins,,,,0,38,33,32,20,25,13,22,24,16,14,9,6,17
Rebecca Poyourow,,,,,0,31,29,24,17,15,19,12,15,9,6,7,17
Lisa Rhodes,,,,,,0,30,15,14,10,15,11,13,6,3,8,17
Linda Norris,,,,,,,0,16,15,10,12,10,11,5,2,9,17
Joe Khan,,,,,,,,0,7,14,8,6,10,8,3,10,17
Ken Washington,,,,,,,,,0,6,8,19,5,9,5,11,17
John Brady,,,,,,,,,,1,7,6,9,7,6,12,17
Monica Maria Djerassi,,,,,,,,,,,0,6,13,6,4,13,17
Dewayne Drummond,,,,,,,,,,,,0,3,8,5,14,17
Jacque Whaumbush,,,,,,,,,,,,,0,4,3,15,17
Kevin Bundy,,,,,,,,,,,,,,0,6,16,17
Nat Lownes,,,,,,,,,,,,,,,0,17,17
Total,66,24,65,61,51,37,36,33,28,27,25,24,22,20,11,18,17
,Representative In Congress 3rd District - Democrat,,Member Of The - Democratic State Committee 7th Senatorial District,,,,,,,,,,,,,1,18
,Dwight Evans,Kevin Johnson,Rebecca Poyourow,Liam G Boyle,Kathryn S Huggins,Joe Khan,Monica Maria Djerassi,Linda Norris,Lisa Rhodes,Ken Washington,Dewayne Drummond,Jacque Whaumbush,John Brady,Kevin Bundy,Nat Lownes,2,18
Dwight Evans,6,0,43,44,38,26,22,23,22,19,16,14,15,12,6,3,18
Kevin Johnson,,4,10,8,7,8,7,5,6,1,3,3,4,0,2,4,18
Rebecca Poyourow,,,0,40,38,32,28,25,26,18,17,17,15,7,9,5,18
Liam G Boyle,,,,0,34,27,20,19,19,20,18,12,17,11,5,6,18
Kathryn S Huggins,,,,,0,18,29,25,25,19,17,12,9,8,8,7,18
Joe Khan,,,,,,0,18,14,14,5,5,13,14,6,2,8,18
Monica Maria Djerassi,,,,,,,0,16,19,8,8,13,9,4,6,9,18
Linda Norris,,,,,,,,0,22,8,7,7,6,4,3,10,18
Lisa Rhodes,,,,,,,,,0,7,7,10,5,1,4,11,18
Ken Washington,,,,,,,,,,0,15,3,5,6,5,12,18
Dewayne Drummond,,,,,,,,,,,0,1,4,5,5,13,18
Jacque Whaumbush,,,,,,,,,,,,0,8,3,2,14,18
John Brady,,,,,,,,,,,,,0,5,0,15,18
Kevin Bundy,,,,,,,,,,,,,,0,2,16,18
Nat Lownes,,,,,,,,,,,,,,,0,17,18
Total,64,16,56,53,48,36,32,28,28,21,19,19,19,13,9,18,18
,Member Of The - Democratic State Committee 7th Senatorial District,,,,,,,,,,,,,Representative In Congress 3rd District - Democrat,,1,19
,Rebecca Poyourow,Kathryn S Huggins,Liam G Boyle,Joe Khan,Monica Maria Djerassi,Lisa Rhodes,Dewayne Drummond,Linda Norris,Jacque Whaumbush,Ken Washington,John Brady,Kevin Bundy,Nat Lownes,Dwight Evans,Kevin Johnson,2,19
Rebecca Poyourow,0,34,29,36,25,25,19,22,20,15,18,10,5,40,14,3,19
Kathryn S Huggins,,0,25,22,25,19,22,18,13,19,11,13,3,34,8,4,19
Liam G Boyle,,,0,20,13,15,16,13,10,15,11,7,1,26,9,5,19
Joe Khan,,,,0,18,16,10,11,17,7,13,8,4,24,11,6,19
Monica Maria Djerassi,,,,,0,15,11,12,13,7,8,9,3,22,6,7,19
Lisa Rhodes,,,,,,0,11,18,11,8,8,5,5,19,7,8,19
Dewayne Drummond,,,,,,,0,8,6,14,4,7,2,18,5,9,19
Linda Norris,,,,,,,,0,8,10,7,4,3,18,4,10,19
Jacque Whaumbush,,,,,,,,,0,4,12,2,2,15,7,11,19
Ken Washington,,,,,,,,,,0,3,7,0,17,3,12,19
John Brady,,,,,,,,,,,0,2,2,11,7,13,19
Kevin Bundy,,,,,,,,,,,,0,3,12,2,14,19
Nat Lownes,,,,,,,,,,,,,0,3,3,15,19
Dwight Evans,,,,,,,,,,,,,,2,0,16,19
Kevin Johnson,,,,,,,,,,,,,,,2,17,19
Total,55,42,37,36,28,27,23,23,22,21,18,14,6,48,22,18,19
,Member Of The - Democratic State Committee 7th Senatorial District,,,,,,,,,,,,,Representative In Congress 3rd District - Democrat,,1,20
,Rebecca Poyourow,Joe Khan,Kathryn S Huggins,Liam G Boyle,Lisa Rhodes,Monica Maria Djerassi,John Brady,Linda Norris,Ken Washington,Dewayne Drummond,Jacque Whaumbush,Kevin Bundy,Nat Lownes,Dwight Evans,Kevin Johnson,2,20
Rebecca Poyourow,0,43,27,21,19,17,15,14,8,9,8,8,4,37,18,3,20
Joe Khan,,0,20,17,15,13,13,10,8,8,6,7,3,30,15,4,20
Kathryn S Huggins,,,1,18,19,15,11,12,8,8,8,8,4,27,5,5,20
Liam G Boyle,,,,0,13,8,10,10,5,6,5,5,3,19,4,6,20
Lisa Rhodes,,,,,0,11,7,12,6,6,7,4,1,18,4,7,20
Monica Maria Djerassi,,,,,,0,7,7,6,7,7,3,2,17,2,8,20
John Brady,,,,,,,0,3,5,3,5,3,3,14,3,9,20
Linda Norris,,,,,,,,0,4,4,2,3,1,14,1,10,20
Ken Washington,,,,,,,,,0,5,3,0,2,13,0,11,20
Dewayne Drummond,,,,,,,,,,0,2,3,1,10,1,12,20
Jacque Whaumbush,,,,,,,,,,,0,2,2,7,3,13,20
Kevin Bundy,,,,,,,,,,,,0,0,6,4,14,20
Nat Lownes,,,,,,,,,,,,,0,3,2,15,20
Dwight Evans,,,,,,,,,,,,,,2,0,16,20
Kevin Johnson,,,,,,,,,,,,,,,1,17,20
Total,56,46,33,23,22,19,17,15,13,11,10,10,5,50,20,18,20
,Representative In Congress 3rd District - Democrat,,Member Of The - Democratic State Committee 7th Senatorial District,,,,,,,,,,,,,1,21
,Dwight Evans,Kevin Johnson,Rebecca Poyourow,Kathryn S Huggins,Monica Maria Djerassi,Liam G Boyle,Linda Norris,Jacque Whaumbush,Lisa Rhodes,John Brady,Dewayne Drummond,Joe Khan,Ken Washington,Kevin Bundy,Nat Lownes,2,21
Dwight Evans,1,0,23,22,19,15,15,17,16,11,10,10,6,4,3,3,21
Kevin Johnson,,4,8,7,6,7,6,4,3,5,4,3,3,1,2,4,21
Rebecca Poyourow,,,0,22,20,11,18,18,16,11,9,13,5,2,4,5,21
Kathryn S Huggins,,,,0,21,12,16,16,16,8,13,6,8,4,4,6,21
Monica Maria Djerassi,,,,,0,9,16,15,15,8,11,5,7,5,4,7,21
Liam G Boyle,,,,,,0,8,8,6,11,6,5,6,4,1,8,21
Linda Norris,,,,,,,0,13,16,6,7,4,3,3,4,9,21
Jacque Whaumbush,,,,,,,,0,13,7,6,8,3,1,3,10,21
Lisa Rhodes,,,,,,,,,0,2,6,4,2,2,3,11,21
John Brady,,,,,,,,,,0,5,7,4,3,1,12,21
Dewayne Drummond,,,,,,,,,,,0,3,8,4,2,13,21
Joe Khan,,,,,,,,,,,,0,1,0,1,14,21
Ken Washington,,,,,,,,,,,,,0,3,2,15,21
Kevin Bundy,,,,,,,,,,,,,,0,1,16,21
Nat Lownes,,,,,,,,,,,,,,,0,17,21
Total,36,16,32,29,26,23,22,21,19,17,14,13,10,6,5,18,21
,Representative In Congress 3rd District - Democrat,,Member Of The - Democratic State Committee 7th Senatorial District,,,,,,,,,,,,,1,22
,Dwight Evans,Kevin Johnson,Kathryn S Huggins,Rebecca Poyourow,Liam G Boyle,Monica Maria Djerassi,Linda Norris,Lisa Rhodes,Dewayne Drummond,Joe Khan,Ken Washington,John Brady,Jacque Whaumbush,Kevin Bundy,Nat Lownes,2,22
Dwight Evans,10,0,56,46,37,34,33,35,35,27,31,25,21,22,12,3,22
Kevin Johnson,,5,16,9,9,12,12,9,6,10,6,8,9,4,5,4,22
Kathryn S Huggins,,,1,40,32,37,33,35,35,24,31,19,17,21,14,5,22
Rebecca Poyourow,,,,0,34,34,33,25,24,27,17,22,20,18,13,6,22
Liam G Boyle,,,,,0,24,21,15,18,20,19,22,16,19,9,7,22
Monica Maria Djerassi,,,,,,0,30,26,16,22,12,16,17,10,8,8,22
Linda Norris,,,,,,,0,30,15,18,14,16,17,10,12,9,22
Lisa Rhodes,,,,,,,,0,19,13,15,14,15,6,7,10,22
Dewayne Drummond,,,,,,,,,0,15,25,14,13,16,10,11,22
Joe Khan,,,,,,,,,,0,12,21,22,10,7,12,22
Ken Washington,,,,,,,,,,,1,14,7,14,9,13,22
John Brady,,,,,,,,,,,,1,17,10,4,14,22
Jacque Whaumbush,,,,,,,,,,,,,0,8,5,15,22
Kevin Bundy,,,,,,,,,,,,,,1,6,16,22
Nat Lownes,,,,,,,,,,,,,,,0,17,22
Total,89,29,74,58,47,47,46,44,42,42,38,36,32,29,18,18,22
,Representative In Congress 3rd District - Democrat,,Member Of The - Democratic State Committee 7th Senatorial District,,,,,,,,,,,,,1,23
,Dwight Evans,Kevin Johnson,Dewayne Drummond,Jacque Whaumbush,Joe Khan,John Brady,Kathryn S Huggins,Ken Washington,Kevin Bundy,Liam G Boyle,Linda Norris,Lisa Rhodes,Monica Maria Djerassi,Nat Lownes,Rebecca Poyourow,2,23
Dwight Evans,126,0,0,0,0,0,0,0,0,0,0,0,0,0,0,3,23
Kevin Johnson,,25,0,0,0,0,0,0,0,0,0,0,0,0,0,4,23
Dewayne Drummond,,,0,0,0,0,0,0,0,0,0,0,0,0,0,5,23
Jacque Whaumbush,,,,0,0,0,0,0,0,0,0,0,0,0,0,6,23
Joe Khan,,,,,0,0,0,0,0,0,0,0,0,0,0,7,23
John Brady,,,,,,0,0,0,0,0,0,0,0,0,0,8,23
Kathryn S Huggins,,,,,,,0,0,0,0,0,0,0,0,0,9,23
Ken Washington,,,,,,,,0,0,0,0,0,0,0,0,10,23
Kevin Bundy,,,,,,,,,0,0,0,0,0,0,0,11,23
Liam G Boyle,,,,,,,,,,0,0,0,0,0,0,12,23
Linda Norris,,,,,,,,,,,0,0,0,0,0,13,23
Lisa Rhodes,,,,,,,,,,,,0,0,0,0,14,23
Monica Maria Djerassi,,,,,,,,,,,,,0,0,0,15,23
Nat Lownes,,,,,,,,,,,,,,0,0,16,23
Rebecca Poyourow,,,,,,,,,,,,,,,0,17,23
Total,126,25,0,0,0,0,0,0,0,0,0,0,0,0,0,18,23
,Representative In Congress 3rd District - Democrat,,Member Of The - Democratic State Committee 7th Senatorial District,,,,,,,,,,,,,1,24
,Dwight Evans,Kevin Johnson,Dewayne Drummond,Jacque Whaumbush,Joe Khan,John Brady,Kathryn S Huggins,Ken Washington,Kevin Bundy,Liam G Boyle,Linda Norris,Lisa Rhodes,Monica Maria Djerassi,Nat Lownes,Rebecca Poyourow,2,24
Dwight Evans,232,0,0,0,0,0,0,0,0,0,0,0,0,0,0,3,24
Kevin Johnson,,64,0,0,0,0,0,0,0,0,0,0,0,0,0,4,24
Dewayne Drummond,,,0,0,0,0,0,0,0,0,0,0,0,0,0,5,24
Jacque Whaumbush,,,,0,0,0,0,0,0,0,0,0,0,0,0,6,24
Joe Khan,,,,,0,0,0,0,0,0,0,0,0,0,0,7,24
John Brady,,,,,,0,0,0,0,0,0,0,0,0,0,8,24
Kathryn S Huggins,,,,,,,0,0,0,0,0,0,0,0,0,9,24
Ken Washington,,,,,,,,0,0,0,0,0,0,0,0,10,24
Kevin Bundy,,,,,,,,,0,0,0,0,0,0,0,11,24
Liam G Boyle,,,,,,,,,,0,0,0,0,0,0,12,24
Linda Norris,,,,,,,,,,,0,0,0,0,0,13,24
Lisa Rhodes,,,,,,,,,,,,0,0,0,0,14,24
Monica Maria Djerassi,,,,,,,,,,,,,0,0,0,15,24
Nat Lownes,,,,,,,,,,,,,,0,0,16,24
Rebecca Poyourow,,,,,,,,,,,,,,,0,17,24
Total,232,64,0,0,0,0,0,0,0,0,0,0,0,0,0,18,24
,Representative In Congress 3rd District - Democrat,,Member Of The - Democratic State Committee 7th Senatorial District,,,,,,,,,,,,,1,25
,Dwight Evans,Kevin Johnson,Dewayne Drummond,Jacque Whaumbush,Joe Khan,John Brady,Kathryn S Huggins,Ken Washington,Kevin Bundy,Liam G Boyle,Linda Norris,Lisa Rhodes,Monica Maria Djerassi,Nat Lownes,Rebecca Poyourow,2,25
Dwight Evans,70,0,0,0,0,0,0,0,0,0,0,0,0,0,0,3,25
Kevin Johnson,,20,0,0,0,0,0,0,0,0,0,0,0,0,0,4,25
Dewayne Drummond,,,0,0,0,0,0,0,0,0,0,0,0,0,0,5,25
Jacque Whaumbush,,,,0,0,0,0,0,0,0,0,0,0,0,0,6,25
Joe Khan,,,,,0,0,0,0,0,0,0,0,0,0,0,7,25
John Brady,,,,,,0,0,0,0,0,0,0,0,0,0,8,25
Kathryn S Huggins,,,,,,,0,0,0,0,0,0,0,0,0,9,25
Ken Washington,,,,,,,,0,0,0,0,0,0,0,0,10,25
Kevin Bundy,,,,,,,,,0,0,0,0,0,0,0,11,25
Liam G Boyle,,,,,,,,,,0,0,0,0,0,0,12,25
Linda Norris,,,,,,,,,,,0,0,0,0,0,13,25
Lisa Rhodes,,,,,,,,,,,,0,0,0,0,14,25
Monica Maria Djerassi,,,,,,,,,,,,,0,0,0,15,25
Nat Lownes,,,,,,,,,,,,,,0,0,16,25
Rebecca Poyourow,,,,,,,,,,,,,,,0,17,25
Total,70,20,0,0,0,0,0,0,0,0,0,0,0,0,0,18,25
,Representative In Congress 3rd District - Democrat,,Member Of The - Democratic State Committee 7th Senatorial District,,,,,,,,,,,,,1,26
,Dwight Evans,Kevin Johnson,Dewayne Drummond,Jacque Whaumbush,Joe Khan,John Brady,Kathryn S Huggins,Ken Washington,Kevin Bundy,Liam G Boyle,Linda Norris,Lisa Rhodes,Monica Maria Djerassi,Nat Lownes,Rebecca Poyourow,2,26
Dwight Evans,63,0,0,0,0,0,0,0,0,0,0,0,0,0,0,3,26
Kevin Johnson,,16,0,0,0,0,0,0,0,0,0,0,0,0,0,4,26
Dewayne Drummond,,,0,0,0,0,0,0,0,0,0,0,0,0,0,5,26
Jacque Whaumbush,,,,0,0,0,0,0,0,0,0,0,0,0,0,6,26
Joe Khan,,,,,0,0,0,0,0,0,0,0,0,0,0,7,26
John Brady,,,,,,0,0,0,0,0,0,0,0,0,0,8,26
Kathryn S Huggins,,,,,,,0,0,0,0,0,0,0,0,0,9,26
Ken Washington,,,,,,,,0,0,0,0,0,0,0,0,10,26
Kevin Bundy,,,,,,,,,0,0,0,0,0,0,0,11,26
Liam G Boyle,,,,,,,,,,0,0,0,0,0,0,12,26
Linda Norris,,,,,,,,,,,0,0,0,0,0,13,26
Lisa Rhodes,,,,,,,,,,,,0,0,0,0,14,26
Monica Maria Djerassi,,,,,,,,,,,,,0,0,0,15,26
Nat Lownes,,,,,,,,,,,,,,0,0,16,26
Rebecca Poyourow,,,,,,,,,,,,,,,0,17,26
Total,63,16,0,0,0,0,0,0,0,0,0,0,0,0,0,18,26
,Representative In Congress 3rd District - Democrat,,Member Of The - Democratic State Committee 7th Senatorial District,,,,,,,,,,,,,1,27
,Dwight Evans,Kevin Johnson,Dewayne Drummond,Jacque Whaumbush,Joe Khan,John Brady,Kathryn S Huggins,Ken Washington,Kevin Bundy,Liam G Boyle,Linda Norris,Lisa Rhodes,Monica Maria Djerassi,Nat Lownes,Rebecca Poyourow,2,27
Dwight Evans,58,0,0,0,0,0,0,0,0,0,0,0,0,0,0,3,27
Kevin Johnson,,23,0,0,0,0,0,0,0,0,0,0,0,0,0,4,27
Dewayne Drummond,,,0,0,0,0,0,0,0,0,0,0,0,0,0,5,27
Jacque Whaumbush,,,,0,0,0,0,0,0,0,0,0,0,0,0,6,27
Joe Khan,,,,,0,0,0,0,0,0,0,0,0,0,0,7,27
John Brady,,,,,,0,0,0,0,0,0,0,0,0,0,8,27
Kathryn S Huggins,,,,,,,0,0,0,0,0,0,0,0,0,9,27
Ken Washington,,,,,,,,0,0,0,0,0,0,0,0,10,27
Kevin Bundy,,,,,,,,,0,0,0,0,0,0,0,11,27
Liam G Boyle,,,,,,,,,,0,0,0,0,0,0,12,27
Linda Norris,,,,,,,,,,,0,0,0,0,0,13,27
Lisa Rhodes,,,,,,,,,,,,0,0,0,0,14,27
Monica Maria Djerassi,,,,,,,,,,,,,0,0,0,15,27
Nat Lownes,,,,,,,,,,,,,,0,0,16,27
Rebecca Poyourow,,,,,,,,,,,,,,,0,17,27
Total,58,23,0,0,0,0,0,0,0,0,0,0,0,0,0,18,27
,Representative In Congress 3rd District - Democrat,,Member Of The - Democratic State Committee 7th Senatorial District,,,,,,,,,,,,,1,28
,Dwight Evans,Kevin Johnson,Dewayne Drummond,Jacque Whaumbush,Joe Khan,John Brady,Kathryn S Huggins,Ken Washington,Kevin Bundy,Liam G Boyle,Linda Norris,Lisa Rhodes,Monica Maria Djerassi,Nat Lownes,Rebecca Poyourow,2,28
Dwight Evans,82,0,0,0,0,0,0,0,0,0,0,0,0,0,0,3,28
Kevin Johnson,,36,0,0,0,0,0,0,0,0,0,0,0,0,0,4,28
Dewayne Drummond,,,0,0,0,0,0,0,0,0,0,0,0,0,0,5,28
Jacque Whaumbush,,,,0,0,0,0,0,0,0,0,0,0,0,0,6,28
Joe Khan,,,,,0,0,0,0,0,0,0,0,0,0,0,7,28
John Brady,,,,,,0,0,0,0,0,0,0,0,0,0,8,28
Kathryn S Huggins,,,,,,,0,0,0,0,0,0,0,0,0,9,28
Ken Washington,,,,,,,,0,0,0,0,0,0,0,0,10,28
Kevin Bundy,,,,,,,,,0,0,0,0,0,0,0,11,28
Liam G Boyle,,,,,,,,,,0,0,0,0,0,0,12,28
Linda Norris,,,,,,,,,,,0,0,0,0,0,13,28
Lisa Rhodes,,,,,,,,,,,,0,0,0,0,14,28
Monica Maria Djerassi,,,,,,,,,,,,,0,0,0,15,28
Nat Lownes,,,,,,,,,,,,,,0,0,16,28
Rebecca Poyourow,,,,,,,,,,,,,,,0,17,28
Total,82,36,0,0,0,0,0,0,0,0,0,0,0,0,0,18,28
,Representative In Congress 3rd District - Democrat,,Member Of The - Democratic State Committee 7th Senatorial District,,,,,,,,,,,,,1,29
,Dwight Evans,Kevin Johnson,Kathryn S Huggins,Liam G Boyle,Rebecca Poyourow,Joe Khan,John Brady,Lisa Rhodes,Ken Washington,Linda Norris,Monica Maria Djerassi,Dewayne Drummond,Jacque Whaumbush,Kevin Bundy,Nat Lownes,2,29
Dwight Evans,10,0,41,33,33,22,21,25,20,20,18,19,16,13,9,3,29
Kevin Johnson,,1,10,8,8,9,9,4,5,3,7,3,3,3,2,4,29
Kathryn S Huggins,,,0,30,32,20,20,24,23,20,20,20,14,14,9,5,29
Liam G Boyle,,,,1,28,19,17,15,20,12,11,15,13,12,5,6,29
Rebecca Poyourow,,,,,0,23,21,22,16,20,23,12,15,10,6,7,29
Joe Khan,,,,,,0,21,11,10,10,12,9,9,7,6,8,29
John Brady,,,,,,,0,12,10,10,9,8,12,8,6,9,29
Lisa Rhodes,,,,,,,,0,9,19,14,12,13,4,6,10,29
Ken Washington,,,,,,,,,0,8,7,17,2,11,5,11,29
Linda Norris,,,,,,,,,,0,11,7,8,2,3,12,29
Monica Maria Djerassi,,,,,,,,,,,0,6,8,5,3,13,29
Dewayne Drummond,,,,,,,,,,,,0,2,9,7,14,29
Jacque Whaumbush,,,,,,,,,,,,,0,4,2,15,29
Kevin Bundy,,,,,,,,,,,,,,0,3,16,29
Nat Lownes,,,,,,,,,,,,,,,0,17,29
Total,71,14,52,45,44,33,31,31,27,25,25,23,19,17,11,18,29
,Representative In Congress 3rd District - Democrat,,Member Of The - Democratic State Committee 7th Senatorial District,,,,,,,,,,,,,1,30
,Dwight Evans,Kevin Johnson,Dewayne Drummond,Jacque Whaumbush,Joe Khan,John Brady,Kathryn S Huggins,Ken Washington,Kevin Bundy,Liam G Boyle,Linda Norris,Lisa Rhodes,Monica Maria Djerassi,Nat Lownes,Rebecca Poyourow,2,30
Dwight Evans,94,0,0,0,0,0,0,0,0,0,0,0,0,0,0,3,30
Kevin Johnson,,27,0,0,0,0,0,0,0,0,0,0,0,0,0,4,30
Dewayne Drummond,,,0,0,0,0,0,0,0,0,0,0,0,0,0,5,30
Jacque Whaumbush,,,,0,0,0,0,0,0,0,0,0,0,0,0,6,30
Joe Khan,,,,,0,0,0,0,0,0,0,0,0,0,0,7,30
John Brady,,,,,,0,0,0,0,0,0,0,0,0,0,8,30
Kathryn S Huggins,,,,,,,0,0,0,0,0,0,0,0,0,9,30
Ken Washington,,,,,,,,0,0,0,0,0,0,0,0,10,30
Kevin Bundy,,,,,,,,,0,0,0,0,0,0,0,11,30
Liam G Boyle,,,,,,,,,,0,0,0,0,0,0,12,30
Linda Norris,,,,,,,,,,,0,0,0,0,0,13,30
Lisa Rhodes,,,,,,,,,,,,0,0,0,0,14,30
Monica Maria Djerassi,,,,,,,,,,,,,0,0,0,15,30
Nat Lownes,,,,,,,,,,,,,,0,0,16,30
Rebecca Poyourow,,,,,,,,,,,,,,,0,17,30
Total,94,27,0,0,0,0,0,0,0,0,0,0,0,0,0,18,30
,Representative In Congress 3rd District - Democrat,,Member Of The - Democratic State Committee 7th Senatorial District,,,,,,,,,,,,,1,31
,Dwight Evans,Kevin Johnson,Dewayne Drummond,Jacque Whaumbush,Joe Khan,John Brady,Kathryn S Huggins,Ken Washington,Kevin Bundy,Liam G Boyle,Linda Norris,Lisa Rhodes,Monica Maria Djerassi,Nat Lownes,Rebecca Poyourow,2,31
Dwight Evans,71,0,0,0,0,0,0,0,0,0,0,0,0,0,0,3,31
Kevin Johnson,,17,0,0,0,0,0,0,0,0,0,0,0,0,0,4,31
Dewayne Drummond,,,0,0,0,0,0,0,0,0,0,0,0,0,0,5,31
Jacque Whaumbush,,,,0,0,0,0,0,0,0,0,0,0,0,0,6,31
Joe Khan,,,,,0,0,0,0,0,0,0,0,0,0,0,7,31
John Brady,,,,,,0,0,0,0,0,0,0,0,0,0,8,31
Kathryn S Huggins,,,,,,,0,0,0,0,0,0,0,0,0,9,31
Ken Washington,,,,,,,,0,0,0,0,0,0,0,0,10,31
Kevin Bundy,,,,,,,,,0,0,0,0,0,0,0,11,31
Liam G Boyle,,,,,,,,,,0,0,0,0,0,0,12,31
Linda Norris,,,,,,,,,,,0,0,0,0,0,13,31
Lisa Rhodes,,,,,,,,,,,,0,0,0,0,14,31
Monica Maria Djerassi,,,,,,,,,,,,,0,0,0,15,31
Nat Lownes,,,,,,,,,,,,,,0,0,16,31
Rebecca Poyourow,,,,,,,,,,,,,,,0,17,31
Total,71,17,0,0,0,0,0,0,0,0,0,0,0,0,0,18,31
,Representative In Congress 3rd District - Democrat,,Member Of The - Democratic State Committee 7th Senatorial District,,,,,,,,,,,,,1,32
,Dwight Evans,Kevin Johnson,Dewayne Drummond,Jacque Whaumbush,Joe Khan,John Brady,Kathryn S Huggins,Ken Washington,Kevin Bundy,Liam G Boyle,Linda Norris,Lisa Rhodes,Monica Maria Djerassi,Nat Lownes,Rebecca Poyourow,2,32
Dwight Evans,46,0,0,0,0,0,0,0,0,0,0,0,0,0,0,3,32
Kevin Johnson,,15,0,0,0,0,0,0,0,0,0,0,0,0,0,4,32
Dewayne Drummond,,,0,0,0,0,0,0,0,0,0,0,0,0,0,5,32
Jacque Whaumbush,,,,0,0,0,0,0,0,0,0,0,0,0,0,6,32
Joe Khan,,,,,0,0,0,0,0,0,0,0,0,0,0,7,32
John Brady,,,,,,0,0,0,0,0,0,0,0,0,0,8,32
Kathryn S Huggins,,,,,,,0,0,0,0,0,0,0,0,0,9,32
Ken Washington,,,,,,,,0,0,0,0,0,0,0,0,10,32
Kevin Bundy,,,,,,,,,0,0,0,0,0,0,0,11,32
Liam G Boyle,,,,,,,,,,0,0,0,0,0,0,12,32
Linda Norris,,,,,,,,,,,0,0,0,0,0,13,32
Lisa Rhodes,,,,,,,,,,,,0,0,0,0,14,32
Monica Maria Djerassi,,,,,,,,,,,,,0,0,0,15,32
Nat Lownes,,,,,,,,,,,,,,0,0,16,32
Rebecca Poyourow,,,,,,,,,,,,,,,0,17,32
Total,46,15,0,0,0,0,0,0,0,0,0,0,0,0,0,18,32
,Representative In Congress 3rd District - Democrat,,Member Of The - Democratic State Committee 7th Senatorial District,,,,,,,,,,,,,1,33
,Dwight Evans,Kevin Johnson,Rebecca Poyourow,Kathryn S Huggins,Liam G Boyle,Lisa Rhodes,Monica Maria Djerassi,Joe Khan,Linda Norris,Ken Washington,John Brady,Dewayne Drummond,Jacque Whaumbush,Kevin Bundy,Nat Lownes,2,33
Dwight Evans,13,0,88,75,62,46,45,36,43,40,36,41,31,22,9,3,33
Kevin Johnson,,4,18,8,16,8,9,12,6,8,9,3,10,8,3,4,33
Rebecca Poyourow,,,4,64,52,46,44,35,44,34,34,33,35,17,7,5,33
Kathryn S Huggins,,,,1,45,44,45,19,40,39,21,36,24,20,9,6,33
Liam G Boyle,,,,,0,28,31,26,22,34,29,26,23,20,7,7,33
Lisa Rhodes,,,,,,0,35,16,38,26,14,26,25,11,7,8,33
Monica Maria Djerassi,,,,,,,0,21,29,22,15,18,26,15,8,9,33
Joe Khan,,,,,,,,1,13,12,23,10,23,10,3,10,33
Linda Norris,,,,,,,,,0,23,11,25,22,8,6,11,33
Ken Washington,,,,,,,,,,0,11,31,7,10,7,12,33
John Brady,,,,,,,,,,,0,13,15,13,2,13,33
Dewayne Drummond,,,,,,,,,,,,0,10,12,5,14,33
Jacque Whaumbush,,,,,,,,,,,,,0,10,6,15,33
Kevin Bundy,,,,,,,,,,,,,,1,5,16,33
Nat Lownes,,,,,,,,,,,,,,,0,17,33
Total,136,37,114,86,80,56,56,51,51,49,46,44,43,31,12,18,33
,Representative In Congress 3rd District - Democrat,,Member Of The - Democratic State Committee 7th Senatorial District,,,,,,,,,,,,,1,34
,Dwight Evans,Kevin Johnson,Kathryn S Huggins,Rebecca Poyourow,Liam G Boyle,Joe Khan,Lisa Rhodes,Monica Maria Djerassi,Linda Norris,Jacque Whaumbush,John Brady,Ken Washington,Dewayne Drummond,Kevin Bundy,Nat Lownes,2,34
Dwight Evans,21,0,84,61,52,56,57,56,53,44,33,31,30,24,15,3,34
Kevin Johnson,,5,17,11,15,8,11,7,8,9,13,5,6,9,6,4,34
Kathryn S Huggins,,,3,54,40,41,56,50,52,32,31,26,28,26,16,5,34
Rebecca Poyourow,,,,1,40,39,40,41,38,38,29,18,15,16,10,6,34
Liam G Boyle,,,,,0,42,29,29,24,32,38,16,14,23,11,7,34
Joe Khan,,,,,,0,32,30,28,32,32,13,16,17,10,8,34
Lisa Rhodes,,,,,,,0,41,50,31,20,16,19,17,11,9,34
Monica Maria Djerassi,,,,,,,,0,44,25,19,14,12,13,8,10,34
Linda Norris,,,,,,,,,0,26,16,15,16,10,9,11,34
Jacque Whaumbush,,,,,,,,,,0,25,12,10,5,5,12,34
John Brady,,,,,,,,,,,1,11,6,14,9,13,34
Ken Washington,,,,,,,,,,,,0,18,12,9,14,34
Dewayne Drummond,,,,,,,,,,,,,0,16,12,15,34
Kevin Bundy,,,,,,,,,,,,,,0,9,16,34
Nat Lownes,,,,,,,,,,,,,,,0,17,34
Total,139,33,106,75,71,69,69,63,62,56,51,37,36,33,21,18,34
,Representative In Congress 3rd District - Democrat,,Member Of The - Democratic State Committee 7th Senatorial District,,,,,,,,,,,,,1,35
,Dwight Evans,Kevin Johnson,Liam G Boyle,Rebecca Poyourow,Kathryn S Huggins,Linda Norris,Lisa Rhodes,Monica Maria Djerassi,Joe Khan,Ken Washington,John Brady,Dewayne Drummond,Jacque Whaumbush,Kevin Bundy,Nat Lownes,2,35
Dwight Evans,11,0,56,52,49,38,34,32,31,29,28,20,25,15,3,3,35
Kevin Johnson,,3,19,18,20,10,13,15,11,11,9,9,5,10,2,4,35
Liam G Boyle,,,3,53,53,35,33,32,35,38,33,23,24,20,7,5,35
Rebecca Poyourow,,,,0,53,39,41,40,37,27,29,20,27,13,4,6,35
Kathryn S Huggins,,,,,0,35,36,38,30,34,23,29,19,20,5,7,35
Linda Norris,,,,,,0,33,25,20,18,16,15,14,9,1,8,35
Lisa Rhodes,,,,,,,0,25,24,17,20,13,17,8,2,9,35
Monica Maria Djerassi,,,,,,,,0,21,18,16,15,17,11,6,10,35
Joe Khan,,,,,,,,,0,13,26,8,18,7,1,11,35
Ken Washington,,,,,,,,,,0,11,23,8,17,6,12,35
John Brady,,,,,,,,,,,0,7,18,12,2,13,35
Dewayne Drummond,,,,,,,,,,,,0,5,11,1,14,35
Jacque Whaumbush,,,,,,,,,,,,,0,7,2,15,35
Kevin Bundy,,,,,,,,,,,,,,0,1,16,35
Nat Lownes,,,,,,,,,,,,,,,0,17,35
Total,86,30,82,73,72,49,48,48,45,42,38,30,30,25,7,18,35
,Representative In Congress 3rd District - Democrat,,Member Of The - Democratic State Committee 7th Senatorial District,,,,,,,,,,,,,1,36
,Dwight Evans,Kevin Johnson,Liam G Boyle,Kathryn S Huggins,Rebecca Poyourow,Joe Khan,Lisa Rhodes,John Brady,Linda Norris,Jacque Whaumbush,Monica Maria Djerassi,Dewayne Drummond,Kevin Bundy,Ken Washington,Nat Lownes,2,36
Dwight Evans,4,0,16,15,12,15,12,9,9,8,9,6,4,4,3,3,36
Kevin Johnson,,1,10,8,10,4,5,7,7,7,5,3,5,4,2,4,36
Liam G Boyle,,,0,14,14,12,7,15,8,10,5,7,8,5,2,5,36
Kathryn S Huggins,,,,2,13,9,13,6,12,9,9,8,6,6,3,6,36
Rebecca Poyourow,,,,,0,13,12,11,13,11,11,7,3,5,2,7,36
Joe Khan,,,,,,0,10,10,7,10,6,4,2,2,1,8,36
Lisa Rhodes,,,,,,,0,5,14,9,12,3,3,3,2,9,36
John Brady,,,,,,,,0,6,9,5,3,4,2,1,10,36
Linda Norris,,,,,,,,,0,8,12,3,3,3,1,11,36
Jacque Whaumbush,,,,,,,,,,0,7,3,2,4,2,12,36
Monica Maria Djerassi,,,,,,,,,,,0,3,1,2,3,13,36
Dewayne Drummond,,,,,,,,,,,,0,3,4,2,14,36
Kevin Bundy,,,,,,,,,,,,,0,5,2,15,36
Ken Washington,,,,,,,,,,,,,,0,2,16,36
Nat Lownes,,,,,,,,,,,,,,,0,17,36
Total,32,15,26,25,23,20,18,17,17,16,15,9,9,8,5,18,36
,Representative In Congress 3rd District - Democrat,,Member Of The - Democratic State Committee 7th Senatorial District,,,,,,,,,,,,,1,37
,Dwight Evans,Kevin Johnson,Dewayne Drummond,Jacque Whaumbush,Joe Khan,John Brady,Kathryn S Huggins,Ken Washington,Kevin Bundy,Liam G Boyle,Linda Norris,Lisa Rhodes,Monica Maria Djerassi,Nat Lownes,Rebecca Poyourow,2,37
Dwight Evans,47,0,0,0,0,0,0,0,0,0,0,0,0,0,0,3,37
Kevin Johnson,,19,0,0,0,0,0,0,0,0,0,0,0,0,0,4,37
Dewayne Drummond,,,0,0,0,0,0,0,0,0,0,0,0,0,0,5,37
Jacque Whaumbush,,,,0,0,0,0,0,0,0,0,0,0,0,0,6,37
Joe Khan,,,,,0,0,0,0,0,0,0,0,0,0,0,7,37
John Brady,,,,,,0,0,0,0,0,0,0,0,0,0,8,37
Kathryn S Huggins,,,,,,,0,0,0,0,0,0,0,0,0,9,37
Ken Washington,,,,,,,,0,0,0,0,0,0,0,0,10,37
Kevin Bundy,,,,,,,,,0,0,0,0,0,0,0,11,37
Liam G Boyle,,,,,,,,,,0,0,0,0,0,0,12,37
Linda Norris,,,,,,,,,,,0,0,0,0,0,13,37
Lisa Rhodes,,,,,,,,,,,,0,0,0,0,14,37
Monica Maria Djerassi,,,,,,,,,,,,,0,0,0,15,37
Nat Lownes,,,,,,,,,,,,,,0,0,16,37
Rebecca Poyourow,,,,,,,,,,,,,,,0,17,37
Total,47,19,0,0,0,0,0,0,0,0,0,0,0,0,0,18,37
,Representative In Congress 3rd District - Democrat,,Member Of The - Democratic State Committee 7th Senatorial District,,,,,,,,,,,,,1,38
,Dwight Evans,Kevin Johnson,Dewayne Drummond,Jacque Whaumbush,Joe Khan,John Brady,Kathryn S Huggins,Ken Washington,Kevin Bundy,Liam G Boyle,Linda Norris,Lisa Rhodes,Monica Maria Djerassi,Nat Lownes,Rebecca Poyourow,2,38
Dwight Evans,71,0,0,0,0,0,0,0,0,0,0,0,0,0,0,3,38
Kevin Johnson,,18,0,0,0,0,0,0,0,0,0,0,0,0,0,4,38
Dewayne Drummond,,,0,0,0,0,0,0,0,0,0,0,0,0,0,5,38
Jacque Whaumbush,,,,0,0,0,0,0,0,0,0,0,0,0,0,6,38
Joe Khan,,,,,0,0,0,0,0,0,0,0,0,0,0,7,38
John Brady,,,,,,0,0,0,0,0,0,0,0,0,0,8,38
Kathryn S Huggins,,,,,,,0,0,0,0,0,0,0,0,0,9,38
Ken Washington,,,,,,,,0,0,0,0,0,0,0,0,10,38
Kevin Bundy,,,,,,,,,0,0,0,0,0,0,0,11,38
Liam G Boyle,,,,,,,,,,0,0,0,0,0,0,12,38
Linda Norris,,,,,,,,,,,0,0,0,0,0,13,38
Lisa Rhodes,,,,,,,,,,,,0,0,0,0,14,38
Monica Maria Djerassi,,,,,,,,,,,,,0,0,0,15,38
Nat Lownes,,,,,,,,,,,,,,0,0,16,38
Rebecca Poyourow,,,,,,,,,,,,,,,0,17,38
Total,71,18,0,0,0,0,0,0,0,0,0,0,0,0,0,18,38
,Representative In Congress 3rd District - Democrat,,Member Of The - Democratic State Committee 7th Senatorial District,,,,,,,,,,,,,1,39
,Dwight Evans,Kevin Johnson,Dewayne Drummond,Jacque Whaumbush,Joe Khan,John Brady,Kathryn S Huggins,Ken Washington,Kevin Bundy,Liam G Boyle,Linda Norris,Lisa Rhodes,Monica Maria Djerassi,Nat Lownes,Rebecca Poyourow,2,39
Dwight Evans,83,0,0,0,0,0,0,0,0,0,0,0,0,0,0,3,39
Kevin Johnson,,29,0,0,0,0,0,0,0,0,0,0,0,0,0,4,39
Dewayne Drummond,,,0,0,0,0,0,0,0,0,0,0,0,0,0,5,39
Jacque Whaumbush,,,,0,0,0,0,0,0,0,0,0,0,0,0,6,39
Joe Khan,,,,,0,0,0,0,0,0,0,0,0,0,0,7,39
John Brady,,,,,,0,0,0,0,0,0,0,0,0,0,8,39
Kathryn S Huggins,,,,,,,0,0,0,0,0,0,0,0,0,9,39
Ken Washington,,,,,,,,0,0,0,0,0,0,0,0,10,39
Kevin Bundy,,,,,,,,,0,0,0,0,0,0,0,11,39
Liam G Boyle,,,,,,,,,,0,0,0,0,0,0,12,39
Linda Norris,,,,,,,,,,,0,0,0,0,0,13,39
Lisa Rhodes,,,,,,,,,,,,0,0,0,0,14,39
Monica Maria Djerassi,,,,,,,,,,,,,0,0,0,15,39
Nat Lownes,,,,,,,,,,,,,,0,0,16,39
Rebecca Poyourow,,,,,,,,,,,,,,,0,17,39
Total,83,29,0,0,0,0,0,0,0,0,0,0,0,0,0,18,39
,Representative In Congress 3rd District - Democrat,,Member Of The - Democratic State Committee 7th Senatorial District,,,,,,,,,,,,,1,40
,Dwight Evans,Kevin Johnson,Dewayne Drummond,Jacque Whaumbush,Joe Khan,John Brady,Kathryn S Huggins,Ken Washington,Kevin Bundy,Liam G Boyle,Linda Norris,Lisa Rhodes,Monica Maria Djerassi,Nat Lownes,Rebecca Poyourow,2,40
Dwight Evans,78,0,0,0,0,0,0,0,0,0,0,0,0,0,0,3,40
Kevin Johnson,,26,0,0,0,0,0,0,0,0,0,0,0,0,0,4,40
Dewayne Drummond,,,0,0,0,0,0,0,0,0,0,0,0,0,0,5,40
Jacque Whaumbush,,,,0,0,0,0,0,0,0,0,0,0,0,0,6,40
Joe Khan,,,,,0,0,0,0,0,0,0,0,0,0,0,7,40
John Brady,,,,,,0,0,0,0,0,0,0,0,0,0,8,40
Kathryn S Huggins,,,,,,,0,0,0,0,0,0,0,0,0,9,40
Ken Washington,,,,,,,,0,0,0,0,0,0,0,0,10,40
Kevin Bundy,,,,,,,,,0,0,0,0,0,0,0,11,40
Liam G Boyle,,,,,,,,,,0,0,0,0,0,0,12,40
Linda Norris,,,,,,,,,,,0,0,0,0,0,13,40
Lisa Rhodes,,,,,,,,,,,,0,0,0,0,14,40
Monica Maria Djerassi,,,,,,,,,,,,,0,0,0,15,40
Nat Lownes,,,,,,,,,,,,,,0,0,16,40
Rebecca Poyourow,,,,,,,,,,,,,,,0,17,40
Total,78,26,0,0,0,0,0,0,0,0,0,0,0,0,0,18,40
,Representative In Congress 3rd District - Democrat,,Member Of The - Democratic State Committee 7th Senatorial District,,,,,,,,,,,,,1,41
,Dwight Evans,Kevin Johnson,Dewayne Drummond,Jacque Whaumbush,Joe Khan,John Brady,Kathryn S Huggins,Ken Washington,Kevin Bundy,Liam G Boyle,Linda Norris,Lisa Rhodes,Monica Maria Djerassi,Nat Lownes,Rebecca Poyourow,2,41
Dwight Evans,80,0,0,0,0,0,0,0,0,0,0,0,0,0,0,3,41
Kevin Johnson,,20,0,0,0,0,0,0,0,0,0,0,0,0,0,4,41
Dewayne Drummond,,,0,0,0,0,0,0,0,0,0,0,0,0,0,5,41
Jacque Whaumbush,,,,0,0,0,0,0,0,0,0,0,0,0,0,6,41
Joe Khan,,,,,0,0,0,0,0,0,0,0,0,0,0,7,41
John Brady,,,,,,0,0,0,0,0,0,0,0,0,0,8,41
Kathryn S Huggins,,,,,,,0,0,0,0,0,0,0,0,0,9,41
Ken Washington,,,,,,,,0,0,0,0,0,0,0,0,10,41
Kevin Bundy,,,,,,,,,0,0,0,0,0,0,0,11,41
Liam G Boyle,,,,,,,,,,0,0,0,0,0,0,12,41
Linda Norris,,,,,,,,,,,0,0,0,0,0,13,41
Lisa Rhodes,,,,,,,,,,,,0,0,0,0,14,41
Monica Maria Djerassi,,,,,,,,,,,,,0,0,0,15,41
Nat Lownes,,,,,,,,,,,,,,0,0,16,41
Rebecca Poyourow,,,,,,,,,,,,,,,0,17,41
Total,80,20,0,0,0,0,0,0,0,0,0,0,0,0,0,18,41
,Representative In Congress 3rd District - Democrat,,Member Of The - Democratic State Committee 7th Senatorial District,,,,,,,,,,,,,1,42
,Dwight Evans,Kevin Johnson,Dewayne Drummond,Jacque Whaumbush,Joe Khan,John Brady,Kathryn S Huggins,Ken Washington,Kevin Bundy,Liam G Boyle,Linda Norris,Lisa Rhodes,Monica Maria Djerassi,Nat Lownes,Rebecca Poyourow,2,42
Dwight Evans,40,0,0,0,0,0,0,0,0,0,0,0,0,0,0,3,42
Kevin Johnson,,11,0,0,0,0,0,0,0,0,0,0,0,0,0,4,42
Dewayne Drummond,,,0,0,0,0,0,0,0,0,0,0,0,0,0,5,42
Jacque Whaumbush,,,,0,0,0,0,0,0,0,0,0,0,0,0,6,42
Joe Khan,,,,,0,0,0,0,0,0,0,0,0,0,0,7,42
John Brady,,,,,,0,0,0,0,0,0,0,0,0,0,8,42
Kathryn S Huggins,,,,,,,0,0,0,0,0,0,0,0,0,9,42
Ken Washington,,,,,,,,0,0,0,0,0,0,0,0,10,42
Kevin Bundy,,,,,,,,,0,0,0,0,0,0,0,11,42
Liam G Boyle,,,,,,,,,,0,0,0,0,0,0,12,42
Linda Norris,,,,,,,,,,,0,0,0,0,0,13,42
Lisa Rhodes,,,,,,,,,,,,0,0,0,0,14,42
Monica Maria Djerassi,,,,,,,,,,,,,0,0,0,15,42
Nat Lownes,,,,,,,,,,,,,,0,0,16,42
Rebecca Poyourow,,,,,,,,,,,,,,,0,17,42
Total,40,11,0,0,0,0,0,0,0,0,0,0,0,0,0,18,42
,Representative In Congress 3rd District - Democrat,,Member Of The - Democratic State Committee 7th Senatorial District,,,,,,,,,,,,,1,43
,Dwight Evans,Kevin Johnson,Dewayne Drummond,Jacque Whaumbush,Joe Khan,John Brady,Kathryn S Huggins,Ken Washington,Kevin Bundy,Liam G Boyle,Linda Norris,Lisa Rhodes,Monica Maria Djerassi,Nat Lownes,Rebecca Poyourow,2,43
Dwight Evans,59,0,0,0,0,0,0,0,0,0,0,0,0,0,0,3,43
Kevin Johnson,,11,0,0,0,0,0,0,0,0,0,0,0,0,0,4,43
Dewayne Drummond,,,0,0,0,0,0,0,0,0,0,0,0,0,0,5,43
Jacque Whaumbush,,,,0,0,0,0,0,0,0,0,0,0,0,0,6,43
Joe Khan,,,,,0,0,0,0,0,0,0,0,0,0,0,7,43
John Brady,,,,,,0,0,0,0,0,0,0,0,0,0,8,43
Kathryn S Huggins,,,,,,,0,0,0,0,0,0,0,0,0,9,43
Ken Washington,,,,,,,,0,0,0,0,0,0,0,0,10,43
Kevin Bundy,,,,,,,,,0,0,0,0,0,0,0,11,43
Liam G Boyle,,,,,,,,,,0,0,0,0,0,0,12,43
Linda Norris,,,,,,,,,,,0,0,0,0,0,13,43
Lisa Rhodes,,,,,,,,,,,,0,0,0,0,14,43
Monica Maria Djerassi,,,,,,,,,,,,,0,0,0,15,43
Nat Lownes,,,,,,,,,,,,,,0,0,16,43
Rebecca Poyourow,,,,,,,,,,,,,,,0,17,43
Total,59,11,0,0,0,0,0,0,0,0,0,0,0,0,0,18,43
,Representative In Congress 3rd District - Democrat,,Member Of The - Democratic State Committee 7th Senatorial District,,,,,,,,,,,,,1,44
,Dwight Evans,Kevin Johnson,Dewayne Drummond,Jacque Whaumbush,Joe Khan,John Brady,Kathryn S Huggins,Ken Washington,Kevin Bundy,Liam G Boyle,Linda Norris,Lisa Rhodes,Monica Maria Djerassi,Nat Lownes,Rebecca Poyourow,2,44
Dwight Evans,35,0,0,0,0,0,0,0,0,0,0,0,0,0,0,3,44
Kevin Johnson,,22,0,0,0,0,0,0,0,0,0,0,0,0,0,4,44
Dewayne Drummond,,,0,0,0,0,0,0,0,0,0,0,0,0,0,5,44
Jacque Whaumbush,,,,0,0,0,0,0,0,0,0,0,0,0,0,6,44
Joe Khan,,,,,0,0,0,0,0,0,0,0,0,0,0,7,44
John Brady,,,,,,0,0,0,0,0,0,0,0,0,0,8,44
Kathryn S Huggins,,,,,,,0,0,0,0,0,0,0,0,0,9,44
Ken Washington,,,,,,,,0,0,0,0,0,0,0,0,10,44
Kevin Bundy,,,,,,,,,0,0,0,0,0,0,0,11,44
Liam G Boyle,,,,,,,,,,0,0,0,0,0,0,12,44
Linda Norris,,,,,,,,,,,0,0,0,0,0,13,44
Lisa Rhodes,,,,,,,,,,,,0,0,0,0,14,44
Monica Maria Djerassi,,,,,,,,,,,,,0,0,0,15,44
Nat Lownes,,,,,,,,,,,,,,0,0,16,44
Rebecca Poyourow,,,,,,,,,,,,,,,0,17,44
Total,35,22,0,0,0,0,0,0,0,0,0,0,0,0,0,18,44
,Representative In Congress 3rd District - Democrat,,Member Of The - Democratic State Committee 7th Senatorial District,,,,,,,,,,,,,1,45
,Dwight Evans,Kevin Johnson,Rebecca Poyourow,Joe Khan,Kathryn S Huggins,Liam G Boyle,Ken Washington,Dewayne Drummond,Linda Norris,Lisa Rhodes,John Brady,Kevin Bundy,Jacque Whaumbush,Monica Maria Djerassi,Nat Lownes,2,45
Dwight Evans,25,0,59,52,51,43,40,34,30,26,21,24,19,16,9,3,45
Kevin Johnson,,3,16,10,11,12,9,6,6,8,9,4,7,6,2,4,45
Rebecca Poyourow,,,0,48,38,33,29,21,26,22,22,15,18,17,4,5,45
Joe Khan,,,,1,25,26,22,15,16,12,20,13,20,11,6,6,45
Kathryn S Huggins,,,,,1,38,40,35,30,28,13,21,16,15,6,7,45
Liam G Boyle,,,,,,1,34,24,23,18,20,19,15,13,6,8,45
Ken Washington,,,,,,,0,32,22,20,10,20,13,10,6,9,45
Dewayne Drummond,,,,,,,,0,18,20,9,18,9,5,6,10,45
Linda Norris,,,,,,,,,0,25,10,11,13,11,4,11,45
Lisa Rhodes,,,,,,,,,,0,8,11,15,12,8,12,45
John Brady,,,,,,,,,,,0,7,12,3,6,13,45
Kevin Bundy,,,,,,,,,,,,0,8,10,5,14,45
Jacque Whaumbush,,,,,,,,,,,,,0,10,5,15,45
Monica Maria Djerassi,,,,,,,,,,,,,,0,4,16,45
Nat Lownes,,,,,,,,,,,,,,,0,17,45
Total,124,28,82,70,66,59,51,42,40,37,33,31,29,24,13,18,45
