col_1,col_2,col_3,col_4,col_5,col_6,col_7,col_8,col_9,col_10,col_11,col_12,col_13,col_14,col_15,col_16,col_17,division
,Delegate To The Democratic National Convention 1st District,,,,,,,,,,,,,,,,All
,Thaddeus Kirkland,Blake Rutherford,H Douglass Brown,Maria Quinones Sanchez,Anne Wakabayashi,Peter Cutty,Jennifer Lentz,Ryan N Boyer,Leanne Krueger Braneky,Angel Cruz,Cathy Brady,Amanda Mcillmurray,Ted Kirsch,Kat Richter,Katherine Hunter Snyder,Jacob Adeniran,All
Thaddeus Kirkland,433,"1,063",301,765,791,278,735,738,741,686,687,224,633,168,162,119,All
Blake Rutherford,,111,254,671,723,244,710,710,666,653,657,187,608,139,130,95,All
H Douglass Brown,,,244,172,148,739,201,177,139,157,149,653,102,588,546,523,All
Maria Quinones Sanchez,,,,126,688,163,658,634,688,680,633,186,632,158,163,139,All
Anne Wakabayashi,,,,,9,145,686,685,711,630,639,156,595,115,117,81,All
Peter Cutty,,,,,,61,196,170,144,162,132,594,107,541,509,496,All
Jennifer Lentz,,,,,,,6,681,661,666,645,217,609,168,161,127,All
Ryan N Boyer,,,,,,,,8,639,631,631,176,585,147,124,104,All
Leanne Krueger Braneky,,,,,,,,,7,641,619,158,598,117,124,94,All
Angel Cruz,,,,,,,,,,8,634,165,613,142,152,128,All
Cathy Brady,,,,,,,,,,,10,161,577,115,118,92,All
Amanda Mcillmurray,,,,,,,,,,,,13,107,602,550,522,All
Ted Kirsch,,,,,,,,,,,,,26,104,116,93,All
Kat Richter,,,,,,,,,,,,,,2,521,508,All
Katherine Hunter Snyder,,,,,,,,,,,,,,,7,477,All
Jacob Adeniran,,,,,,,,,,,,,,,,1,All
Total,"1,728","1,259","1,143","1,020",887,884,871,836,835,821,793,767,753,671,634,581,All
,Delegate To The Democratic National Convention 1st District,,,,,,,,,,,,,,,,1
,Thaddeus Kirkland,Blake Rutherford,H Douglass Brown,Maria Quinones Sanchez,Peter Cutty,Anne Wakabayashi,Amanda Mcillmurray,Cathy Brady,Jennifer Lentz,Ted Kirsch,Angel Cruz,Jacob Adeniran,Leanne Krueger Braneky,Kat Richter,Katherine Hunter Snyder,Ryan N Boyer,1
Thaddeus Kirkland,16,44,12,29,11,30,9,29,28,27,27,7,26,7,10,19,1
Blake Rutherford,,9,9,22,8,26,5,24,24,23,23,4,23,4,6,17,1
H Douglass Brown,,,11,9,33,3,30,3,7,6,6,27,3,26,25,3,1
Maria Quinones Sanchez,,,,11,8,23,10,24,24,25,25,10,24,6,9,13,1
Peter Cutty,,,,,4,3,23,3,8,6,7,23,3,23,20,2,1
Anne Wakabayashi,,,,,,0,4,26,25,24,22,3,26,4,5,19,1
Amanda Mcillmurray,,,,,,,0,5,6,7,6,27,5,24,24,3,1
Cathy Brady,,,,,,,,0,24,25,24,3,24,2,3,17,1
Jennifer Lentz,,,,,,,,,0,23,29,5,23,5,6,17,1
Ted Kirsch,,,,,,,,,,0,23,6,25,4,6,17,1
Angel Cruz,,,,,,,,,,,0,5,23,3,5,15,1
Jacob Adeniran,,,,,,,,,,,,1,5,23,23,2,1
Leanne Krueger Braneky,,,,,,,,,,,,,0,3,4,17,1
Kat Richter,,,,,,,,,,,,,,0,22,2,1
Katherine Hunter Snyder,,,,,,,,,,,,,,,0,3,1
Ryan N Boyer,,,,,,,,,,,,,,,,1,1
Total,72,54,51,45,39,33,32,32,32,31,30,30,29,28,28,22,1
,Delegate To The Democratic National Convention 1st District,,,,,,,,,,,,,,,,2
,Maria Quinones Sanchez,Thaddeus Kirkland,H Douglass Brown,Blake Rutherford,Katherine Hunter Snyder,Amanda Mcillmurray,Peter Cutty,Leanne Krueger Braneky,Jacob Adeniran,Cathy Brady,Ryan N Boyer,Jennifer Lentz,Kat Richter,Ted Kirsch,Angel Cruz,Anne Wakabayashi,2
Maria Quinones Sanchez,37,18,8,17,7,6,4,18,5,17,15,17,2,16,16,14,2
Thaddeus Kirkland,,18,11,27,7,7,8,17,5,18,17,15,3,15,16,16,2
H Douglass Brown,,,8,9,20,21,24,7,18,6,5,7,18,6,4,4,2
Blake Rutherford,,,,5,6,5,7,17,3,18,17,16,2,15,15,14,2
Katherine Hunter Snyder,,,,,2,22,17,5,19,5,5,7,18,5,3,4,2
Amanda Mcillmurray,,,,,,1,17,5,19,4,3,6,19,4,3,3,2
Peter Cutty,,,,,,,0,3,15,2,3,4,15,2,1,3,2
Leanne Krueger Braneky,,,,,,,,1,5,18,15,16,1,16,16,14,2
Jacob Adeniran,,,,,,,,,0,4,4,5,16,5,3,3,2
Cathy Brady,,,,,,,,,,0,16,16,1,17,16,14,2
Ryan N Boyer,,,,,,,,,,,0,14,3,14,13,14,2
Jennifer Lentz,,,,,,,,,,,,0,3,16,15,11,2
Kat Richter,,,,,,,,,,,,,0,2,0,1,2
Ted Kirsch,,,,,,,,,,,,,,0,15,11,2
Angel Cruz,,,,,,,,,,,,,,,0,13,2
Anne Wakabayashi,,,,,,,,,,,,,,,,0,2
Total,58,50,40,33,26,25,25,22,21,20,20,19,19,18,17,17,2
,Delegate To The Democratic National Convention 1st District,,,,,,,,,,,,,,,,3
,Thaddeus Kirkland,Blake Rutherford,H Douglass Brown,Maria Quinones Sanchez,Peter Cutty,Anne Wakabayashi,Ted Kirsch,Ryan N Boyer,Amanda Mcillmurray,Kat Richter,Angel Cruz,Cathy Brady,Jennifer Lentz,Leanne Krueger Braneky,Jacob Adeniran,Katherine Hunter Snyder,3
Thaddeus Kirkland,16,29,8,23,8,24,22,21,4,3,19,17,17,18,3,5,3
Blake Rutherford,,4,5,21,8,22,22,21,3,3,18,18,16,17,3,5,3
H Douglass Brown,,,7,5,18,5,4,5,19,18,2,3,5,3,15,13,3
Maria Quinones Sanchez,,,,5,7,20,20,22,6,5,19,16,17,18,5,6,3
Peter Cutty,,,,,4,6,4,7,17,15,3,4,5,4,16,13,3
Anne Wakabayashi,,,,,,0,21,20,5,4,19,19,18,19,4,5,3
Ted Kirsch,,,,,,,0,20,3,3,19,16,17,17,3,6,3
Ryan N Boyer,,,,,,,,0,5,4,19,17,18,18,5,5,3
Amanda Mcillmurray,,,,,,,,,0,19,2,3,4,2,17,15,3
Kat Richter,,,,,,,,,,0,2,1,4,4,15,12,3
Angel Cruz,,,,,,,,,,,0,15,16,16,2,3,3
Cathy Brady,,,,,,,,,,,,1,14,15,3,4,3
Jennifer Lentz,,,,,,,,,,,,,0,18,3,3,3
Leanne Krueger Braneky,,,,,,,,,,,,,,0,2,3,3
Jacob Adeniran,,,,,,,,,,,,,,,0,14,3
Katherine Hunter Snyder,,,,,,,,,,,,,,,,1,3
Total,51,34,34,33,28,26,25,24,23,22,20,20,20,20,19,19,3
,Delegate To The Democratic National Convention 1st District,,,,,,,,,,,,,,,,4
,Thaddeus Kirkland,Blake Rutherford,H Douglass Brown,Maria Quinones Sanchez,Ryan N Boyer,Angel Cruz,Leanne Krueger Braneky,Jennifer Lentz,Peter Cutty,Anne Wakabayashi,Ted Kirsch,Cathy Brady,Amanda Mcillmurray,Kat Richter,Katherine Hunter Snyder,Jacob Adeniran,4
Thaddeus Kirkland,22,54,17,36,36,32,35,33,11,33,27,23,9,8,10,6,4
Blake Rutherford,,8,12,30,31,29,28,32,11,31,26,22,6,6,7,6,4
H Douglass Brown,,,12,7,8,7,6,8,31,4,3,4,23,22,21,18,4
Maria Quinones Sanchez,,,,5,30,30,33,29,4,31,28,22,6,7,7,6,4
Ryan N Boyer,,,,,0,28,30,30,5,31,26,25,7,7,9,6,4
Angel Cruz,,,,,,0,29,29,6,27,27,24,7,7,7,7,4
Leanne Krueger Braneky,,,,,,,0,27,4,31,27,22,5,7,6,4,4
Jennifer Lentz,,,,,,,,0,5,29,26,22,7,7,7,7,4
Peter Cutty,,,,,,,,,3,3,3,1,20,20,19,16,4
Anne Wakabayashi,,,,,,,,,,0,25,21,5,4,6,2,4
Ted Kirsch,,,,,,,,,,,0,19,3,4,5,4,4
Cathy Brady,,,,,,,,,,,,0,3,4,3,4,4
Amanda Mcillmurray,,,,,,,,,,,,,1,20,20,18,4
Kat Richter,,,,,,,,,,,,,,0,21,17,4
Katherine Hunter Snyder,,,,,,,,,,,,,,,0,16,4
Jacob Adeniran,,,,,,,,,,,,,,,,0,4
Total,91,67,54,46,40,38,38,37,37,36,30,29,27,25,24,21,4
,Delegate To The Democratic National Convention 1st District,,,,,,,,,,,,,,,,5
,Thaddeus Kirkland,Blake Rutherford,H Douglass Brown,Cathy Brady,Maria Quinones Sanchez,Ryan N Boyer,Anne Wakabayashi,Peter Cutty,Jennifer Lentz,Amanda Mcillmurray,Leanne Krueger Braneky,Angel Cruz,Ted Kirsch,Katherine Hunter Snyder,Kat Richter,Jacob Adeniran,5
Thaddeus Kirkland,13,39,16,27,24,27,27,14,26,11,25,21,21,9,5,3,5
Blake Rutherford,,6,15,25,23,27,27,13,24,10,26,22,22,7,5,1,5
H Douglass Brown,,,12,10,8,12,8,29,8,24,9,7,3,21,16,9,5
Cathy Brady,,,,1,22,24,22,7,23,9,24,23,21,7,4,1,5
Maria Quinones Sanchez,,,,,2,24,21,7,23,10,23,23,20,6,5,2,5
Ryan N Boyer,,,,,,0,26,10,25,10,25,22,21,8,5,3,5
Anne Wakabayashi,,,,,,,1,6,26,8,24,19,20,5,3,1,5
Peter Cutty,,,,,,,,1,7,21,6,6,4,17,16,9,5
Jennifer Lentz,,,,,,,,,0,8,23,21,21,6,5,2,5
Amanda Mcillmurray,,,,,,,,,,1,6,6,5,19,17,8,5
Leanne Krueger Braneky,,,,,,,,,,,0,21,19,6,2,0,5
Angel Cruz,,,,,,,,,,,,0,19,6,4,2,5
Ted Kirsch,,,,,,,,,,,,,0,3,2,0,5
Katherine Hunter Snyder,,,,,,,,,,,,,,1,14,8,5
Kat Richter,,,,,,,,,,,,,,,0,7,5
Jacob Adeniran,,,,,,,,,,,,,,,,0,5
Total,57,49,46,32,32,32,31,31,30,29,29,27,25,24,18,9,5
,Delegate To The Democratic National Convention 1st District,,,,,,,,,,,,,,,,6
,Thaddeus Kirkland,Blake Rutherford,H Douglass Brown,Maria Quinones Sanchez,Jennifer Lentz,Amanda Mcillmurray,Cathy Brady,Peter Cutty,Anne Wakabayashi,Kat Richter,Ted Kirsch,Angel Cruz,Ryan N Boyer,Jacob Adeniran,Leanne Krueger Braneky,Katherine Hunter Snyder,6
Thaddeus Kirkland,18,55,14,38,32,12,36,11,38,8,28,27,33,4,27,5,6
Blake Rutherford,,4,14,35,36,13,32,15,34,7,30,28,33,7,25,4,6
H Douglass Brown,,,10,11,13,37,9,36,8,34,8,9,6,30,7,26,6
Maria Quinones Sanchez,,,,9,32,12,32,10,32,9,32,31,28,8,28,8,6
Jennifer Lentz,,,,,1,13,32,14,30,10,30,32,28,8,24,5,6
Amanda Mcillmurray,,,,,,3,8,31,10,32,7,8,6,29,8,25,6
Cathy Brady,,,,,,,1,7,33,5,28,28,27,5,25,4,6
Peter Cutty,,,,,,,,3,8,26,8,9,6,26,7,21,6
Anne Wakabayashi,,,,,,,,,0,5,24,25,28,4,28,3,6
Kat Richter,,,,,,,,,,1,8,8,3,30,4,24,6
Ted Kirsch,,,,,,,,,,,1,30,26,8,24,5,6
Angel Cruz,,,,,,,,,,,,0,24,9,24,4,6
Ryan N Boyer,,,,,,,,,,,,,0,2,22,0,6
Jacob Adeniran,,,,,,,,,,,,,,0,6,21,6
Leanne Krueger Braneky,,,,,,,,,,,,,,,0,4,6
Katherine Hunter Snyder,,,,,,,,,,,,,,,,0,6
Total,83,66,57,55,45,44,43,42,41,37,37,35,35,33,32,26,6
,Delegate To The Democratic National Convention 1st District,,,,,,,,,,,,,,,,7
,Thaddeus Kirkland,Blake Rutherford,H Douglass Brown,Maria Quinones Sanchez,Leanne Krueger Braneky,Anne Wakabayashi,Angel Cruz,Cathy Brady,Jennifer Lentz,Peter Cutty,Ryan N Boyer,Ted Kirsch,Amanda Mcillmurray,Kat Richter,Katherine Hunter Snyder,Jacob Adeniran,7
Thaddeus Kirkland,17,49,13,42,42,42,38,39,37,15,38,36,11,7,6,5,7
Blake Rutherford,,8,9,34,34,37,33,36,34,9,34,33,6,3,5,3,7
H Douglass Brown,,,15,6,9,4,8,5,9,32,7,4,32,25,23,23,7
Maria Quinones Sanchez,,,,3,41,39,38,34,34,8,34,35,8,7,5,4,7
Leanne Krueger Braneky,,,,,0,41,38,36,37,10,35,34,10,6,6,6,7
Anne Wakabayashi,,,,,,1,34,36,33,6,34,33,5,2,3,2,7
Angel Cruz,,,,,,,1,34,33,10,34,37,9,8,8,8,7
Cathy Brady,,,,,,,,2,36,8,35,35,7,4,4,3,7
Jennifer Lentz,,,,,,,,,0,10,32,32,10,6,6,5,7
Peter Cutty,,,,,,,,,,4,10,7,30,24,21,23,7
Ryan N Boyer,,,,,,,,,,,0,33,9,6,4,3,7
Ted Kirsch,,,,,,,,,,,,0,6,5,4,4,7
Amanda Mcillmurray,,,,,,,,,,,,,1,27,23,23,7
Kat Richter,,,,,,,,,,,,,,0,21,21,7
Katherine Hunter Snyder,,,,,,,,,,,,,,,0,20,7
Jacob Adeniran,,,,,,,,,,,,,,,,0,7
Total,79,60,52,49,48,46,44,42,40,39,39,38,35,27,25,24,7
,Delegate To The Democratic National Convention 1st District,,,,,,,,,,,,,,,,8
,Thaddeus Kirkland,Ted Kirsch,H Douglass Brown,Blake Rutherford,Maria Quinones Sanchez,Peter Cutty,Jennifer Lentz,Leanne Krueger Braneky,Ryan N Boyer,Amanda Mcillmurray,Anne Wakabayashi,Cathy Brady,Angel Cruz,Kat Richter,Katherine Hunter Snyder,Jacob Adeniran,8
Thaddeus Kirkland,13,31,15,45,30,16,34,33,35,12,33,31,32,9,5,3,8
Ted Kirsch,,23,9,30,30,12,30,32,30,10,28,28,29,8,8,7,8
H Douglass Brown,,,13,12,9,35,11,10,10,33,9,6,5,29,28,25,8
Blake Rutherford,,,,2,27,13,33,33,34,8,34,31,31,7,4,1,8
Maria Quinones Sanchez,,,,,11,8,27,27,29,9,26,26,26,8,7,6,8
Peter Cutty,,,,,,3,12,13,12,28,10,7,7,26,24,24,8
Jennifer Lentz,,,,,,,0,34,33,13,34,30,29,10,8,6,8
Leanne Krueger Braneky,,,,,,,,0,32,12,33,29,31,10,9,6,8
Ryan N Boyer,,,,,,,,,1,10,32,31,30,9,6,6,8
Amanda Mcillmurray,,,,,,,,,,1,10,7,6,31,28,24,8
Anne Wakabayashi,,,,,,,,,,,0,29,28,9,6,3,8
Cathy Brady,,,,,,,,,,,,1,28,7,4,2,8
Angel Cruz,,,,,,,,,,,,,0,5,4,2,8
Kat Richter,,,,,,,,,,,,,,0,25,22,8
Katherine Hunter Snyder,,,,,,,,,,,,,,,1,23,8
Jacob Adeniran,,,,,,,,,,,,,,,,0,8
Total,66,64,54,50,48,43,41,40,40,39,39,35,34,33,30,26,8
,Delegate To The Democratic National Convention 1st District,,,,,,,,,,,,,,,,9
,Thaddeus Kirkland,Maria Quinones Sanchez,Blake Rutherford,Cathy Brady,Angel Cruz,H Douglass Brown,Jennifer Lentz,Ted Kirsch,Leanne Krueger Braneky,Ryan N Boyer,Anne Wakabayashi,Peter Cutty,Amanda Mcillmurray,Kat Richter,Jacob Adeniran,Katherine Hunter Snyder,9
Thaddeus Kirkland,8,32,40,27,25,7,26,26,26,27,24,9,5,4,2,2,9
Maria Quinones Sanchez,,7,30,30,30,9,28,29,28,26,27,9,6,6,5,6,9
Blake Rutherford,,,0,27,27,8,25,25,25,26,26,10,4,2,1,1,9
Cathy Brady,,,,1,26,7,25,26,26,25,25,7,6,4,4,4,9
Angel Cruz,,,,,0,6,24,26,24,23,23,6,3,3,2,3,9
H Douglass Brown,,,,,,9,9,3,5,4,5,23,15,15,12,11,9
Jennifer Lentz,,,,,,,0,25,23,23,24,9,8,5,5,6,9
Ted Kirsch,,,,,,,,0,25,23,24,3,3,2,3,3,9
Leanne Krueger Braneky,,,,,,,,,0,24,24,5,5,3,2,3,9
Ryan N Boyer,,,,,,,,,,0,23,4,4,2,2,1,9
Anne Wakabayashi,,,,,,,,,,,0,5,4,2,2,2,9
Peter Cutty,,,,,,,,,,,,3,15,15,12,11,9
Amanda Mcillmurray,,,,,,,,,,,,,0,12,12,10,9
Kat Richter,,,,,,,,,,,,,,0,12,11,9
Jacob Adeniran,,,,,,,,,,,,,,,0,10,9
Katherine Hunter Snyder,,,,,,,,,,,,,,,,0,9
Total,56,48,44,33,32,32,31,30,29,29,28,28,17,16,14,12,9
,Delegate To The Democratic National Convention 1st District,,,,,,,,,,,,,,,,11
,Thaddeus Kirkland,Blake Rutherford,H Douglass Brown,Maria Quinones Sanchez,Jennifer Lentz,Anne Wakabayashi,Ryan N Boyer,Angel Cruz,Cathy Brady,Peter Cutty,Leanne Krueger Braneky,Ted Kirsch,Amanda Mcillmurray,Kat Richter,Jacob Adeniran,Katherine Hunter Snyder,11
Thaddeus Kirkland,29,76,18,52,48,47,46,43,43,19,43,38,14,14,12,12,11
Blake Rutherford,,3,13,43,44,43,43,40,41,14,39,38,10,10,8,9,11
H Douglass Brown,,,18,14,10,6,7,9,12,37,3,5,31,27,25,25,11
Maria Quinones Sanchez,,,,3,40,42,41,43,40,13,41,39,12,13,14,13,11
Jennifer Lentz,,,,,1,39,40,39,40,11,35,36,10,8,7,9,11
Anne Wakabayashi,,,,,,0,39,37,38,7,40,35,6,5,4,5,11
Ryan N Boyer,,,,,,,1,38,37,12,36,35,8,9,8,3,11
Angel Cruz,,,,,,,,1,37,12,36,38,11,8,8,9,11
Cathy Brady,,,,,,,,,0,13,35,34,12,10,9,9,11
Peter Cutty,,,,,,,,,,3,5,6,30,26,25,21,11
Leanne Krueger Braneky,,,,,,,,,,,0,35,4,4,3,4,11
Ted Kirsch,,,,,,,,,,,,0,4,5,7,6,11
Amanda Mcillmurray,,,,,,,,,,,,,0,27,24,24,11
Kat Richter,,,,,,,,,,,,,,0,25,21,11
Jacob Adeniran,,,,,,,,,,,,,,,0,22,11
Katherine Hunter Snyder,,,,,,,,,,,,,,,,0,11
Total,120,83,60,59,51,49,49,48,47,45,43,42,33,30,28,27,11
,Delegate To The Democratic National Convention 1st District,,,,,,,,,,,,,,,,12
,Thaddeus Kirkland,Blake Rutherford,H Douglass Brown,Maria Quinones Sanchez,Leanne Krueger Braneky,Jennifer Lentz,Cathy Brady,Peter Cutty,Ryan N Boyer,Angel Cruz,Ted Kirsch,Anne Wakabayashi,Amanda Mcillmurray,Katherine Hunter Snyder,Kat Richter,Jacob Adeniran,12
Thaddeus Kirkland,34,42,7,29,31,27,27,9,26,24,24,24,8,4,4,0,12
Blake Rutherford,,7,11,28,31,27,27,11,26,26,23,22,11,7,6,3,12
H Douglass Brown,,,12,6,9,7,6,25,5,5,3,4,18,16,15,12,12
Maria Quinones Sanchez,,,,3,32,28,30,8,29,27,26,22,10,8,7,6,12
Leanne Krueger Braneky,,,,,0,31,30,11,28,28,27,25,13,10,9,6,12
Jennifer Lentz,,,,,,2,27,8,27,25,25,21,10,7,7,5,12
Cathy Brady,,,,,,,0,7,28,27,25,21,9,7,6,6,12
Peter Cutty,,,,,,,,3,7,6,5,4,19,17,17,13,12
Ryan N Boyer,,,,,,,,,1,26,26,21,7,6,6,5,12
Angel Cruz,,,,,,,,,,0,25,18,7,7,7,6,12
Ted Kirsch,,,,,,,,,,,0,18,5,6,6,4,12
Anne Wakabayashi,,,,,,,,,,,,0,6,3,1,1,12
Amanda Mcillmurray,,,,,,,,,,,,,0,18,17,14,12
Katherine Hunter Snyder,,,,,,,,,,,,,,1,19,16,12
Kat Richter,,,,,,,,,,,,,,,0,15,12
Jacob Adeniran,,,,,,,,,,,,,,,,0,12
Total,80,54,40,39,38,35,33,32,32,31,28,25,24,22,20,16,12
,Delegate To The Democratic National Convention 1st District,,,,,,,,,,,,,,,,13
,Thaddeus Kirkland,Blake Rutherford,H Douglass Brown,Maria Quinones Sanchez,Ryan N Boyer,Angel Cruz,Peter Cutty,Anne Wakabayashi,Cathy Brady,Jennifer Lentz,Ted Kirsch,Amanda Mcillmurray,Kat Richter,Leanne Krueger Braneky,Katherine Hunter Snyder,Jacob Adeniran,13
Thaddeus Kirkland,24,56,26,36,44,38,22,40,37,33,34,15,12,31,10,10,13
Blake Rutherford,,7,23,35,44,39,20,40,36,37,34,14,11,29,8,7,13
H Douglass Brown,,,15,17,18,14,44,11,12,12,8,35,36,7,31,27,13
Maria Quinones Sanchez,,,,7,35,38,14,35,33,31,31,14,12,30,11,9,13
Ryan N Boyer,,,,,0,40,13,41,36,37,34,16,12,31,9,9,13
Angel Cruz,,,,,,1,10,36,36,34,32,13,10,29,8,9,13
Peter Cutty,,,,,,,2,9,10,10,7,30,30,6,27,25,13
Anne Wakabayashi,,,,,,,,0,35,34,36,10,6,34,5,4,13
Cathy Brady,,,,,,,,,1,30,31,11,9,29,7,6,13
Jennifer Lentz,,,,,,,,,,0,32,11,8,27,6,6,13
Ted Kirsch,,,,,,,,,,,0,7,8,30,7,7,13
Amanda Mcillmurray,,,,,,,,,,,,0,31,6,26,26,13
Kat Richter,,,,,,,,,,,,,0,4,30,28,13
Leanne Krueger Braneky,,,,,,,,,,,,,,0,4,4,13
Katherine Hunter Snyder,,,,,,,,,,,,,,,0,25,13
Jacob Adeniran,,,,,,,,,,,,,,,,0,13
Total,92,72,72,53,51,48,48,46,43,43,40,39,39,36,31,29,13
,Delegate To The Democratic National Convention 1st District,,,,,,,,,,,,,,,,14
,Thaddeus Kirkland,Blake Rutherford,Maria Quinones Sanchez,Anne Wakabayashi,Leanne Krueger Braneky,Angel Cruz,Jennifer Lentz,Ryan N Boyer,Cathy Brady,Ted Kirsch,H Douglass Brown,Peter Cutty,Amanda Mcillmurray,Kat Richter,Jacob Adeniran,Katherine Hunter Snyder,14
Thaddeus Kirkland,26,78,67,69,65,59,61,59,56,55,15,14,9,6,6,6,14
Blake Rutherford,,7,53,56,53,52,55,53,52,48,10,9,6,3,2,3,14
Maria Quinones Sanchez,,,14,64,60,56,55,55,53,54,5,5,5,3,4,5,14
Anne Wakabayashi,,,,0,63,59,61,60,57,55,7,6,6,4,5,4,14
Leanne Krueger Braneky,,,,,2,57,56,56,55,54,5,4,5,3,3,2,14
Angel Cruz,,,,,,0,59,56,57,54,9,10,10,8,7,8,14
Jennifer Lentz,,,,,,,0,60,56,53,9,8,9,6,6,6,14
Ryan N Boyer,,,,,,,,1,58,54,5,6,5,3,4,5,14
Cathy Brady,,,,,,,,,1,53,4,6,7,3,2,4,14
Ted Kirsch,,,,,,,,,,0,2,1,1,0,2,2,14
H Douglass Brown,,,,,,,,,,,11,38,28,25,25,22,14
Peter Cutty,,,,,,,,,,,,3,30,26,23,24,14
Amanda Mcillmurray,,,,,,,,,,,,,1,27,23,23,14
Kat Richter,,,,,,,,,,,,,,0,22,21,14
Jacob Adeniran,,,,,,,,,,,,,,,0,21,14
Katherine Hunter Snyder,,,,,,,,,,,,,,,,0,14
Total,124,87,85,74,70,68,67,65,63,58,52,46,34,27,25,25,14
,Delegate To The Democratic National Convention 1st District,,,,,,,,,,,,,,,,15
,Thaddeus Kirkland,H Douglass Brown,Anne Wakabayashi,Blake Rutherford,Maria Quinones Sanchez,Angel Cruz,Jennifer Lentz,Cathy Brady,Ryan N Boyer,Leanne Krueger Braneky,Peter Cutty,Ted Kirsch,Amanda Mcillmurray,Katherine Hunter Snyder,Kat Richter,Jacob Adeniran,15
Thaddeus Kirkland,33,13,52,52,43,43,45,44,45,43,12,37,10,10,6,4,15
H Douglass Brown,,12,9,10,9,11,11,8,7,6,39,6,37,32,35,28,15
Anne Wakabayashi,,,0,43,44,40,45,42,42,42,9,38,10,10,8,5,15
Blake Rutherford,,,,2,34,38,45,42,43,39,9,34,7,6,5,2,15
Maria Quinones Sanchez,,,,,2,45,39,41,36,41,8,40,9,11,9,8,15
Angel Cruz,,,,,,1,42,40,39,38,11,40,10,12,9,9,15
Jennifer Lentz,,,,,,,0,44,42,41,11,36,13,9,9,6,15
Cathy Brady,,,,,,,,0,40,41,7,36,9,7,6,4,15
Ryan N Boyer,,,,,,,,,0,37,6,34,6,4,5,2,15
Leanne Krueger Braneky,,,,,,,,,,1,8,34,8,6,5,3,15
Peter Cutty,,,,,,,,,,,3,5,35,30,31,28,15
Ted Kirsch,,,,,,,,,,,,0,5,7,6,5,15
Amanda Mcillmurray,,,,,,,,,,,,,0,34,36,29,15
Katherine Hunter Snyder,,,,,,,,,,,,,,0,32,27,15
Kat Richter,,,,,,,,,,,,,,,0,28,15
Jacob Adeniran,,,,,,,,,,,,,,,,0,15
Total,101,59,58,58,57,56,54,50,50,49,46,44,43,39,38,31,15
,Delegate To The Democratic National Convention 1st District,,,,,,,,,,,,,,,,16
,Thaddeus Kirkland,H Douglass Brown,Blake Rutherford,Peter Cutty,Leanne Krueger Braneky,Jennifer Lentz,Anne Wakabayashi,Amanda Mcillmurray,Ryan N Boyer,Angel Cruz,Katherine Hunter Snyder,Kat Richter,Maria Quinones Sanchez,Jacob Adeniran,Ted Kirsch,Cathy Brady,16
Thaddeus Kirkland,20,12,45,13,33,33,34,9,33,30,6,8,29,5,25,23,16
H Douglass Brown,,12,9,36,6,9,3,31,7,7,29,30,4,26,3,5,16
Blake Rutherford,,,3,8,30,32,27,6,30,27,5,7,23,4,22,23,16
Peter Cutty,,,,3,9,10,7,28,6,7,28,27,6,26,5,5,16
Leanne Krueger Braneky,,,,,0,32,33,5,30,28,6,7,26,5,26,21,16
Jennifer Lentz,,,,,,0,30,8,30,29,7,7,24,5,25,24,16
Anne Wakabayashi,,,,,,,1,4,28,27,5,3,26,2,22,20,16
Amanda Mcillmurray,,,,,,,,0,5,6,26,27,5,25,5,3,16
Ryan N Boyer,,,,,,,,,0,28,4,6,22,3,22,22,16
Angel Cruz,,,,,,,,,,0,7,7,21,5,22,20,16
Katherine Hunter Snyder,,,,,,,,,,,0,24,5,23,5,2,16
Kat Richter,,,,,,,,,,,,0,6,26,4,4,16
Maria Quinones Sanchez,,,,,,,,,,,,,0,4,22,17,16
Jacob Adeniran,,,,,,,,,,,,,,0,4,2,16
Ted Kirsch,,,,,,,,,,,,,,,0,16,16
Cathy Brady,,,,,,,,,,,,,,,,1,16
Total,79,58,52,46,40,39,37,35,35,34,33,32,32,28,28,26,16
,Delegate To The Democratic National Convention 1st District,,,,,,,,,,,,,,,,17
,Thaddeus Kirkland,Blake Rutherford,H Douglass Brown,Amanda Mcillmurray,Anne Wakabayashi,Maria Quinones Sanchez,Leanne Krueger Braneky,Peter Cutty,Kat Richter,Angel Cruz,Cathy Brady,Katherine Hunter Snyder,Jennifer Lentz,Ryan N Boyer,Jacob Adeniran,Ted Kirsch,17
Thaddeus Kirkland,17,47,12,16,36,36,38,12,10,33,33,9,33,32,9,25,17
Blake Rutherford,,7,10,12,33,30,30,11,9,31,32,10,30,32,8,25,17
H Douglass Brown,,,11,35,7,7,7,34,31,7,8,31,5,8,32,2,17
Amanda Mcillmurray,,,,0,9,12,11,31,35,12,13,35,11,10,34,6,17
Anne Wakabayashi,,,,,2,31,34,6,9,30,31,9,27,31,8,21,17
Maria Quinones Sanchez,,,,,,1,31,9,9,34,32,6,28,28,8,22,17
Leanne Krueger Braneky,,,,,,,0,6,5,32,30,7,29,30,7,22,17
Peter Cutty,,,,,,,,3,27,9,9,29,7,8,29,4,17
Kat Richter,,,,,,,,,1,8,9,33,7,11,30,5,17
Angel Cruz,,,,,,,,,,0,31,9,29,31,8,25,17
Cathy Brady,,,,,,,,,,,0,10,30,29,10,22,17
Katherine Hunter Snyder,,,,,,,,,,,,0,10,10,31,7,17
Jennifer Lentz,,,,,,,,,,,,,1,27,8,21,17
Ryan N Boyer,,,,,,,,,,,,,,0,7,22,17
Jacob Adeniran,,,,,,,,,,,,,,,0,3,17
Ted Kirsch,,,,,,,,,,,,,,,,0,17
Total,77,57,53,45,44,42,41,41,40,39,39,39,38,38,36,27,17
,Delegate To The Democratic National Convention 1st District,,,,,,,,,,,,,,,,18
,Thaddeus Kirkland,Blake Rutherford,H Douglass Brown,Anne Wakabayashi,Jennifer Lentz,Peter Cutty,Ryan N Boyer,Amanda Mcillmurray,Leanne Krueger Braneky,Maria Quinones Sanchez,Angel Cruz,Katherine Hunter Snyder,Jacob Adeniran,Kat Richter,Ted Kirsch,Cathy Brady,18
Thaddeus Kirkland,20,48,15,36,36,14,36,11,34,32,29,7,6,5,23,19,18
Blake Rutherford,,7,12,35,34,13,34,10,31,31,28,7,5,5,23,18,18
H Douglass Brown,,,8,9,12,35,11,31,5,5,4,26,26,25,3,3,18
Anne Wakabayashi,,,,3,34,9,33,9,33,31,27,7,5,6,26,18,18
Jennifer Lentz,,,,,0,11,36,12,30,29,27,10,6,7,24,16,18
Peter Cutty,,,,,,2,10,26,7,5,4,22,23,21,3,2,18
Ryan N Boyer,,,,,,,0,11,29,28,25,7,6,7,23,16,18
Amanda Mcillmurray,,,,,,,,1,7,7,3,25,26,26,3,4,18
Leanne Krueger Braneky,,,,,,,,,0,28,28,5,1,1,23,18,18
Maria Quinones Sanchez,,,,,,,,,,2,26,5,3,3,21,15,18
Angel Cruz,,,,,,,,,,,1,5,1,0,21,16,18
Katherine Hunter Snyder,,,,,,,,,,,,0,22,21,3,2,18
Jacob Adeniran,,,,,,,,,,,,,0,24,2,1,18
Kat Richter,,,,,,,,,,,,,,0,4,1,18
Ted Kirsch,,,,,,,,,,,,,,,0,15,18
Cathy Brady,,,,,,,,,,,,,,,,0,18
Total,75,57,51,43,40,40,39,37,36,35,31,29,28,28,26,19,18
,Delegate To The Democratic National Convention 1st District,,,,,,,,,,,,,,,,19
,Thaddeus Kirkland,Blake Rutherford,H Douglass Brown,Leanne Krueger Braneky,Maria Quinones Sanchez,Anne Wakabayashi,Ted Kirsch,Jennifer Lentz,Angel Cruz,Peter Cutty,Ryan N Boyer,Cathy Brady,Katherine Hunter Snyder,Amanda Mcillmurray,Kat Richter,Jacob Adeniran,19
Thaddeus Kirkland,13,30,5,24,23,23,20,19,20,5,22,21,6,5,4,1,19
Blake Rutherford,,6,5,24,23,22,20,20,21,5,22,20,7,6,5,2,19
H Douglass Brown,,,12,6,7,6,5,6,6,17,5,5,13,14,13,12,19
Leanne Krueger Braneky,,,,3,25,24,20,20,21,7,21,19,9,7,7,5,19
Maria Quinones Sanchez,,,,,0,22,23,21,21,6,19,20,10,7,7,6,19
Anne Wakabayashi,,,,,,0,20,19,21,4,22,19,7,5,5,4,19
Ted Kirsch,,,,,,,1,22,20,5,21,19,8,5,5,5,19
Jennifer Lentz,,,,,,,,0,18,7,19,18,8,8,7,6,19
Angel Cruz,,,,,,,,,0,5,20,20,7,6,6,5,19
Peter Cutty,,,,,,,,,,3,4,3,16,16,15,13,19
Ryan N Boyer,,,,,,,,,,,0,20,6,4,4,3,19
Cathy Brady,,,,,,,,,,,,0,5,4,3,3,19
Katherine Hunter Snyder,,,,,,,,,,,,,0,16,16,13,19
Amanda Mcillmurray,,,,,,,,,,,,,,1,16,13,19
Kat Richter,,,,,,,,,,,,,,,0,12,19
Jacob Adeniran,,,,,,,,,,,,,,,,0,19
Total,48,39,32,32,30,27,27,26,25,25,25,24,20,19,16,14,19
,Delegate To The Democratic National Convention 1st District,,,,,,,,,,,,,,,,21
,Thaddeus Kirkland,H Douglass Brown,Blake Rutherford,Peter Cutty,Amanda Mcillmurray,Jennifer Lentz,Kat Richter,Leanne Krueger Braneky,Ryan N Boyer,Anne Wakabayashi,Jacob Adeniran,Angel Cruz,Katherine Hunter Snyder,Maria Quinones Sanchez,Cathy Brady,Ted Kirsch,21
Thaddeus Kirkland,12,13,33,8,10,25,9,25,23,24,6,20,7,22,17,10,21
H Douglass Brown,,3,11,34,31,11,27,10,10,6,25,7,25,5,7,1,21
Blake Rutherford,,,2,7,10,24,9,25,24,25,5,20,5,20,18,10,21
Peter Cutty,,,,1,27,8,25,7,8,5,23,6,23,4,5,1,21
Amanda Mcillmurray,,,,,0,11,30,11,11,7,25,9,25,7,8,2,21
Jennifer Lentz,,,,,,0,10,25,24,22,9,22,10,21,18,10,21
Kat Richter,,,,,,,0,11,12,8,24,9,23,8,7,2,21
Leanne Krueger Braneky,,,,,,,,0,22,23,8,23,9,22,19,10,21
Ryan N Boyer,,,,,,,,,1,22,9,20,7,20,17,9,21
Anne Wakabayashi,,,,,,,,,,0,6,19,3,21,19,10,21
Jacob Adeniran,,,,,,,,,,,0,9,23,7,9,3,21
Angel Cruz,,,,,,,,,,,,1,8,21,19,10,21
Katherine Hunter Snyder,,,,,,,,,,,,,0,6,6,3,21
Maria Quinones Sanchez,,,,,,,,,,,,,,0,17,11,21
Cathy Brady,,,,,,,,,,,,,,,0,8,21
Ted Kirsch,,,,,,,,,,,,,,,,0,21
Total,52,42,39,35,34,31,31,30,30,29,28,27,27,27,24,12,21
,Delegate To The Democratic National Convention 1st District,,,,,,,,,,,,,,,,22
,Thaddeus Kirkland,Blake Rutherford,H Douglass Brown,Anne Wakabayashi,Jennifer Lentz,Maria Quinones Sanchez,Angel Cruz,Cathy Brady,Amanda Mcillmurray,Leanne Krueger Braneky,Peter Cutty,Ted Kirsch,Kat Richter,Jacob Adeniran,Ryan N Boyer,Katherine Hunter Snyder,22
Thaddeus Kirkland,19,38,9,30,27,27,22,25,5,27,9,24,3,3,19,1,22
Blake Rutherford,,3,13,28,24,25,23,24,7,23,11,22,5,6,20,3,22
H Douglass Brown,,,2,7,7,5,6,6,26,2,23,4,23,22,5,20,22
Anne Wakabayashi,,,,1,27,28,23,25,5,25,6,22,3,3,21,2,22
Jennifer Lentz,,,,,0,25,24,26,8,23,5,23,5,5,23,3,22
Maria Quinones Sanchez,,,,,,1,24,24,5,25,3,23,5,6,18,4,22
Angel Cruz,,,,,,,1,24,5,20,4,21,5,6,19,6,22
Cathy Brady,,,,,,,,0,6,23,4,20,4,4,21,4,22
Amanda Mcillmurray,,,,,,,,,0,3,18,2,23,20,7,20,22
Leanne Krueger Braneky,,,,,,,,,,0,2,21,1,1,17,0,22
Peter Cutty,,,,,,,,,,,2,2,14,14,5,15,22
Ted Kirsch,,,,,,,,,,,,1,2,3,15,1,22
Kat Richter,,,,,,,,,,,,,0,22,4,19,22
Jacob Adeniran,,,,,,,,,,,,,,0,3,17,22
Ryan N Boyer,,,,,,,,,,,,,,,0,3,22
Katherine Hunter Snyder,,,,,,,,,,,,,,,,0,22
Total,63,45,37,35,33,32,30,30,29,27,26,26,25,24,24,22,22
,Delegate To The Democratic National Convention 1st District,,,,,,,,,,,,,,,,23
,Thaddeus Kirkland,Blake Rutherford,H Douglass Brown,Anne Wakabayashi,Jennifer Lentz,Leanne Krueger Braneky,Maria Quinones Sanchez,Peter Cutty,Ryan N Boyer,Kat Richter,Amanda Mcillmurray,Ted Kirsch,Angel Cruz,Cathy Brady,Katherine Hunter Snyder,Jacob Adeniran,23
Thaddeus Kirkland,8,37,12,34,31,31,29,11,29,10,8,26,25,26,8,4,23
Blake Rutherford,,1,8,28,29,26,27,7,27,8,6,24,23,26,5,3,23
H Douglass Brown,,,5,7,9,5,4,29,8,24,24,6,6,3,22,18,23
Anne Wakabayashi,,,,0,31,30,29,5,30,9,6,26,24,26,6,3,23
Jennifer Lentz,,,,,0,28,26,8,32,13,9,28,26,27,9,4,23
Leanne Krueger Braneky,,,,,,0,28,4,27,8,7,26,22,24,6,5,23
Maria Quinones Sanchez,,,,,,,2,2,24,6,4,24,20,23,4,3,23
Peter Cutty,,,,,,,,0,7,26,26,5,7,2,22,20,23
Ryan N Boyer,,,,,,,,,0,10,8,24,24,26,8,4,23
Kat Richter,,,,,,,,,,0,28,8,8,5,22,21,23
Amanda Mcillmurray,,,,,,,,,,,1,5,6,3,22,21,23
Ted Kirsch,,,,,,,,,,,,0,22,22,6,3,23
Angel Cruz,,,,,,,,,,,,,0,22,6,3,23
Cathy Brady,,,,,,,,,,,,,,0,5,1,23
Katherine Hunter Snyder,,,,,,,,,,,,,,,1,19,23
Jacob Adeniran,,,,,,,,,,,,,,,,0,23
Total,55,40,39,37,37,34,34,34,33,32,31,30,28,28,27,23,23
,Delegate To The Democratic National Convention 1st District,,,,,,,,,,,,,,,,24
,Thaddeus Kirkland,Blake Rutherford,H Douglass Brown,Ryan N Boyer,Anne Wakabayashi,Peter Cutty,Cathy Brady,Jennifer Lentz,Maria Quinones Sanchez,Amanda Mcillmurray,Angel Cruz,Leanne Krueger Braneky,Kat Richter,Ted Kirsch,Jacob Adeniran,Katherine Hunter Snyder,24
Thaddeus Kirkland,10,44,15,36,35,12,33,32,33,13,30,32,12,28,7,8,24
Blake Rutherford,,1,12,35,31,8,30,32,26,12,27,25,10,27,4,4,24
H Douglass Brown,,,7,8,5,30,8,8,3,28,5,4,28,1,23,22,24
Ryan N Boyer,,,,0,31,7,30,32,27,10,26,27,8,26,1,3,24
Anne Wakabayashi,,,,,0,7,26,28,28,6,26,30,4,25,1,3,24
Peter Cutty,,,,,,2,5,6,4,26,7,5,25,2,22,24,24
Cathy Brady,,,,,,,0,31,28,9,29,24,8,24,4,4,24
Jennifer Lentz,,,,,,,,0,25,9,28,24,8,23,2,2,24
Maria Quinones Sanchez,,,,,,,,,1,5,28,27,4,26,3,3,24
Amanda Mcillmurray,,,,,,,,,,0,7,4,30,3,23,23,24
Angel Cruz,,,,,,,,,,,1,23,6,24,5,5,24
Leanne Krueger Braneky,,,,,,,,,,,,0,4,23,2,3,24
Kat Richter,,,,,,,,,,,,,0,3,23,22,24
Ted Kirsch,,,,,,,,,,,,,,0,2,2,24
Jacob Adeniran,,,,,,,,,,,,,,,0,21,24
Katherine Hunter Snyder,,,,,,,,,,,,,,,,0,24
Total,64,48,44,38,36,35,34,34,34,33,33,32,31,28,24,24,24
,Delegate To The Democratic National Convention 1st District,,,,,,,,,,,,,,,,25
,H Douglass Brown,Peter Cutty,Thaddeus Kirkland,Amanda Mcillmurray,Kat Richter,Katherine Hunter Snyder,Blake Rutherford,Jacob Adeniran,Jennifer Lentz,Angel Cruz,Anne Wakabayashi,Cathy Brady,Maria Quinones Sanchez,Ryan N Boyer,Leanne Krueger Braneky,Ted Kirsch,25
H Douglass Brown,7,25,5,23,23,22,6,22,2,3,3,3,3,6,1,2,25
Peter Cutty,,6,4,23,24,23,5,23,3,3,2,2,4,4,2,2,25
Thaddeus Kirkland,,,8,4,5,5,19,2,17,16,16,16,15,15,15,15,25
Amanda Mcillmurray,,,,1,23,23,4,21,4,5,4,4,4,3,4,1,25
Kat Richter,,,,,0,26,2,23,4,5,3,4,5,4,3,4,25
Katherine Hunter Snyder,,,,,,0,3,21,5,6,3,4,6,4,4,4,25
Blake Rutherford,,,,,,,1,2,16,15,17,15,15,16,15,15,25
Jacob Adeniran,,,,,,,,0,0,1,1,0,2,2,0,1,25
Jennifer Lentz,,,,,,,,,1,20,18,18,18,14,18,16,25
Angel Cruz,,,,,,,,,,0,16,18,19,13,17,16,25
Anne Wakabayashi,,,,,,,,,,,0,16,14,15,16,14,25
Cathy Brady,,,,,,,,,,,,0,16,14,17,17,25
Maria Quinones Sanchez,,,,,,,,,,,,,0,13,16,16,25
Ryan N Boyer,,,,,,,,,,,,,,1,13,14,25
Leanne Krueger Braneky,,,,,,,,,,,,,,,0,15,25
Ted Kirsch,,,,,,,,,,,,,,,,0,25
Total,35,33,31,28,28,27,24,23,23,22,20,20,20,19,18,18,25
,Delegate To The Democratic National Convention 1st District,,,,,,,,,,,,,,,,26
,Thaddeus Kirkland,H Douglass Brown,Blake Rutherford,Peter Cutty,Amanda Mcillmurray,Anne Wakabayashi,Kat Richter,Katherine Hunter Snyder,Cathy Brady,Jacob Adeniran,Maria Quinones Sanchez,Ryan N Boyer,Jennifer Lentz,Angel Cruz,Leanne Krueger Braneky,Ted Kirsch,26
Thaddeus Kirkland,19,11,36,11,7,24,6,4,20,6,20,20,20,17,20,16,26
H Douglass Brown,,12,8,32,27,8,23,22,6,23,6,7,6,4,4,5,26
Blake Rutherford,,,8,12,6,22,5,3,20,5,19,21,21,17,18,17,26
Peter Cutty,,,,0,27,9,27,25,6,25,7,8,9,6,6,5,26
Amanda Mcillmurray,,,,,0,9,25,24,7,21,7,8,9,5,5,5,26
Anne Wakabayashi,,,,,,0,7,6,21,5,18,22,20,17,19,17,26
Kat Richter,,,,,,,0,24,4,22,6,5,7,6,5,4,26
Katherine Hunter Snyder,,,,,,,,0,4,22,5,4,6,6,3,4,26
Cathy Brady,,,,,,,,,0,2,21,20,18,20,15,20,26
Jacob Adeniran,,,,,,,,,,0,5,5,6,6,5,2,26
Maria Quinones Sanchez,,,,,,,,,,,0,18,17,19,16,19,26
Ryan N Boyer,,,,,,,,,,,,1,18,18,17,16,26
Jennifer Lentz,,,,,,,,,,,,,0,16,17,15,26
Angel Cruz,,,,,,,,,,,,,,0,17,18,26
Leanne Krueger Braneky,,,,,,,,,,,,,,,0,13,26
Ted Kirsch,,,,,,,,,,,,,,,,0,26
Total,62,49,47,40,32,30,29,28,27,27,27,27,25,24,22,21,26
