col_1,col_2,col_3,col_4,col_5,col_6,col_7,col_8,col_9,col_10,col_11,col_12,col_13,col_14,col_15,col_16,col_17,col_18,col_19,col_20,col_21,col_22,col_23,col_24,col_25,col_26,col_27,col_28,col_29,division
,Controller - Democrat,,,Judge Of The Traffic Court - Democrat,,,,,,,,,,,,,,,,,,,,,,,,,All
,Brett Mandel,Alan Butkovitz,Mark Zecca,Inja Coates,Robert Tuerk,Donna Derose,Warren Bloom,Tia M Seibert,Suzanne Harmon Carn,Donna Marie Laws,Lewis Harris Jr,Ashley Michelle Cook,Omar Sabir,Marnie Aument Loughrey,Holly A Harris Seidle,Jose A Figueroa,Bobbie T Curry,David Mamikonyan,Brigitte A Garvin Johnson,Ryan Mulvey,Bruce H Bailey,Sharif Ali,James Johnson,Tyrone T Martin,Verna Ragan Tennant,Kyle J Sampson,Keith Jackson,Wayne E Dorsey,All
Brett Mandel,315,0,0,296,250,193,94,74,79,55,42,54,35,40,46,33,32,15,24,24,21,15,20,10,12,11,6,8,All
Alan Butkovitz,,140,0,351,306,326,98,57,48,51,44,24,38,30,21,29,29,23,17,9,14,11,8,18,13,6,10,9,All
Mark Zecca,,,30,30,17,23,10,11,17,5,3,6,8,6,6,4,3,6,4,8,1,4,3,1,4,5,4,2,All
Inja Coates,,,,18,458,402,19,14,8,20,5,9,9,19,7,17,5,3,6,4,8,3,3,10,4,5,2,2,All
Robert Tuerk,,,,,7,415,20,7,7,9,0,5,0,7,12,10,7,4,3,0,3,0,2,3,2,1,2,0,All
Donna Derose,,,,,,0,10,4,8,16,2,9,7,41,16,7,1,4,10,3,3,7,12,3,2,2,3,1,All
Warren Bloom,,,,,,,1,66,32,16,48,8,17,4,13,10,21,14,2,9,13,4,6,5,6,2,4,2,All
Tia M Seibert,,,,,,,,4,43,12,38,8,11,5,8,3,28,7,5,3,2,0,0,2,3,3,1,0,All
Suzanne Harmon Carn,,,,,,,,,0,22,20,18,18,3,7,4,22,6,10,4,4,2,2,1,2,6,2,2,All
Donna Marie Laws,,,,,,,,,,1,3,23,10,8,16,7,5,3,10,2,11,4,2,3,3,2,2,3,All
Lewis Harris Jr,,,,,,,,,,,2,7,9,2,2,3,7,10,1,4,3,0,0,1,2,1,2,3,All
Ashley Michelle Cook,,,,,,,,,,,,0,7,10,10,3,1,4,13,8,5,3,1,2,3,3,2,1,All
Omar Sabir,,,,,,,,,,,,,2,8,2,7,4,4,1,1,1,9,3,5,2,0,1,1,All
Marnie Aument Loughrey,,,,,,,,,,,,,,0,10,2,2,2,4,6,1,1,1,1,3,2,0,2,All
Holly A Harris Seidle,,,,,,,,,,,,,,,1,8,0,4,6,3,2,3,2,1,4,1,1,1,All
Jose A Figueroa,,,,,,,,,,,,,,,,3,4,3,1,5,2,5,0,1,6,1,5,1,All
Bobbie T Curry,,,,,,,,,,,,,,,,,2,2,0,1,0,0,0,1,3,0,0,0,All
David Mamikonyan,,,,,,,,,,,,,,,,,,0,0,1,0,2,0,2,0,2,1,1,All
Brigitte A Garvin Johnson,,,,,,,,,,,,,,,,,,,0,2,1,1,1,0,2,3,0,3,All
Ryan Mulvey,,,,,,,,,,,,,,,,,,,,0,7,2,1,1,1,5,1,4,All
Bruce H Bailey,,,,,,,,,,,,,,,,,,,,,1,1,3,1,2,0,0,1,All
Sharif Ali,,,,,,,,,,,,,,,,,,,,,,1,10,0,3,0,2,0,All
James Johnson,,,,,,,,,,,,,,,,,,,,,,,0,2,0,1,2,2,All
Tyrone T Martin,,,,,,,,,,,,,,,,,,,,,,,,0,1,1,2,0,All
Verna Ragan Tennant,,,,,,,,,,,,,,,,,,,,,,,,,0,0,0,2,All
Kyle J Sampson,,,,,,,,,,,,,,,,,,,,,,,,,,0,2,1,All
Keith Jackson,,,,,,,,,,,,,,,,,,,,,,,,,,,0,0,All
Wayne E Dorsey,,,,,,,,,,,,,,,,,,,,,,,,,,,,0,All
Total,947,767,108,703,586,547,208,151,147,116,96,88,85,82,76,69,67,46,45,42,41,33,31,29,29,24,21,19,All
,Controller - Democrat,,,Judge Of The Traffic Court - Democrat,,,,,,,,,,,,,,,,,,,,,,,,,1
,Brett Mandel,Alan Butkovitz,Mark Zecca,Inja Coates,Donna Derose,Robert Tuerk,Warren Bloom,Lewis Harris Jr,Suzanne Harmon Carn,Marnie Aument Loughrey,Tia M Seibert,Holly A Harris Seidle,Ashley Michelle Cook,Bobbie T Curry,Jose A Figueroa,Ryan Mulvey,Brigitte A Garvin Johnson,David Mamikonyan,Omar Sabir,Donna Marie Laws,Sharif Ali,Wayne E Dorsey,Bruce H Bailey,Kyle J Sampson,Tyrone T Martin,Verna Ragan Tennant,James Johnson,Keith Jackson,1
Brett Mandel,24,0,0,23,14,17,7,7,4,3,3,3,4,0,5,3,1,3,2,0,1,1,1,0,1,1,0,0,1
Alan Butkovitz,,7,0,20,21,18,6,3,4,3,4,3,2,6,1,2,3,1,1,3,1,1,0,0,0,0,0,0,1
Mark Zecca,,,2,2,4,2,1,1,3,2,1,2,0,0,0,0,0,0,1,0,0,0,0,0,0,0,0,0,1
Inja Coates,,,,0,30,33,2,0,0,2,0,1,0,0,3,2,0,0,0,0,1,1,1,0,1,0,0,0,1
Donna Derose,,,,,0,29,1,0,1,4,0,2,0,0,1,0,0,0,1,1,0,0,0,0,0,0,0,0,1
Robert Tuerk,,,,,,0,1,0,0,0,1,1,0,0,0,0,0,0,0,0,0,0,0,0,0,0,0,0,1
Warren Bloom,,,,,,,0,5,1,0,3,1,0,2,2,0,0,1,1,0,0,0,0,1,0,0,0,0,1
Lewis Harris Jr,,,,,,,,0,4,0,2,1,2,1,1,0,0,2,2,0,0,1,0,0,0,0,0,0,1
Suzanne Harmon Carn,,,,,,,,,0,0,4,1,0,3,0,0,1,1,1,1,0,0,0,0,0,1,0,0,1
Marnie Aument Loughrey,,,,,,,,,,0,1,3,2,0,1,0,2,0,1,0,0,1,0,0,0,0,0,0,1
Tia M Seibert,,,,,,,,,,,0,0,0,4,0,0,0,1,0,0,0,0,0,0,0,1,0,0,1
Holly A Harris Seidle,,,,,,,,,,,,0,1,0,0,0,1,0,0,0,0,0,0,0,0,0,0,0,1
Ashley Michelle Cook,,,,,,,,,,,,,0,0,1,1,1,0,1,0,0,1,0,0,0,0,0,0,1
Bobbie T Curry,,,,,,,,,,,,,,0,0,0,0,1,0,0,0,0,0,0,0,0,0,0,1
Jose A Figueroa,,,,,,,,,,,,,,,0,1,0,1,0,0,0,0,0,0,0,0,0,0,1
Ryan Mulvey,,,,,,,,,,,,,,,,0,0,0,1,0,1,0,0,0,0,0,0,0,1
Brigitte A Garvin Johnson,,,,,,,,,,,,,,,,,0,0,0,2,1,0,0,0,0,0,0,0,1
David Mamikonyan,,,,,,,,,,,,,,,,,,0,0,0,0,0,0,0,0,0,0,0,1
Omar Sabir,,,,,,,,,,,,,,,,,,,0,0,0,0,0,0,0,0,0,0,1
Donna Marie Laws,,,,,,,,,,,,,,,,,,,,0,1,0,0,0,0,0,0,0,1
Sharif Ali,,,,,,,,,,,,,,,,,,,,,0,0,0,0,0,0,0,0,1
Wayne E Dorsey,,,,,,,,,,,,,,,,,,,,,,0,0,0,0,0,0,0,1
Bruce H Bailey,,,,,,,,,,,,,,,,,,,,,,,0,0,1,0,0,0,1
Kyle J Sampson,,,,,,,,,,,,,,,,,,,,,,,,0,0,0,0,0,1
Tyrone T Martin,,,,,,,,,,,,,,,,,,,,,,,,,0,0,0,0,1
Verna Ragan Tennant,,,,,,,,,,,,,,,,,,,,,,,,,,0,0,0,1
James Johnson,,,,,,,,,,,,,,,,,,,,,,,,,,,0,0,1
Keith Jackson,,,,,,,,,,,,,,,,,,,,,,,,,,,,0,1
Total,65,49,9,45,39,37,15,11,11,9,9,8,6,6,6,5,4,4,4,3,2,2,1,1,1,1,0,0,1
,Controller - Democrat,,,Judge Of The Traffic Court - Democrat,,,,,,,,,,,,,,,,,,,,,,,,,2
,Brett Mandel,Alan Butkovitz,Mark Zecca,Donna Derose,Robert Tuerk,Inja Coates,Suzanne Harmon Carn,Warren Bloom,Tia M Seibert,Marnie Aument Loughrey,Bobbie T Curry,James Johnson,Bruce H Bailey,Donna Marie Laws,Jose A Figueroa,Ashley Michelle Cook,Brigitte A Garvin Johnson,David Mamikonyan,Holly A Harris Seidle,Kyle J Sampson,Lewis Harris Jr,Ryan Mulvey,Tyrone T Martin,Verna Ragan Tennant,Keith Jackson,Omar Sabir,Sharif Ali,Wayne E Dorsey,2
Brett Mandel,17,0,0,11,12,5,6,5,4,2,3,5,1,1,0,0,3,1,1,2,0,0,1,1,0,1,1,0,2
Alan Butkovitz,,6,0,13,13,3,4,3,3,2,2,0,1,1,3,1,0,2,0,0,1,1,1,1,1,0,0,0,2
Mark Zecca,,,3,0,0,2,0,1,1,1,0,0,1,1,1,2,0,0,1,0,0,1,0,0,0,0,0,0,2
Donna Derose,,,,0,20,3,0,2,1,2,0,3,0,1,2,1,0,0,2,0,0,0,0,0,0,0,0,0,2
Robert Tuerk,,,,,0,7,0,0,0,1,0,0,0,0,2,1,1,0,0,1,0,0,0,0,0,0,0,0,2
Inja Coates,,,,,,0,0,1,1,0,0,0,1,1,1,0,0,0,0,0,0,0,0,0,1,0,0,0,2
Suzanne Harmon Carn,,,,,,,0,2,4,0,4,1,0,0,1,0,1,1,0,1,1,1,1,0,0,0,0,0,2
Warren Bloom,,,,,,,,0,3,1,1,3,2,0,0,0,0,1,0,0,0,0,1,1,0,0,0,0,2
Tia M Seibert,,,,,,,,,0,1,3,0,0,1,0,0,1,1,0,0,0,0,0,0,0,0,0,0,2
Marnie Aument Loughrey,,,,,,,,,,0,1,0,0,0,0,1,1,0,1,0,0,1,1,1,0,0,0,0,2
Bobbie T Curry,,,,,,,,,,,0,0,0,0,0,0,0,0,0,0,0,0,1,0,0,0,0,0,2
James Johnson,,,,,,,,,,,,0,1,0,0,0,0,0,1,1,0,0,0,0,0,0,0,0,2
Bruce H Bailey,,,,,,,,,,,,,0,1,1,0,0,0,0,0,1,0,0,1,0,0,0,0,2
Donna Marie Laws,,,,,,,,,,,,,,0,0,1,0,0,1,0,1,0,0,0,1,0,0,0,2
Jose A Figueroa,,,,,,,,,,,,,,,0,0,0,0,0,0,0,1,0,0,0,0,0,0,2
Ashley Michelle Cook,,,,,,,,,,,,,,,,0,0,0,1,0,0,1,0,0,0,0,0,0,2
Brigitte A Garvin Johnson,,,,,,,,,,,,,,,,,0,0,0,1,0,0,0,1,0,0,0,0,2
David Mamikonyan,,,,,,,,,,,,,,,,,,0,0,0,1,0,0,0,0,1,1,0,2
Holly A Harris Seidle,,,,,,,,,,,,,,,,,,,0,0,0,0,0,0,0,0,0,0,2
Kyle J Sampson,,,,,,,,,,,,,,,,,,,,0,0,0,0,0,0,0,0,0,2
Lewis Harris Jr,,,,,,,,,,,,,,,,,,,,,0,0,0,0,0,0,0,0,2
Ryan Mulvey,,,,,,,,,,,,,,,,,,,,,,0,0,0,0,0,0,0,2
Tyrone T Martin,,,,,,,,,,,,,,,,,,,,,,,0,0,0,0,0,0,2
Verna Ragan Tennant,,,,,,,,,,,,,,,,,,,,,,,,0,0,0,0,0,2
Keith Jackson,,,,,,,,,,,,,,,,,,,,,,,,,0,0,0,0,2
Omar Sabir,,,,,,,,,,,,,,,,,,,,,,,,,,0,1,0,2
Sharif Ali,,,,,,,,,,,,,,,,,,,,,,,,,,,0,0,2
Wayne E Dorsey,,,,,,,,,,,,,,,,,,,,,,,,,,,,0,2
Total,42,28,7,25,25,10,10,9,8,6,5,5,4,4,4,3,3,3,3,2,2,2,2,2,1,1,1,0,2
,Controller - Democrat,,,Judge Of The Traffic Court - Democrat,,,,,,,,,,,,,,,,,,,,,,,,,3
,Brett Mandel,Alan Butkovitz,Mark Zecca,Inja Coates,Robert Tuerk,Donna Derose,Warren Bloom,Suzanne Harmon Carn,Tia M Seibert,Donna Marie Laws,Jose A Figueroa,Lewis Harris Jr,Marnie Aument Loughrey,Bobbie T Curry,Holly A Harris Seidle,Kyle J Sampson,Ashley Michelle Cook,David Mamikonyan,Sharif Ali,Verna Ragan Tennant,Bruce H Bailey,James Johnson,Omar Sabir,Ryan Mulvey,Tyrone T Martin,Wayne E Dorsey,Brigitte A Garvin Johnson,Keith Jackson,3
Brett Mandel,22,0,0,20,22,20,4,4,6,3,2,4,3,3,2,3,1,1,1,1,1,1,0,1,1,0,0,0,3
Alan Butkovitz,,8,0,35,31,32,6,3,0,2,2,0,1,0,1,0,1,1,1,1,0,0,1,0,0,1,0,0,3
Mark Zecca,,,4,2,1,1,1,1,1,0,0,0,0,0,0,0,0,0,0,0,0,0,0,0,0,0,0,0,3
Inja Coates,,,,0,48,45,0,0,1,1,0,0,1,0,1,0,0,0,0,2,0,0,0,0,0,0,0,0,3
Robert Tuerk,,,,,0,44,2,0,2,1,1,0,0,0,0,0,0,0,0,1,0,0,0,0,1,0,0,0,3
Donna Derose,,,,,,0,0,2,0,2,0,0,3,0,1,0,1,0,0,0,1,0,0,0,0,0,0,0,3
Warren Bloom,,,,,,,0,3,3,1,1,3,0,1,0,0,0,0,0,0,0,0,1,0,1,1,0,0,3
Suzanne Harmon Carn,,,,,,,,0,3,2,0,0,0,2,0,1,1,0,0,0,0,0,1,1,0,0,0,0,3
Tia M Seibert,,,,,,,,,0,1,0,2,0,2,0,0,0,0,0,0,0,0,0,0,0,0,0,0,3
Donna Marie Laws,,,,,,,,,,0,1,0,0,0,0,1,0,0,0,0,0,0,0,0,0,0,0,0,3
Jose A Figueroa,,,,,,,,,,,1,0,0,0,1,1,0,1,2,0,0,0,0,0,0,0,0,0,3
Lewis Harris Jr,,,,,,,,,,,,0,0,1,0,0,0,0,0,0,0,0,0,0,0,0,0,0,3
Marnie Aument Loughrey,,,,,,,,,,,,,0,0,0,0,0,0,0,0,1,0,0,0,0,0,0,0,3
Bobbie T Curry,,,,,,,,,,,,,,0,0,0,0,0,0,0,0,0,0,0,0,0,0,0,3
Holly A Harris Seidle,,,,,,,,,,,,,,,0,0,0,0,1,0,0,0,0,0,0,0,0,0,3
Kyle J Sampson,,,,,,,,,,,,,,,,0,1,1,0,0,0,0,0,1,0,0,0,0,3
Ashley Michelle Cook,,,,,,,,,,,,,,,,,0,1,0,0,0,0,0,0,0,0,0,0,3
David Mamikonyan,,,,,,,,,,,,,,,,,,0,1,0,0,0,0,0,0,0,0,0,3
Sharif Ali,,,,,,,,,,,,,,,,,,,0,0,0,0,0,0,0,0,0,0,3
Verna Ragan Tennant,,,,,,,,,,,,,,,,,,,,0,0,0,0,0,0,0,0,0,3
Bruce H Bailey,,,,,,,,,,,,,,,,,,,,,0,0,0,0,0,0,0,0,3
James Johnson,,,,,,,,,,,,,,,,,,,,,,0,0,0,0,0,0,0,3
Omar Sabir,,,,,,,,,,,,,,,,,,,,,,,0,0,0,0,0,0,3
Ryan Mulvey,,,,,,,,,,,,,,,,,,,,,,,,0,0,0,0,0,3
Tyrone T Martin,,,,,,,,,,,,,,,,,,,,,,,,,0,0,0,0,3
Wayne E Dorsey,,,,,,,,,,,,,,,,,,,,,,,,,,0,0,0,3
Brigitte A Garvin Johnson,,,,,,,,,,,,,,,,,,,,,,,,,,,0,0,3
Keith Jackson,,,,,,,,,,,,,,,,,,,,,,,,,,,,0,3
Total,62,55,7,58,55,54,11,8,7,5,5,4,4,3,3,3,2,2,2,2,1,1,1,1,1,1,0,0,3
,Controller - Democrat,,,Judge Of The Traffic Court - Democrat,,,,,,,,,,,,,,,,,,,,,,,,,4
,Alan Butkovitz,Brett Mandel,Mark Zecca,Inja Coates,Robert Tuerk,Donna Derose,Warren Bloom,Tia M Seibert,Ashley Michelle Cook,Holly A Harris Seidle,Lewis Harris Jr,David Mamikonyan,Donna Marie Laws,Omar Sabir,Brigitte A Garvin Johnson,Bruce H Bailey,Jose A Figueroa,Ryan Mulvey,Suzanne Harmon Carn,Bobbie T Curry,Marnie Aument Loughrey,Sharif Ali,Kyle J Sampson,Wayne E Dorsey,James Johnson,Keith Jackson,Tyrone T Martin,Verna Ragan Tennant,4
Alan Butkovitz,13,0,0,15,17,15,4,5,1,4,2,3,0,4,0,1,3,0,1,1,1,1,0,0,0,0,0,0,4
Brett Mandel,,16,0,18,14,8,4,1,3,2,4,1,3,0,3,1,0,2,0,1,0,0,0,1,0,0,0,0,4
Mark Zecca,,,2,3,2,2,0,1,0,0,0,0,1,0,0,0,0,1,2,0,1,1,1,0,0,0,0,0,4
Inja Coates,,,,0,27,17,2,1,1,1,1,0,0,1,2,0,2,0,1,0,0,0,1,0,0,0,0,0,4
Robert Tuerk,,,,,1,18,1,0,2,0,0,1,0,0,1,0,1,0,0,0,0,0,0,0,0,0,0,0,4
Donna Derose,,,,,,0,1,0,0,2,0,1,1,2,0,1,1,0,0,0,1,0,0,0,0,0,0,0,4
Warren Bloom,,,,,,,0,2,1,1,3,2,0,1,0,0,0,0,0,1,0,1,0,0,0,0,0,0,4
Tia M Seibert,,,,,,,,0,0,0,1,0,0,0,0,0,1,1,1,2,1,0,0,0,0,0,0,0,4
Ashley Michelle Cook,,,,,,,,,0,1,3,1,1,0,1,1,0,0,0,0,0,0,0,0,0,0,0,0,4
Holly A Harris Seidle,,,,,,,,,,0,1,1,1,0,1,1,0,0,0,0,0,0,0,0,0,0,0,0,4
Lewis Harris Jr,,,,,,,,,,,0,0,0,0,1,0,0,1,0,0,0,0,0,1,0,0,0,0,4
David Mamikonyan,,,,,,,,,,,,0,0,0,0,0,0,0,0,0,0,0,0,0,0,0,0,0,4
Donna Marie Laws,,,,,,,,,,,,,0,0,0,2,0,1,1,0,0,1,0,0,0,0,0,0,4
Omar Sabir,,,,,,,,,,,,,,0,0,0,1,0,0,0,1,1,0,0,0,0,0,0,4
Brigitte A Garvin Johnson,,,,,,,,,,,,,,,0,0,0,0,0,0,0,0,0,0,0,0,0,0,4
Bruce H Bailey,,,,,,,,,,,,,,,,0,0,1,0,0,0,0,0,0,0,0,0,0,4
Jose A Figueroa,,,,,,,,,,,,,,,,,0,0,0,0,0,0,0,0,0,0,0,0,4
Ryan Mulvey,,,,,,,,,,,,,,,,,,0,0,0,1,0,0,1,0,0,0,0,4
Suzanne Harmon Carn,,,,,,,,,,,,,,,,,,,0,1,0,1,1,0,0,0,0,0,4
Bobbie T Curry,,,,,,,,,,,,,,,,,,,,0,0,0,0,0,0,0,0,0,4
Marnie Aument Loughrey,,,,,,,,,,,,,,,,,,,,,0,0,0,0,0,0,0,0,4
Sharif Ali,,,,,,,,,,,,,,,,,,,,,,0,0,0,0,0,0,0,4
Kyle J Sampson,,,,,,,,,,,,,,,,,,,,,,,0,0,0,0,0,0,4
Wayne E Dorsey,,,,,,,,,,,,,,,,,,,,,,,,0,0,0,0,0,4
James Johnson,,,,,,,,,,,,,,,,,,,,,,,,,0,0,0,0,4
Keith Jackson,,,,,,,,,,,,,,,,,,,,,,,,,,0,0,0,4
Tyrone T Martin,,,,,,,,,,,,,,,,,,,,,,,,,,,0,0,4
Verna Ragan Tennant,,,,,,,,,,,,,,,,,,,,,,,,,,,,0,4
Total,49,44,7,38,37,25,8,7,6,6,6,5,5,4,3,3,3,3,3,2,2,2,1,1,0,0,0,0,4
,Controller - Democrat,,,Judge Of The Traffic Court - Democrat,,,,,,,,,,,,,,,,,,,,,,,,,5
,Brett Mandel,Alan Butkovitz,Mark Zecca,Robert Tuerk,Inja Coates,Donna Derose,Warren Bloom,Holly A Harris Seidle,Suzanne Harmon Carn,Tia M Seibert,Donna Marie Laws,Marnie Aument Loughrey,Bobbie T Curry,Jose A Figueroa,Ashley Michelle Cook,Lewis Harris Jr,Omar Sabir,Brigitte A Garvin Johnson,Bruce H Bailey,David Mamikonyan,Kyle J Sampson,Sharif Ali,Verna Ragan Tennant,Wayne E Dorsey,James Johnson,Keith Jackson,Ryan Mulvey,Tyrone T Martin,5
Brett Mandel,11,0,0,13,11,9,6,5,4,4,3,2,1,3,2,1,2,2,1,1,1,0,0,1,0,0,0,0,5
Alan Butkovitz,,3,0,13,14,13,4,3,4,2,1,3,2,1,1,2,0,0,0,1,1,1,1,0,0,0,0,0,5
Mark Zecca,,,1,0,0,0,0,0,0,0,0,0,0,0,0,0,0,0,0,0,0,0,0,0,0,0,0,0,5
Robert Tuerk,,,,1,18,17,3,3,1,1,0,2,1,0,0,0,0,0,0,0,0,0,0,0,0,0,0,0,5
Inja Coates,,,,,0,16,1,1,0,1,2,0,1,1,0,0,0,1,1,0,1,0,0,0,0,0,0,0,5
Donna Derose,,,,,,0,0,2,0,0,1,3,0,1,0,0,1,1,0,0,0,0,0,0,0,0,0,0,5
Warren Bloom,,,,,,,0,3,0,1,1,0,1,1,1,1,0,0,0,0,0,0,0,0,0,0,0,0,5
Holly A Harris Seidle,,,,,,,,0,1,0,0,0,0,2,0,0,0,1,0,0,0,0,0,1,0,0,0,0,5
Suzanne Harmon Carn,,,,,,,,,0,3,1,1,2,0,1,1,1,0,0,1,0,0,0,0,0,0,0,0,5
Tia M Seibert,,,,,,,,,,0,0,0,1,0,1,2,1,0,0,1,0,0,0,0,0,0,0,0,5
Donna Marie Laws,,,,,,,,,,,1,1,0,0,1,0,0,0,1,0,0,0,0,0,0,0,0,0,5
Marnie Aument Loughrey,,,,,,,,,,,,0,0,1,0,0,1,0,0,0,0,0,0,0,0,0,0,0,5
Bobbie T Curry,,,,,,,,,,,,,1,0,0,0,0,0,0,0,0,0,0,0,0,0,0,0,5
Jose A Figueroa,,,,,,,,,,,,,,0,0,0,0,0,0,0,0,0,0,0,0,0,0,0,5
Ashley Michelle Cook,,,,,,,,,,,,,,,0,0,0,0,0,0,0,1,1,0,0,0,0,0,5
Lewis Harris Jr,,,,,,,,,,,,,,,,0,0,0,0,2,0,0,0,0,0,0,0,0,5
Omar Sabir,,,,,,,,,,,,,,,,,1,0,0,0,0,0,0,0,0,0,0,0,5
Brigitte A Garvin Johnson,,,,,,,,,,,,,,,,,,0,0,0,1,0,0,0,0,0,0,0,5
Bruce H Bailey,,,,,,,,,,,,,,,,,,,1,0,0,0,0,0,0,0,0,0,5
David Mamikonyan,,,,,,,,,,,,,,,,,,,,0,0,0,0,0,0,0,0,0,5
Kyle J Sampson,,,,,,,,,,,,,,,,,,,,,0,0,0,0,0,0,0,0,5
Sharif Ali,,,,,,,,,,,,,,,,,,,,,,0,1,0,0,0,0,0,5
Verna Ragan Tennant,,,,,,,,,,,,,,,,,,,,,,,0,0,0,0,0,0,5
Wayne E Dorsey,,,,,,,,,,,,,,,,,,,,,,,,0,0,0,0,0,5
James Johnson,,,,,,,,,,,,,,,,,,,,,,,,,0,0,0,0,5
Keith Jackson,,,,,,,,,,,,,,,,,,,,,,,,,,0,0,0,5
Ryan Mulvey,,,,,,,,,,,,,,,,,,,,,,,,,,,0,0,5
Tyrone T Martin,,,,,,,,,,,,,,,,,,,,,,,,,,,,0,5
Total,39,29,1,27,25,22,10,8,8,6,5,5,4,4,3,3,3,2,2,2,2,1,1,1,0,0,0,0,5
,Controller - Democrat,,,Judge Of The Traffic Court - Democrat,,,,,,,,,,,,,,,,,,,,,,,,,6
,Brett Mandel,Alan Butkovitz,Mark Zecca,Inja Coates,Donna Derose,Robert Tuerk,Ashley Michelle Cook,Donna Marie Laws,Tia M Seibert,Warren Bloom,Bruce H Bailey,Suzanne Harmon Carn,Brigitte A Garvin Johnson,Omar Sabir,James Johnson,Kyle J Sampson,Lewis Harris Jr,Marnie Aument Loughrey,Sharif Ali,Bobbie T Curry,David Mamikonyan,Holly A Harris Seidle,Jose A Figueroa,Keith Jackson,Ryan Mulvey,Tyrone T Martin,Verna Ragan Tennant,Wayne E Dorsey,6
Brett Mandel,20,0,0,20,13,14,5,4,4,4,4,4,1,2,1,0,1,2,1,1,1,1,0,0,1,1,0,0,6
Alan Butkovitz,,3,0,18,18,15,1,1,1,1,0,0,2,1,1,2,0,0,1,0,0,0,1,1,0,0,0,1,6
Mark Zecca,,,3,1,2,0,1,0,0,0,0,0,0,0,0,0,0,0,0,0,0,0,0,0,0,0,1,0,6
Inja Coates,,,,0,25,26,1,2,1,2,4,0,0,0,0,0,0,0,0,0,0,0,0,0,0,0,0,0,6
Donna Derose,,,,,0,25,1,1,0,0,0,0,1,0,2,0,0,1,1,0,1,0,1,1,1,0,1,0,6
Robert Tuerk,,,,,,0,0,1,0,1,0,0,0,0,0,0,0,1,0,0,0,0,0,0,0,0,0,0,6
Ashley Michelle Cook,,,,,,,0,1,2,1,1,2,0,1,0,1,0,0,0,0,0,0,0,0,0,0,1,0,6
Donna Marie Laws,,,,,,,,0,0,0,1,1,0,1,0,0,0,1,0,0,0,0,0,0,0,0,0,0,6
Tia M Seibert,,,,,,,,,0,1,1,2,0,0,0,1,1,0,0,1,0,0,0,0,0,0,0,0,6
Warren Bloom,,,,,,,,,,0,1,1,0,1,0,0,1,0,1,0,0,0,0,0,0,0,0,0,6
Bruce H Bailey,,,,,,,,,,,0,0,0,0,0,0,0,0,0,0,0,0,0,0,0,0,0,0,6
Suzanne Harmon Carn,,,,,,,,,,,,0,0,0,0,0,0,1,0,1,0,0,0,0,0,0,0,0,6
Brigitte A Garvin Johnson,,,,,,,,,,,,,0,0,1,1,0,0,0,0,0,0,0,0,0,0,0,1,6
Omar Sabir,,,,,,,,,,,,,,0,0,0,0,0,1,0,0,1,0,0,0,1,0,0,6
James Johnson,,,,,,,,,,,,,,,0,0,0,0,1,0,0,0,0,0,0,0,0,0,6
Kyle J Sampson,,,,,,,,,,,,,,,,0,0,0,0,0,0,0,0,0,0,0,0,1,6
Lewis Harris Jr,,,,,,,,,,,,,,,,,1,0,0,0,0,0,0,0,0,0,0,0,6
Marnie Aument Loughrey,,,,,,,,,,,,,,,,,,0,0,0,0,0,0,0,0,0,0,0,6
Sharif Ali,,,,,,,,,,,,,,,,,,,0,0,0,0,0,0,0,0,0,0,6
Bobbie T Curry,,,,,,,,,,,,,,,,,,,,0,0,0,0,0,0,0,0,0,6
David Mamikonyan,,,,,,,,,,,,,,,,,,,,,0,0,0,0,1,0,0,0,6
Holly A Harris Seidle,,,,,,,,,,,,,,,,,,,,,,0,0,0,0,1,0,0,6
Jose A Figueroa,,,,,,,,,,,,,,,,,,,,,,,0,1,0,0,0,0,6
Keith Jackson,,,,,,,,,,,,,,,,,,,,,,,,0,0,0,0,0,6
Ryan Mulvey,,,,,,,,,,,,,,,,,,,,,,,,,0,0,0,0,6
Tyrone T Martin,,,,,,,,,,,,,,,,,,,,,,,,,,0,0,0,6
Verna Ragan Tennant,,,,,,,,,,,,,,,,,,,,,,,,,,,0,0,6
Wayne E Dorsey,,,,,,,,,,,,,,,,,,,,,,,,,,,,0,6
Total,54,27,6,39,33,29,7,5,5,5,4,4,3,3,2,2,2,2,2,1,1,1,1,1,1,1,1,1,6
,Controller - Democrat,,,Judge Of The Traffic Court - Democrat,,,,,,,,,,,,,,,,,,,,,,,,,7
,Brett Mandel,Alan Butkovitz,Mark Zecca,Inja Coates,Robert Tuerk,Donna Derose,Warren Bloom,Donna Marie Laws,Bruce H Bailey,David Mamikonyan,Lewis Harris Jr,Marnie Aument Loughrey,Suzanne Harmon Carn,James Johnson,Ryan Mulvey,Sharif Ali,Tia M Seibert,Ashley Michelle Cook,Bobbie T Curry,Brigitte A Garvin Johnson,Holly A Harris Seidle,Jose A Figueroa,Keith Jackson,Kyle J Sampson,Omar Sabir,Tyrone T Martin,Verna Ragan Tennant,Wayne E Dorsey,7
Brett Mandel,11,0,0,15,11,6,5,3,2,1,2,2,1,1,1,1,0,0,0,0,0,0,0,0,0,0,0,0,7
Alan Butkovitz,,1,0,16,13,14,0,0,0,0,0,0,0,0,0,0,0,0,0,0,0,0,0,0,0,0,0,0,7
Mark Zecca,,,0,0,0,0,1,0,0,1,0,0,1,0,0,0,1,0,0,0,0,0,0,0,0,0,0,0,7
Inja Coates,,,,2,21,18,1,1,0,0,0,1,0,0,0,0,0,0,0,0,0,0,0,0,0,0,0,0,7
Robert Tuerk,,,,,0,17,1,2,0,0,0,1,0,0,0,0,0,0,0,0,0,0,0,0,0,0,0,0,7
Donna Derose,,,,,,0,0,0,0,0,0,0,0,1,0,1,0,0,0,0,0,0,0,0,0,0,0,0,7
Warren Bloom,,,,,,,1,0,1,2,1,0,0,0,1,0,1,0,0,0,0,0,0,0,0,0,0,0,7
Donna Marie Laws,,,,,,,,0,0,0,0,2,0,0,0,0,0,0,0,0,0,0,0,0,0,0,0,0,7
Bruce H Bailey,,,,,,,,,0,0,1,0,1,0,1,0,0,0,0,0,0,0,0,0,0,0,0,0,7
David Mamikonyan,,,,,,,,,,0,1,0,0,0,0,0,1,0,0,0,0,0,0,0,0,0,0,0,7
Lewis Harris Jr,,,,,,,,,,,0,0,1,0,0,0,0,0,0,0,0,0,0,0,0,0,0,0,7
Marnie Aument Loughrey,,,,,,,,,,,,0,0,0,0,0,0,0,0,0,0,0,0,0,0,0,0,0,7
Suzanne Harmon Carn,,,,,,,,,,,,,0,0,0,0,0,0,0,0,0,0,0,0,0,0,0,0,7
James Johnson,,,,,,,,,,,,,,0,0,1,0,0,0,0,0,0,0,0,0,0,0,0,7
Ryan Mulvey,,,,,,,,,,,,,,,0,0,0,0,0,0,0,0,0,0,0,0,0,0,7
Sharif Ali,,,,,,,,,,,,,,,,0,0,0,0,0,0,0,0,0,0,0,0,0,7
Tia M Seibert,,,,,,,,,,,,,,,,,0,0,0,0,0,0,0,0,0,0,0,0,7
Ashley Michelle Cook,,,,,,,,,,,,,,,,,,0,0,0,0,0,0,0,0,0,0,0,7
Bobbie T Curry,,,,,,,,,,,,,,,,,,,0,0,0,0,0,0,0,0,0,0,7
Brigitte A Garvin Johnson,,,,,,,,,,,,,,,,,,,,0,0,0,0,0,0,0,0,0,7
Holly A Harris Seidle,,,,,,,,,,,,,,,,,,,,,0,0,0,0,0,0,0,0,7
Jose A Figueroa,,,,,,,,,,,,,,,,,,,,,,0,0,0,0,0,0,0,7
Keith Jackson,,,,,,,,,,,,,,,,,,,,,,,0,0,0,0,0,0,7
Kyle J Sampson,,,,,,,,,,,,,,,,,,,,,,,,0,0,0,0,0,7
Omar Sabir,,,,,,,,,,,,,,,,,,,,,,,,,0,0,0,0,7
Tyrone T Martin,,,,,,,,,,,,,,,,,,,,,,,,,,0,0,0,7
Verna Ragan Tennant,,,,,,,,,,,,,,,,,,,,,,,,,,,0,0,7
Wayne E Dorsey,,,,,,,,,,,,,,,,,,,,,,,,,,,,0,7
Total,35,18,2,33,24,20,7,3,2,2,2,2,2,1,1,1,1,0,0,0,0,0,0,0,0,0,0,0,7
,Controller - Democrat,,,Judge Of The Traffic Court - Democrat,,,,,,,,,,,,,,,,,,,,,,,,,8
,Brett Mandel,Alan Butkovitz,Mark Zecca,Inja Coates,Robert Tuerk,Warren Bloom,Donna Derose,Holly A Harris Seidle,Marnie Aument Loughrey,Ashley Michelle Cook,Donna Marie Laws,Suzanne Harmon Carn,Tia M Seibert,Jose A Figueroa,Lewis Harris Jr,Keith Jackson,Ryan Mulvey,Bobbie T Curry,Omar Sabir,Verna Ragan Tennant,Bruce H Bailey,Tyrone T Martin,Brigitte A Garvin Johnson,David Mamikonyan,James Johnson,Kyle J Sampson,Sharif Ali,Wayne E Dorsey,8
Brett Mandel,23,0,0,11,5,7,2,5,5,3,3,5,3,3,1,0,2,0,2,1,0,0,0,0,0,0,0,0,8
Alan Butkovitz,,8,0,13,12,9,12,2,3,4,4,2,4,2,3,2,1,2,0,1,1,1,0,0,0,0,0,0,8
Mark Zecca,,,0,1,2,1,1,1,0,0,0,0,0,0,0,1,0,0,0,0,0,0,0,0,0,0,0,0,8
Inja Coates,,,,0,16,2,13,0,1,1,0,0,0,0,0,1,0,0,0,0,0,0,0,0,0,0,0,0,8
Robert Tuerk,,,,,0,3,12,2,0,0,0,0,0,1,0,0,0,0,0,0,0,0,0,0,0,0,0,0,8
Warren Bloom,,,,,,0,1,2,2,0,1,2,4,0,4,1,2,0,1,1,1,1,0,0,0,0,0,0,8
Donna Derose,,,,,,,0,0,2,0,0,0,0,0,0,0,0,0,0,0,0,0,0,0,0,0,0,0,8
Holly A Harris Seidle,,,,,,,,1,2,2,3,1,0,3,0,0,0,0,0,1,0,0,0,0,0,0,0,0,8
Marnie Aument Loughrey,,,,,,,,,0,2,2,1,1,0,0,0,0,1,0,0,0,0,0,0,0,0,0,0,8
Ashley Michelle Cook,,,,,,,,,,0,2,1,1,0,0,0,1,0,0,0,0,0,0,0,0,0,0,0,8
Donna Marie Laws,,,,,,,,,,,0,0,0,2,0,1,1,1,0,0,1,0,0,0,0,0,0,0,8
Suzanne Harmon Carn,,,,,,,,,,,,0,2,0,0,0,0,1,2,0,0,0,0,0,0,0,0,0,8
Tia M Seibert,,,,,,,,,,,,,0,0,4,0,0,1,1,0,0,0,0,0,0,0,0,0,8
Jose A Figueroa,,,,,,,,,,,,,,0,0,1,0,0,0,1,0,0,0,0,0,0,0,0,8
Lewis Harris Jr,,,,,,,,,,,,,,,0,0,0,0,0,0,0,0,0,0,0,0,0,0,8
Keith Jackson,,,,,,,,,,,,,,,,0,0,0,0,0,0,0,0,0,0,0,0,0,8
Ryan Mulvey,,,,,,,,,,,,,,,,,0,0,0,0,0,0,0,0,0,0,0,0,8
Bobbie T Curry,,,,,,,,,,,,,,,,,,0,0,0,0,0,0,0,0,0,0,0,8
Omar Sabir,,,,,,,,,,,,,,,,,,,0,0,0,0,0,0,0,0,0,0,8
Verna Ragan Tennant,,,,,,,,,,,,,,,,,,,,0,0,1,0,0,0,0,0,0,8
Bruce H Bailey,,,,,,,,,,,,,,,,,,,,,0,0,0,0,0,0,0,0,8
Tyrone T Martin,,,,,,,,,,,,,,,,,,,,,,0,0,0,0,0,0,0,8
Brigitte A Garvin Johnson,,,,,,,,,,,,,,,,,,,,,,,0,0,0,0,0,0,8
David Mamikonyan,,,,,,,,,,,,,,,,,,,,,,,,0,0,0,0,0,8
James Johnson,,,,,,,,,,,,,,,,,,,,,,,,,0,0,0,0,8
Kyle J Sampson,,,,,,,,,,,,,,,,,,,,,,,,,,0,0,0,8
Sharif Ali,,,,,,,,,,,,,,,,,,,,,,,,,,,0,0,8
Wayne E Dorsey,,,,,,,,,,,,,,,,,,,,,,,,,,,,0,8
Total,51,36,3,25,19,17,15,9,8,7,7,7,7,5,4,3,3,2,2,2,1,1,0,0,0,0,0,0,8
,Controller - Democrat,,,Judge Of The Traffic Court - Democrat,,,,,,,,,,,,,,,,,,,,,,,,,9
,Brett Mandel,Alan Butkovitz,Mark Zecca,Inja Coates,Robert Tuerk,Donna Derose,Tia M Seibert,Ashley Michelle Cook,Omar Sabir,Donna Marie Laws,Warren Bloom,Brigitte A Garvin Johnson,Holly A Harris Seidle,Suzanne Harmon Carn,Jose A Figueroa,Marnie Aument Loughrey,Sharif Ali,Verna Ragan Tennant,Bobbie T Curry,Lewis Harris Jr,Ryan Mulvey,Tyrone T Martin,Bruce H Bailey,James Johnson,Kyle J Sampson,Wayne E Dorsey,David Mamikonyan,Keith Jackson,9
Brett Mandel,4,0,0,19,10,4,5,6,4,4,3,2,4,1,3,2,2,2,2,1,1,0,1,0,0,0,0,0,9
Alan Butkovitz,,6,0,12,8,8,4,2,2,2,2,2,1,4,0,1,0,0,0,1,0,2,0,0,0,0,0,0,9
Mark Zecca,,,2,0,0,1,0,0,1,0,0,1,0,0,0,0,1,1,0,0,1,0,0,1,1,1,0,0,9
Inja Coates,,,,0,17,11,2,0,1,0,1,0,1,1,2,2,0,0,1,1,0,1,0,0,0,0,0,0,9
Robert Tuerk,,,,,1,9,0,0,0,0,0,0,1,1,1,0,0,0,0,0,0,0,0,0,0,0,0,0,9
Donna Derose,,,,,,0,0,0,0,0,0,1,1,0,0,2,0,0,0,0,1,0,0,0,1,0,0,0,9
Tia M Seibert,,,,,,,0,2,1,2,4,1,1,3,0,0,0,1,1,0,0,1,0,0,0,0,0,0,9
Ashley Michelle Cook,,,,,,,,0,1,4,2,2,1,1,0,0,2,0,0,0,1,0,0,0,0,0,0,0,9
Omar Sabir,,,,,,,,,0,0,0,0,0,0,1,0,2,0,1,2,0,1,1,1,0,0,0,0,9
Donna Marie Laws,,,,,,,,,,0,2,1,1,1,0,0,0,1,0,0,0,0,0,0,0,0,0,0,9
Warren Bloom,,,,,,,,,,,0,0,1,1,0,0,0,0,0,0,0,0,0,0,0,0,0,0,9
Brigitte A Garvin Johnson,,,,,,,,,,,,0,1,0,0,0,0,1,0,0,0,0,0,0,0,1,0,0,9
Holly A Harris Seidle,,,,,,,,,,,,,0,0,0,1,0,1,0,0,0,0,0,0,0,0,0,0,9
Suzanne Harmon Carn,,,,,,,,,,,,,,0,0,0,0,0,0,0,0,0,0,0,0,0,0,0,9
Jose A Figueroa,,,,,,,,,,,,,,,0,0,0,0,1,0,0,0,1,0,0,0,0,0,9
Marnie Aument Loughrey,,,,,,,,,,,,,,,,0,0,1,0,0,0,0,0,0,0,0,0,0,9
Sharif Ali,,,,,,,,,,,,,,,,,0,0,0,0,1,0,0,1,0,0,0,0,9
Verna Ragan Tennant,,,,,,,,,,,,,,,,,,0,0,0,0,0,0,0,0,1,0,0,9
Bobbie T Curry,,,,,,,,,,,,,,,,,,,0,0,0,0,0,0,0,0,0,0,9
Lewis Harris Jr,,,,,,,,,,,,,,,,,,,,0,0,1,0,0,0,0,0,0,9
Ryan Mulvey,,,,,,,,,,,,,,,,,,,,,0,0,0,0,1,0,0,0,9
Tyrone T Martin,,,,,,,,,,,,,,,,,,,,,,0,0,0,0,0,0,0,9
Bruce H Bailey,,,,,,,,,,,,,,,,,,,,,,,0,0,0,0,0,0,9
James Johnson,,,,,,,,,,,,,,,,,,,,,,,,0,0,0,0,0,9
Kyle J Sampson,,,,,,,,,,,,,,,,,,,,,,,,,0,0,0,0,9
Wayne E Dorsey,,,,,,,,,,,,,,,,,,,,,,,,,,0,0,0,9
David Mamikonyan,,,,,,,,,,,,,,,,,,,,,,,,,,,0,0,9
Keith Jackson,,,,,,,,,,,,,,,,,,,,,,,,,,,,0,9
Total,35,27,5,31,19,13,10,8,7,6,6,5,5,5,3,3,3,3,2,2,2,2,1,1,1,1,0,0,9
,Controller - Democrat,,,Judge Of The Traffic Court - Democrat,,,,,,,,,,,,,,,,,,,,,,,,,10
,Brett Mandel,Alan Butkovitz,Mark Zecca,Inja Coates,Robert Tuerk,Donna Derose,Suzanne Harmon Carn,James Johnson,Omar Sabir,Tyrone T Martin,Donna Marie Laws,Marnie Aument Loughrey,Sharif Ali,Tia M Seibert,Warren Bloom,Ashley Michelle Cook,Bobbie T Curry,Bruce H Bailey,Lewis Harris Jr,Brigitte A Garvin Johnson,David Mamikonyan,Holly A Harris Seidle,Jose A Figueroa,Keith Jackson,Kyle J Sampson,Ryan Mulvey,Verna Ragan Tennant,Wayne E Dorsey,10
Brett Mandel,9,0,0,5,5,4,2,1,1,0,1,2,1,2,1,1,1,0,0,0,0,0,0,0,0,0,0,0,10
Alan Butkovitz,,2,0,4,4,4,2,2,2,3,1,0,1,0,1,0,0,1,1,0,0,0,0,0,0,0,0,0,10
Mark Zecca,,,1,0,0,0,0,0,0,0,0,0,0,0,0,0,0,0,0,0,0,0,0,0,0,0,0,0,10
Inja Coates,,,,1,7,5,0,0,2,0,0,2,0,0,0,1,0,0,0,0,0,0,0,0,0,0,0,0,10
Robert Tuerk,,,,,0,5,0,0,0,0,0,2,0,0,0,0,0,0,0,0,0,0,0,0,0,0,0,0,10
Donna Derose,,,,,,0,1,1,0,0,1,0,1,0,0,0,0,0,1,0,0,0,0,0,0,0,0,0,10
Suzanne Harmon Carn,,,,,,,0,1,1,0,1,0,1,1,0,0,0,1,0,0,0,0,0,0,0,0,0,0,10
James Johnson,,,,,,,,0,0,1,0,0,1,0,0,0,0,1,0,0,0,0,0,0,0,0,0,0,10
Omar Sabir,,,,,,,,,0,0,0,0,1,0,0,1,0,0,0,0,0,0,0,0,0,0,0,0,10
Tyrone T Martin,,,,,,,,,,0,1,0,0,0,1,0,0,0,0,0,0,0,0,0,0,0,0,0,10
Donna Marie Laws,,,,,,,,,,,0,0,0,0,1,0,0,0,0,0,0,0,0,0,0,0,0,0,10
Marnie Aument Loughrey,,,,,,,,,,,,0,0,0,0,0,0,0,0,0,0,0,0,0,0,0,0,0,10
Sharif Ali,,,,,,,,,,,,,0,0,0,0,0,0,0,0,0,0,0,0,0,0,0,0,10
Tia M Seibert,,,,,,,,,,,,,,0,1,0,1,0,0,0,0,0,0,0,0,0,0,0,10
Warren Bloom,,,,,,,,,,,,,,,0,0,1,0,0,0,0,0,0,0,0,0,0,0,10
Ashley Michelle Cook,,,,,,,,,,,,,,,,0,0,0,0,0,0,0,0,0,0,0,0,0,10
Bobbie T Curry,,,,,,,,,,,,,,,,,0,0,0,0,0,0,0,0,0,0,0,0,10
Bruce H Bailey,,,,,,,,,,,,,,,,,,0,0,0,0,0,0,0,0,0,0,0,10
Lewis Harris Jr,,,,,,,,,,,,,,,,,,,0,0,0,0,0,0,0,0,0,0,10
Brigitte A Garvin Johnson,,,,,,,,,,,,,,,,,,,,0,0,0,0,0,0,0,0,0,10
David Mamikonyan,,,,,,,,,,,,,,,,,,,,,0,0,0,0,0,0,0,0,10
Holly A Harris Seidle,,,,,,,,,,,,,,,,,,,,,,0,0,0,0,0,0,0,10
Jose A Figueroa,,,,,,,,,,,,,,,,,,,,,,,0,0,0,0,0,0,10
Keith Jackson,,,,,,,,,,,,,,,,,,,,,,,,0,0,0,0,0,10
Kyle J Sampson,,,,,,,,,,,,,,,,,,,,,,,,,0,0,0,0,10
Ryan Mulvey,,,,,,,,,,,,,,,,,,,,,,,,,,0,0,0,10
Verna Ragan Tennant,,,,,,,,,,,,,,,,,,,,,,,,,,,0,0,10
Wayne E Dorsey,,,,,,,,,,,,,,,,,,,,,,,,,,,,0,10
Total,19,13,1,10,9,8,4,3,3,3,2,2,2,2,2,1,1,1,1,0,0,0,0,0,0,0,0,0,10
,Controller - Democrat,,,Judge Of The Traffic Court - Democrat,,,,,,,,,,,,,,,,,,,,,,,,,11
,Brett Mandel,Alan Butkovitz,Mark Zecca,Inja Coates,Robert Tuerk,Donna Derose,Warren Bloom,Lewis Harris Jr,Tia M Seibert,Suzanne Harmon Carn,Brigitte A Garvin Johnson,Ashley Michelle Cook,David Mamikonyan,Bobbie T Curry,Donna Marie Laws,Holly A Harris Seidle,James Johnson,Kyle J Sampson,Bruce H Bailey,Jose A Figueroa,Keith Jackson,Marnie Aument Loughrey,Omar Sabir,Ryan Mulvey,Sharif Ali,Tyrone T Martin,Verna Ragan Tennant,Wayne E Dorsey,11
Brett Mandel,14,0,0,12,14,5,3,0,2,2,2,2,0,1,1,0,1,1,0,0,0,0,0,0,0,0,0,0,11
Alan Butkovitz,,4,0,5,4,6,7,6,4,2,1,0,2,0,0,1,0,0,0,0,0,0,0,0,0,0,0,0,11
Mark Zecca,,,0,1,0,0,0,0,0,0,0,0,0,0,0,0,0,0,0,0,0,0,0,0,0,0,0,0,11
Inja Coates,,,,0,11,9,1,1,0,0,0,0,0,0,0,0,1,0,0,0,0,0,0,0,0,0,0,0,11
Robert Tuerk,,,,,0,8,1,0,0,0,0,0,0,0,1,1,1,0,0,0,0,0,0,0,0,0,0,0,11
Donna Derose,,,,,,0,0,0,0,1,1,0,0,0,0,0,0,0,0,0,0,0,0,0,0,0,0,0,11
Warren Bloom,,,,,,,0,6,5,1,0,0,1,1,0,1,0,1,0,0,0,0,0,0,0,0,0,0,11
Lewis Harris Jr,,,,,,,,0,4,1,0,0,1,0,0,0,0,0,0,0,0,0,0,0,0,0,0,0,11
Tia M Seibert,,,,,,,,,0,0,1,1,0,1,0,0,0,0,0,0,0,0,0,0,0,0,0,0,11
Suzanne Harmon Carn,,,,,,,,,,0,2,1,1,0,0,0,0,1,0,0,0,0,0,0,0,0,0,0,11
Brigitte A Garvin Johnson,,,,,,,,,,,0,2,0,0,0,0,0,0,0,0,0,0,0,0,0,0,0,0,11
Ashley Michelle Cook,,,,,,,,,,,,0,0,0,0,0,0,0,0,0,0,0,0,0,0,0,0,0,11
David Mamikonyan,,,,,,,,,,,,,0,0,0,0,0,0,0,0,0,0,0,0,0,0,0,0,11
Bobbie T Curry,,,,,,,,,,,,,,0,0,0,0,0,0,0,0,0,0,0,0,0,0,0,11
Donna Marie Laws,,,,,,,,,,,,,,,0,0,0,0,0,0,0,0,0,0,0,0,0,0,11
Holly A Harris Seidle,,,,,,,,,,,,,,,,0,0,0,0,0,0,0,0,0,0,0,0,0,11
James Johnson,,,,,,,,,,,,,,,,,0,0,0,0,0,0,0,0,0,0,0,0,11
Kyle J Sampson,,,,,,,,,,,,,,,,,,0,0,0,0,0,0,0,0,0,0,0,11
Bruce H Bailey,,,,,,,,,,,,,,,,,,,0,0,0,0,0,0,0,0,0,0,11
Jose A Figueroa,,,,,,,,,,,,,,,,,,,,0,0,0,0,0,0,0,0,0,11
Keith Jackson,,,,,,,,,,,,,,,,,,,,,0,0,0,0,0,0,0,0,11
Marnie Aument Loughrey,,,,,,,,,,,,,,,,,,,,,,0,0,0,0,0,0,0,11
Omar Sabir,,,,,,,,,,,,,,,,,,,,,,,0,0,0,0,0,0,11
Ryan Mulvey,,,,,,,,,,,,,,,,,,,,,,,,0,0,0,0,0,11
Sharif Ali,,,,,,,,,,,,,,,,,,,,,,,,,0,0,0,0,11
Tyrone T Martin,,,,,,,,,,,,,,,,,,,,,,,,,,0,0,0,11
Verna Ragan Tennant,,,,,,,,,,,,,,,,,,,,,,,,,,,0,0,11
Wayne E Dorsey,,,,,,,,,,,,,,,,,,,,,,,,,,,,0,11
Total,37,18,1,18,18,11,11,7,6,4,3,2,2,1,1,1,1,1,0,0,0,0,0,0,0,0,0,0,11
,Judge Of The Traffic Court - Democrat,,,,,,,,,,,,,,,,,,,,,,,,,Controller - Democrat,,,12
,Inja Coates,Robert Tuerk,Donna Derose,Tia M Seibert,Omar Sabir,Warren Bloom,Lewis Harris Jr,Suzanne Harmon Carn,Bobbie T Curry,Donna Marie Laws,Marnie Aument Loughrey,Bruce H Bailey,Holly A Harris Seidle,Tyrone T Martin,Keith Jackson,Sharif Ali,Verna Ragan Tennant,Ashley Michelle Cook,Brigitte A Garvin Johnson,David Mamikonyan,James Johnson,Jose A Figueroa,Kyle J Sampson,Ryan Mulvey,Wayne E Dorsey,Brett Mandel,Alan Butkovitz,Mark Zecca,12
Inja Coates,8,17,15,0,0,0,0,0,0,1,2,0,0,0,0,0,0,0,0,0,0,0,0,0,0,25,11,0,12
Robert Tuerk,,0,13,1,0,0,0,0,0,0,0,0,1,0,0,0,0,0,0,0,0,0,0,0,0,10,9,0,12
Donna Derose,,,0,0,1,0,0,0,0,0,4,1,0,1,1,1,0,0,0,0,0,0,0,0,0,6,12,0,12
Tia M Seibert,,,,1,1,5,1,2,2,1,0,0,2,1,0,0,0,0,0,0,0,0,0,0,0,6,1,0,12
Omar Sabir,,,,,1,1,2,2,0,0,1,0,0,1,0,0,0,0,0,0,0,0,0,0,0,2,4,0,12
Warren Bloom,,,,,,0,1,3,2,1,0,1,0,0,0,0,0,0,0,0,0,0,0,0,0,3,3,0,12
Lewis Harris Jr,,,,,,,0,1,1,0,0,0,0,0,0,0,1,0,0,0,0,0,0,0,0,3,2,0,12
Suzanne Harmon Carn,,,,,,,,0,0,1,0,0,0,0,0,0,0,0,0,0,0,0,0,0,0,2,2,0,12
Bobbie T Curry,,,,,,,,,1,0,0,0,0,0,0,0,1,0,0,0,0,0,0,0,0,2,0,0,12
Donna Marie Laws,,,,,,,,,,0,0,1,1,0,0,0,0,0,0,0,0,0,0,0,0,2,1,0,12
Marnie Aument Loughrey,,,,,,,,,,,0,0,0,0,0,0,0,0,0,0,0,0,0,0,0,1,2,0,12
Bruce H Bailey,,,,,,,,,,,,0,0,0,0,1,0,0,0,0,0,0,0,0,0,0,2,0,12
Holly A Harris Seidle,,,,,,,,,,,,,0,0,0,0,0,0,0,0,0,0,0,0,0,2,0,0,12
Tyrone T Martin,,,,,,,,,,,,,,0,1,0,0,0,0,0,0,0,0,0,0,1,1,0,12
Keith Jackson,,,,,,,,,,,,,,,0,0,0,0,0,0,0,0,0,0,0,0,1,0,12
Sharif Ali,,,,,,,,,,,,,,,,0,0,0,0,0,0,0,0,0,0,0,1,0,12
Verna Ragan Tennant,,,,,,,,,,,,,,,,,0,0,0,0,0,0,0,0,0,1,0,0,12
Ashley Michelle Cook,,,,,,,,,,,,,,,,,,0,0,0,0,0,0,0,0,0,0,0,12
Brigitte A Garvin Johnson,,,,,,,,,,,,,,,,,,,0,0,0,0,0,0,0,0,0,0,12
David Mamikonyan,,,,,,,,,,,,,,,,,,,,0,0,0,0,0,0,0,0,0,12
James Johnson,,,,,,,,,,,,,,,,,,,,,0,0,0,0,0,0,0,0,12
Jose A Figueroa,,,,,,,,,,,,,,,,,,,,,,0,0,0,0,0,0,0,12
Kyle J Sampson,,,,,,,,,,,,,,,,,,,,,,,0,0,0,0,0,0,12
Ryan Mulvey,,,,,,,,,,,,,,,,,,,,,,,,0,0,0,0,0,12
Wayne E Dorsey,,,,,,,,,,,,,,,,,,,,,,,,,0,0,0,0,12
Brett Mandel,,,,,,,,,,,,,,,,,,,,,,,,,,2,0,0,12
Alan Butkovitz,,,,,,,,,,,,,,,,,,,,,,,,,,,4,0,12
Mark Zecca,,,,,,,,,,,,,,,,,,,,,,,,,,,,0,12
Total,46,20,19,9,7,7,5,5,4,4,4,2,2,2,1,1,1,0,0,0,0,0,0,0,0,38,24,0,12
,Controller - Democrat,,,Judge Of The Traffic Court - Democrat,,,,,,,,,,,,,,,,,,,,,,,,,13
,Alan Butkovitz,Brett Mandel,Mark Zecca,Donna Derose,Donna Marie Laws,Ashley Michelle Cook,Inja Coates,Verna Ragan Tennant,Warren Bloom,Wayne E Dorsey,Brigitte A Garvin Johnson,Marnie Aument Loughrey,Ryan Mulvey,Suzanne Harmon Carn,Bobbie T Curry,Bruce H Bailey,David Mamikonyan,Holly A Harris Seidle,James Johnson,Jose A Figueroa,Keith Jackson,Kyle J Sampson,Lewis Harris Jr,Omar Sabir,Robert Tuerk,Sharif Ali,Tia M Seibert,Tyrone T Martin,13
Alan Butkovitz,2,0,0,2,3,1,2,2,1,1,1,0,0,1,0,0,0,0,0,0,0,0,0,0,0,0,0,0,13
Brett Mandel,,0,0,1,0,1,0,0,0,0,0,1,0,0,0,0,0,0,0,0,0,0,0,0,0,0,0,0,13
Mark Zecca,,,0,0,0,0,0,0,1,1,0,0,1,0,0,0,0,0,0,0,0,0,0,0,0,0,0,0,13
Donna Derose,,,,0,1,1,2,0,0,0,0,1,0,0,0,0,0,0,0,0,0,0,0,0,0,0,0,0,13
Donna Marie Laws,,,,,0,1,1,1,1,0,1,0,0,0,0,0,0,0,0,0,0,0,0,0,0,0,0,0,13
Ashley Michelle Cook,,,,,,0,0,0,0,0,1,1,0,0,0,0,0,0,0,0,0,0,0,0,0,0,0,0,13
Inja Coates,,,,,,,0,0,0,0,0,0,0,0,0,0,0,0,0,0,0,0,0,0,0,0,0,0,13
Verna Ragan Tennant,,,,,,,,0,1,1,0,0,0,1,0,0,0,0,0,0,0,0,0,0,0,0,0,0,13
Warren Bloom,,,,,,,,,0,1,0,0,1,0,0,0,0,0,0,0,0,0,0,0,0,0,0,0,13
Wayne E Dorsey,,,,,,,,,,0,0,0,1,1,0,0,0,0,0,0,0,0,0,0,0,0,0,0,13
Brigitte A Garvin Johnson,,,,,,,,,,,0,0,0,0,0,0,0,0,0,0,0,0,0,0,0,0,0,0,13
Marnie Aument Loughrey,,,,,,,,,,,,0,0,0,0,0,0,0,0,0,0,0,0,0,0,0,0,0,13
Ryan Mulvey,,,,,,,,,,,,,0,0,0,0,0,0,0,0,0,0,0,0,0,0,0,0,13
Suzanne Harmon Carn,,,,,,,,,,,,,,0,0,0,0,0,0,0,0,0,0,0,0,0,0,0,13
Bobbie T Curry,,,,,,,,,,,,,,,0,0,0,0,0,0,0,0,0,0,0,0,0,0,13
Bruce H Bailey,,,,,,,,,,,,,,,,0,0,0,0,0,0,0,0,0,0,0,0,0,13
David Mamikonyan,,,,,,,,,,,,,,,,,0,0,0,0,0,0,0,0,0,0,0,0,13
Holly A Harris Seidle,,,,,,,,,,,,,,,,,,0,0,0,0,0,0,0,0,0,0,0,13
James Johnson,,,,,,,,,,,,,,,,,,,0,0,0,0,0,0,0,0,0,0,13
Jose A Figueroa,,,,,,,,,,,,,,,,,,,,0,0,0,0,0,0,0,0,0,13
Keith Jackson,,,,,,,,,,,,,,,,,,,,,0,0,0,0,0,0,0,0,13
Kyle J Sampson,,,,,,,,,,,,,,,,,,,,,,0,0,0,0,0,0,0,13
Lewis Harris Jr,,,,,,,,,,,,,,,,,,,,,,,0,0,0,0,0,0,13
Omar Sabir,,,,,,,,,,,,,,,,,,,,,,,,0,0,0,0,0,13
Robert Tuerk,,,,,,,,,,,,,,,,,,,,,,,,,0,0,0,0,13
Sharif Ali,,,,,,,,,,,,,,,,,,,,,,,,,,0,0,0,13
Tia M Seibert,,,,,,,,,,,,,,,,,,,,,,,,,,,0,0,13
Tyrone T Martin,,,,,,,,,,,,,,,,,,,,,,,,,,,,0,13
Total,7,1,1,3,3,2,2,2,2,2,1,1,1,1,0,0,0,0,0,0,0,0,0,0,0,0,0,0,13
,Judge Of The Traffic Court - Democrat,,,,,,,,,,,,,,,,,,,,,,,,,Controller - Democrat,,,14
,Inja Coates,Donna Derose,Robert Tuerk,Donna Marie Laws,Suzanne Harmon Carn,Lewis Harris Jr,Brigitte A Garvin Johnson,Bruce H Bailey,Holly A Harris Seidle,Tia M Seibert,Warren Bloom,Bobbie T Curry,James Johnson,Ashley Michelle Cook,David Mamikonyan,Jose A Figueroa,Omar Sabir,Ryan Mulvey,Sharif Ali,Verna Ragan Tennant,Wayne E Dorsey,Keith Jackson,Kyle J Sampson,Marnie Aument Loughrey,Tyrone T Martin,Brett Mandel,Alan Butkovitz,Mark Zecca,14
Inja Coates,0,19,21,1,0,0,1,1,0,0,0,0,1,0,0,0,0,0,0,0,0,0,0,0,0,12,16,1,14
Donna Derose,,0,18,0,1,0,2,0,2,0,0,0,1,0,0,0,0,0,1,0,0,0,0,0,0,10,12,0,14
Robert Tuerk,,,0,0,1,0,0,0,0,0,0,1,1,0,0,0,0,0,0,0,0,0,0,0,0,10,12,0,14
Donna Marie Laws,,,,0,2,1,1,2,0,1,1,0,0,1,0,0,1,0,0,0,1,0,0,0,0,3,3,0,14
Suzanne Harmon Carn,,,,,0,1,0,0,1,2,0,1,0,0,0,0,0,0,0,0,1,0,0,0,0,4,1,0,14
Lewis Harris Jr,,,,,,0,0,0,0,2,2,0,0,0,1,0,1,0,0,0,0,0,0,0,0,2,2,0,14
Brigitte A Garvin Johnson,,,,,,,0,0,1,0,0,0,0,1,0,0,0,0,0,0,0,0,0,0,0,3,0,0,14
Bruce H Bailey,,,,,,,,0,1,0,1,0,0,0,0,0,0,1,0,0,0,0,0,0,0,2,1,0,14
Holly A Harris Seidle,,,,,,,,,0,0,0,0,0,0,0,0,0,1,0,0,0,0,0,0,0,3,0,0,14
Tia M Seibert,,,,,,,,,,0,1,0,0,0,0,0,0,0,0,0,0,0,0,0,0,2,1,0,14
Warren Bloom,,,,,,,,,,,0,0,0,0,1,0,0,0,0,0,0,0,0,0,0,1,2,0,14
Bobbie T Curry,,,,,,,,,,,,0,0,0,0,1,0,0,0,1,0,0,0,0,0,2,0,0,14
James Johnson,,,,,,,,,,,,,0,0,0,0,0,0,1,0,0,0,0,0,0,2,0,0,14
Ashley Michelle Cook,,,,,,,,,,,,,,0,0,0,0,0,0,0,0,0,0,0,0,1,0,0,14
David Mamikonyan,,,,,,,,,,,,,,,0,0,0,0,0,0,0,0,0,0,0,0,1,0,14
Jose A Figueroa,,,,,,,,,,,,,,,,0,0,0,0,1,0,0,0,0,0,1,0,0,14
Omar Sabir,,,,,,,,,,,,,,,,,0,0,0,0,0,0,0,0,0,0,1,0,14
Ryan Mulvey,,,,,,,,,,,,,,,,,,0,0,0,0,0,0,0,0,1,0,0,14
Sharif Ali,,,,,,,,,,,,,,,,,,,0,0,0,0,0,0,0,1,0,0,14
Verna Ragan Tennant,,,,,,,,,,,,,,,,,,,,0,0,0,0,0,0,1,0,0,14
Wayne E Dorsey,,,,,,,,,,,,,,,,,,,,,0,0,0,0,0,1,0,0,14
Keith Jackson,,,,,,,,,,,,,,,,,,,,,,0,0,0,0,0,0,0,14
Kyle J Sampson,,,,,,,,,,,,,,,,,,,,,,,0,0,0,0,0,0,14
Marnie Aument Loughrey,,,,,,,,,,,,,,,,,,,,,,,,0,0,0,0,0,14
Tyrone T Martin,,,,,,,,,,,,,,,,,,,,,,,,,0,0,0,0,14
Brett Mandel,,,,,,,,,,,,,,,,,,,,,,,,,,6,0,0,14
Alan Butkovitz,,,,,,,,,,,,,,,,,,,,,,,,,,,4,0,14
Mark Zecca,,,,,,,,,,,,,,,,,,,,,,,,,,,,0,14
Total,29,22,22,6,5,4,3,3,3,3,3,2,2,1,1,1,1,1,1,1,1,0,0,0,0,28,24,1,14
,Controller - Democrat,,,Judge Of The Traffic Court - Democrat,,,,,,,,,,,,,,,,,,,,,,,,,15
,Alan Butkovitz,Brett Mandel,Mark Zecca,Robert Tuerk,Donna Derose,Inja Coates,Donna Marie Laws,Suzanne Harmon Carn,Warren Bloom,Ashley Michelle Cook,Tia M Seibert,Bobbie T Curry,Lewis Harris Jr,Omar Sabir,Jose A Figueroa,Keith Jackson,Marnie Aument Loughrey,Sharif Ali,Brigitte A Garvin Johnson,Bruce H Bailey,David Mamikonyan,Holly A Harris Seidle,James Johnson,Kyle J Sampson,Ryan Mulvey,Tyrone T Martin,Verna Ragan Tennant,Wayne E Dorsey,15
Alan Butkovitz,2,0,0,11,11,8,3,1,0,2,0,1,0,1,1,1,1,1,0,0,0,0,0,0,0,0,0,0,15
Brett Mandel,,4,0,1,0,1,1,2,3,1,2,1,1,0,0,0,0,0,0,0,0,0,0,0,0,0,0,0,15
Mark Zecca,,,1,1,1,1,0,1,1,0,0,0,1,1,0,0,0,0,0,0,0,0,0,0,0,0,0,0,15
Robert Tuerk,,,,0,10,8,0,0,1,1,0,1,0,0,1,1,0,0,0,0,0,0,0,0,0,0,0,0,15
Donna Derose,,,,,0,7,0,0,0,1,0,0,0,0,0,0,0,0,0,0,0,0,0,0,0,0,0,0,15
Inja Coates,,,,,,0,0,0,0,0,0,0,0,0,1,0,0,0,0,0,0,0,0,0,0,0,0,0,15
Donna Marie Laws,,,,,,,0,2,0,2,0,0,0,1,0,0,1,0,0,0,0,0,0,0,0,0,0,0,15
Suzanne Harmon Carn,,,,,,,,0,2,2,1,0,1,0,0,0,0,0,0,0,0,0,0,0,0,0,0,0,15
Warren Bloom,,,,,,,,,0,0,2,1,2,0,0,0,0,0,0,0,0,0,0,0,0,0,0,0,15
Ashley Michelle Cook,,,,,,,,,,0,0,0,0,0,0,0,0,0,0,0,0,0,0,0,0,0,0,0,15
Tia M Seibert,,,,,,,,,,,1,0,1,0,0,0,0,0,0,0,0,0,0,0,0,0,0,0,15
Bobbie T Curry,,,,,,,,,,,,0,0,0,0,0,0,0,0,0,0,0,0,0,0,0,0,0,15
Lewis Harris Jr,,,,,,,,,,,,,0,0,0,0,0,0,0,0,0,0,0,0,0,0,0,0,15
Omar Sabir,,,,,,,,,,,,,,0,0,0,1,0,0,0,0,0,0,0,0,0,0,0,15
Jose A Figueroa,,,,,,,,,,,,,,,0,0,0,0,0,0,0,0,0,0,0,0,0,0,15
Keith Jackson,,,,,,,,,,,,,,,,0,0,0,0,0,0,0,0,0,0,0,0,0,15
Marnie Aument Loughrey,,,,,,,,,,,,,,,,,0,0,0,0,0,0,0,0,0,0,0,0,15
Sharif Ali,,,,,,,,,,,,,,,,,,0,0,0,0,0,0,0,0,0,0,0,15
Brigitte A Garvin Johnson,,,,,,,,,,,,,,,,,,,0,0,0,0,0,0,0,0,0,0,15
Bruce H Bailey,,,,,,,,,,,,,,,,,,,,0,0,0,0,0,0,0,0,0,15
David Mamikonyan,,,,,,,,,,,,,,,,,,,,,0,0,0,0,0,0,0,0,15
Holly A Harris Seidle,,,,,,,,,,,,,,,,,,,,,,0,0,0,0,0,0,0,15
James Johnson,,,,,,,,,,,,,,,,,,,,,,,0,0,0,0,0,0,15
Kyle J Sampson,,,,,,,,,,,,,,,,,,,,,,,,0,0,0,0,0,15
Ryan Mulvey,,,,,,,,,,,,,,,,,,,,,,,,,0,0,0,0,15
Tyrone T Martin,,,,,,,,,,,,,,,,,,,,,,,,,,0,0,0,15
Verna Ragan Tennant,,,,,,,,,,,,,,,,,,,,,,,,,,,0,0,15
Wayne E Dorsey,,,,,,,,,,,,,,,,,,,,,,,,,,,,0,15
Total,21,9,4,13,12,10,4,4,4,3,3,2,2,2,1,1,1,1,0,0,0,0,0,0,0,0,0,0,15
,Controller - Democrat,,,Judge Of The Traffic Court - Democrat,,,,,,,,,,,,,,,,,,,,,,,,,16
,Brett Mandel,Alan Butkovitz,Mark Zecca,Inja Coates,Robert Tuerk,Donna Derose,Tia M Seibert,Omar Sabir,Warren Bloom,Bruce H Bailey,Ryan Mulvey,Suzanne Harmon Carn,Ashley Michelle Cook,Bobbie T Curry,Brigitte A Garvin Johnson,Donna Marie Laws,Holly A Harris Seidle,Jose A Figueroa,Lewis Harris Jr,Marnie Aument Loughrey,David Mamikonyan,Kyle J Sampson,Tyrone T Martin,Verna Ragan Tennant,James Johnson,Keith Jackson,Sharif Ali,Wayne E Dorsey,16
Brett Mandel,7,0,0,4,4,2,4,3,4,3,2,1,2,1,1,2,1,2,0,1,0,0,0,0,0,0,0,0,16
Alan Butkovitz,,4,0,7,7,7,2,2,1,1,0,1,0,1,0,0,0,0,1,0,1,0,1,1,0,0,0,0,16
Mark Zecca,,,2,2,2,2,1,0,0,0,2,2,0,0,1,0,1,0,1,0,0,1,0,0,0,0,0,0,16
Inja Coates,,,,0,11,10,1,0,0,0,0,0,0,0,0,0,1,0,0,0,0,0,0,1,0,0,0,0,16
Robert Tuerk,,,,,0,10,0,0,0,0,0,0,0,0,0,0,0,1,0,0,0,0,0,1,0,0,0,0,16
Donna Derose,,,,,,0,0,0,0,0,0,0,0,0,0,0,0,0,0,0,1,0,1,0,0,0,0,0,16
Tia M Seibert,,,,,,,0,2,2,1,0,2,0,1,0,0,1,1,2,0,0,0,0,0,0,0,0,0,16
Omar Sabir,,,,,,,,0,2,0,0,1,1,0,0,1,0,1,0,1,0,0,0,0,0,0,0,0,16
Warren Bloom,,,,,,,,,0,1,1,1,0,1,1,1,0,0,0,0,0,0,0,0,0,0,0,0,16
Bruce H Bailey,,,,,,,,,,0,2,0,1,0,0,0,0,0,0,0,0,0,0,0,0,0,0,0,16
Ryan Mulvey,,,,,,,,,,,0,1,1,0,1,0,1,0,0,0,0,1,0,0,0,0,0,0,16
Suzanne Harmon Carn,,,,,,,,,,,,0,0,0,0,0,0,0,2,0,0,1,0,0,0,0,0,0,16
Ashley Michelle Cook,,,,,,,,,,,,,0,0,0,1,0,0,0,0,0,0,0,0,0,0,0,0,16
Bobbie T Curry,,,,,,,,,,,,,,0,0,0,0,0,0,0,0,0,0,0,0,0,0,0,16
Brigitte A Garvin Johnson,,,,,,,,,,,,,,,0,1,1,0,0,0,0,0,0,0,0,0,0,0,16
Donna Marie Laws,,,,,,,,,,,,,,,,0,0,0,0,0,0,0,0,0,0,0,0,0,16
Holly A Harris Seidle,,,,,,,,,,,,,,,,,0,0,0,0,0,0,0,0,0,0,0,0,16
Jose A Figueroa,,,,,,,,,,,,,,,,,,0,0,0,0,0,0,0,0,0,0,0,16
Lewis Harris Jr,,,,,,,,,,,,,,,,,,,0,0,0,0,0,0,0,0,0,0,16
Marnie Aument Loughrey,,,,,,,,,,,,,,,,,,,,0,0,0,0,0,0,0,0,0,16
David Mamikonyan,,,,,,,,,,,,,,,,,,,,,0,0,1,0,0,0,0,0,16
Kyle J Sampson,,,,,,,,,,,,,,,,,,,,,,0,0,0,0,0,0,0,16
Tyrone T Martin,,,,,,,,,,,,,,,,,,,,,,,0,0,0,0,0,0,16
Verna Ragan Tennant,,,,,,,,,,,,,,,,,,,,,,,,0,0,0,0,0,16
James Johnson,,,,,,,,,,,,,,,,,,,,,,,,,0,0,0,0,16
Keith Jackson,,,,,,,,,,,,,,,,,,,,,,,,,,0,0,0,16
Sharif Ali,,,,,,,,,,,,,,,,,,,,,,,,,,,0,0,16
Wayne E Dorsey,,,,,,,,,,,,,,,,,,,,,,,,,,,,0,16
Total,22,17,7,13,13,11,7,6,5,4,4,4,2,2,2,2,2,2,2,2,1,1,1,1,0,0,0,0,16
,Judge Of The Traffic Court - Democrat,,,,,,,,,,,,,,,,,,,,,,,,,Controller - Democrat,,,17
,Inja Coates,Robert Tuerk,Donna Derose,Omar Sabir,Jose A Figueroa,Warren Bloom,Ashley Michelle Cook,Brigitte A Garvin Johnson,Donna Marie Laws,Tia M Seibert,Suzanne Harmon Carn,Tyrone T Martin,David Mamikonyan,Marnie Aument Loughrey,Ryan Mulvey,Bruce H Bailey,Holly A Harris Seidle,James Johnson,Keith Jackson,Kyle J Sampson,Lewis Harris Jr,Sharif Ali,Wayne E Dorsey,Bobbie T Curry,Verna Ragan Tennant,Brett Mandel,Alan Butkovitz,Mark Zecca,17
Inja Coates,1,27,24,1,1,1,1,0,1,0,0,2,1,0,1,0,0,0,0,0,0,0,0,0,0,15,21,6,17
Robert Tuerk,,0,23,0,0,0,0,0,0,0,0,1,0,0,0,0,0,0,0,0,0,0,0,0,0,10,16,1,17
Donna Derose,,,0,0,0,1,0,1,0,0,0,0,0,0,0,0,0,1,1,0,0,0,0,0,0,8,16,1,17
Omar Sabir,,,,0,1,2,0,1,1,1,1,0,1,0,0,0,0,0,0,0,0,1,0,0,0,1,2,3,17
Jose A Figueroa,,,,,2,0,0,0,1,0,0,0,0,0,0,0,0,0,0,0,0,1,0,0,0,2,1,0,17
Warren Bloom,,,,,,0,0,0,0,2,1,0,1,0,0,0,0,0,0,0,0,0,0,0,0,0,4,1,17
Ashley Michelle Cook,,,,,,,0,0,1,0,0,1,0,1,2,0,1,0,0,0,0,0,0,0,0,2,0,1,17
Brigitte A Garvin Johnson,,,,,,,,0,2,1,1,0,0,0,0,1,0,0,0,0,0,0,0,0,0,2,2,0,17
Donna Marie Laws,,,,,,,,,0,1,0,0,0,0,0,0,1,0,0,0,0,0,0,0,0,3,1,0,17
Tia M Seibert,,,,,,,,,,0,0,0,1,0,0,0,0,0,0,0,0,0,0,0,0,2,2,0,17
Suzanne Harmon Carn,,,,,,,,,,,0,0,0,0,0,1,0,0,0,0,0,0,0,0,0,2,0,1,17
Tyrone T Martin,,,,,,,,,,,,0,0,0,1,0,0,0,0,0,0,0,0,0,0,2,1,0,17
David Mamikonyan,,,,,,,,,,,,,0,0,0,0,0,0,0,0,0,0,0,0,0,0,1,1,17
Marnie Aument Loughrey,,,,,,,,,,,,,,0,0,0,0,0,0,1,1,0,0,0,0,1,0,0,17
Ryan Mulvey,,,,,,,,,,,,,,,0,0,0,0,0,0,0,0,0,0,0,1,0,1,17
Bruce H Bailey,,,,,,,,,,,,,,,,0,0,0,0,0,0,0,0,0,0,1,0,0,17
Holly A Harris Seidle,,,,,,,,,,,,,,,,,0,0,0,0,0,0,0,0,0,1,0,0,17
James Johnson,,,,,,,,,,,,,,,,,,0,1,0,0,0,0,0,0,1,0,0,17
Keith Jackson,,,,,,,,,,,,,,,,,,,0,0,0,0,0,0,0,1,0,0,17
Kyle J Sampson,,,,,,,,,,,,,,,,,,,,0,1,0,0,0,0,1,0,0,17
Lewis Harris Jr,,,,,,,,,,,,,,,,,,,,,0,0,0,0,0,1,0,0,17
Sharif Ali,,,,,,,,,,,,,,,,,,,,,,0,0,0,0,1,0,0,17
Wayne E Dorsey,,,,,,,,,,,,,,,,,,,,,,,0,0,0,0,1,0,17
Bobbie T Curry,,,,,,,,,,,,,,,,,,,,,,,,0,0,0,0,0,17
Verna Ragan Tennant,,,,,,,,,,,,,,,,,,,,,,,,,0,0,0,0,17
Brett Mandel,,,,,,,,,,,,,,,,,,,,,,,,,,5,0,0,17
Alan Butkovitz,,,,,,,,,,,,,,,,,,,,,,,,,,,1,0,17
Mark Zecca,,,,,,,,,,,,,,,,,,,,,,,,,,,,1,17
Total,44,28,26,6,5,5,4,4,4,4,3,3,2,2,2,1,1,1,1,1,1,1,1,0,0,30,29,9,17
,Judge Of The Traffic Court - Democrat,,,,,,,,,,,,,,,,,,,,,,,,,Controller - Democrat,,,18
,Inja Coates,Donna Derose,Robert Tuerk,Warren Bloom,Marnie Aument Loughrey,Suzanne Harmon Carn,Tia M Seibert,Bobbie T Curry,Omar Sabir,Ashley Michelle Cook,Donna Marie Laws,Holly A Harris Seidle,Ryan Mulvey,Verna Ragan Tennant,Brigitte A Garvin Johnson,David Mamikonyan,James Johnson,Jose A Figueroa,Sharif Ali,Tyrone T Martin,Bruce H Bailey,Keith Jackson,Kyle J Sampson,Lewis Harris Jr,Wayne E Dorsey,Brett Mandel,Alan Butkovitz,Mark Zecca,18
Inja Coates,0,51,50,0,4,0,2,1,1,0,0,0,0,1,0,0,0,0,1,0,0,0,0,0,0,28,37,2,18
Donna Derose,,0,44,1,4,0,1,0,0,1,0,2,1,0,0,0,0,0,0,0,0,0,0,0,0,20,33,2,18
Robert Tuerk,,,0,0,0,0,0,0,0,0,0,0,0,0,0,0,0,0,0,0,0,0,0,0,0,21,30,1,18
Warren Bloom,,,,0,0,1,2,1,1,0,0,1,1,0,0,1,1,0,0,1,0,0,0,0,0,4,4,0,18
Marnie Aument Loughrey,,,,,0,0,0,0,0,0,0,0,1,1,0,0,0,0,0,0,0,0,0,0,0,1,4,0,18
Suzanne Harmon Carn,,,,,,0,0,0,0,0,1,0,1,0,1,0,0,0,0,0,0,0,0,0,0,2,2,0,18
Tia M Seibert,,,,,,,0,2,1,0,0,0,0,0,0,0,0,0,0,0,0,0,0,0,0,2,2,0,18
Bobbie T Curry,,,,,,,,0,0,0,0,0,0,1,0,0,0,1,0,0,0,0,0,0,0,1,2,0,18
Omar Sabir,,,,,,,,,0,0,0,0,0,0,0,0,0,0,1,0,0,0,0,0,0,1,2,0,18
Ashley Michelle Cook,,,,,,,,,,0,0,1,0,0,0,0,0,0,0,0,0,0,0,0,0,1,1,0,18
Donna Marie Laws,,,,,,,,,,,0,0,0,0,1,0,0,0,0,0,0,0,0,0,0,0,2,0,18
Holly A Harris Seidle,,,,,,,,,,,,0,0,0,0,0,0,0,0,0,0,0,0,0,0,1,1,0,18
Ryan Mulvey,,,,,,,,,,,,,0,0,0,0,0,0,0,0,0,0,0,0,0,1,1,0,18
Verna Ragan Tennant,,,,,,,,,,,,,,0,0,0,0,1,0,0,0,0,0,0,0,0,2,0,18
Brigitte A Garvin Johnson,,,,,,,,,,,,,,,0,0,0,0,0,0,0,0,0,0,0,0,1,0,18
David Mamikonyan,,,,,,,,,,,,,,,,0,0,0,0,0,0,0,0,0,0,1,0,0,18
James Johnson,,,,,,,,,,,,,,,,,0,0,0,1,0,0,0,0,0,1,0,0,18
Jose A Figueroa,,,,,,,,,,,,,,,,,,0,0,0,0,0,0,0,0,0,1,0,18
Sharif Ali,,,,,,,,,,,,,,,,,,,0,0,0,0,0,0,0,0,1,0,18
Tyrone T Martin,,,,,,,,,,,,,,,,,,,,0,0,0,0,0,0,1,0,0,18
Bruce H Bailey,,,,,,,,,,,,,,,,,,,,,0,0,0,0,0,0,0,0,18
Keith Jackson,,,,,,,,,,,,,,,,,,,,,,0,0,0,0,0,0,0,18
Kyle J Sampson,,,,,,,,,,,,,,,,,,,,,,,0,0,0,0,0,0,18
Lewis Harris Jr,,,,,,,,,,,,,,,,,,,,,,,,0,0,0,0,0,18
Wayne E Dorsey,,,,,,,,,,,,,,,,,,,,,,,,,0,0,0,0,18
Brett Mandel,,,,,,,,,,,,,,,,,,,,,,,,,,29,0,0,18
Alan Butkovitz,,,,,,,,,,,,,,,,,,,,,,,,,,,7,0,18
Mark Zecca,,,,,,,,,,,,,,,,,,,,,,,,,,,,0,18
Total,67,55,52,8,5,4,4,3,3,2,2,2,2,2,1,1,1,1,1,1,0,0,0,0,0,65,56,2,18
,Controller - Democrat,,,Judge Of The Traffic Court - Democrat,,,,,,,,,,,,,,,,,,,,,,,,,19
,Brett Mandel,Alan Butkovitz,Mark Zecca,Inja Coates,Robert Tuerk,Donna Derose,Warren Bloom,Suzanne Harmon Carn,Tia M Seibert,Donna Marie Laws,Holly A Harris Seidle,Bobbie T Curry,David Mamikonyan,Jose A Figueroa,Kyle J Sampson,Marnie Aument Loughrey,Omar Sabir,Ryan Mulvey,Ashley Michelle Cook,Bruce H Bailey,Lewis Harris Jr,Sharif Ali,Verna Ragan Tennant,James Johnson,Tyrone T Martin,Wayne E Dorsey,Brigitte A Garvin Johnson,Keith Jackson,19
Brett Mandel,31,0,0,16,13,10,5,6,8,1,3,3,1,1,1,2,0,2,0,0,0,1,0,1,0,0,0,0,19
Alan Butkovitz,,13,0,13,14,14,11,3,2,4,2,1,2,2,1,1,2,1,2,2,2,0,2,0,0,1,0,0,19
Mark Zecca,,,3,0,0,0,0,1,0,0,0,0,1,0,1,0,0,0,0,0,0,0,0,0,1,0,0,0,19
Inja Coates,,,,2,19,18,0,0,0,0,0,0,0,0,0,1,1,0,0,0,0,1,0,0,0,0,0,0,19
Robert Tuerk,,,,,1,18,2,3,2,0,1,2,2,0,0,0,0,0,1,1,0,0,0,0,0,0,0,0,19
Donna Derose,,,,,,0,1,0,0,0,0,0,0,0,0,2,0,0,0,0,0,1,0,1,0,0,0,0,19
Warren Bloom,,,,,,,0,4,4,3,1,1,1,1,0,1,2,1,1,2,2,0,1,0,0,0,0,0,19
Suzanne Harmon Carn,,,,,,,,0,3,1,1,3,0,0,0,0,1,0,1,0,1,0,0,0,0,0,0,0,19
Tia M Seibert,,,,,,,,,0,1,1,1,2,1,1,0,0,1,0,0,1,0,0,0,0,0,0,0,19
Donna Marie Laws,,,,,,,,,,0,1,1,0,1,1,0,1,0,0,0,0,0,0,0,0,0,0,0,19
Holly A Harris Seidle,,,,,,,,,,,0,0,0,1,1,0,0,1,0,0,0,0,1,0,0,0,0,0,19
Bobbie T Curry,,,,,,,,,,,,0,0,0,0,0,0,0,0,0,0,0,0,0,0,0,0,0,19
David Mamikonyan,,,,,,,,,,,,,0,0,1,0,0,0,1,0,0,0,0,0,1,0,0,0,19
Jose A Figueroa,,,,,,,,,,,,,,0,0,0,0,1,0,0,0,0,0,0,0,1,0,0,19
Kyle J Sampson,,,,,,,,,,,,,,,0,0,0,1,0,0,0,0,0,0,1,0,0,0,19
Marnie Aument Loughrey,,,,,,,,,,,,,,,,0,0,0,0,0,0,0,0,0,0,0,0,0,19
Omar Sabir,,,,,,,,,,,,,,,,,0,0,0,0,0,1,0,0,0,0,0,0,19
Ryan Mulvey,,,,,,,,,,,,,,,,,,0,0,0,0,0,0,0,0,1,0,0,19
Ashley Michelle Cook,,,,,,,,,,,,,,,,,,,0,0,0,0,0,0,0,0,0,0,19
Bruce H Bailey,,,,,,,,,,,,,,,,,,,,0,0,0,1,0,0,0,0,0,19
Lewis Harris Jr,,,,,,,,,,,,,,,,,,,,,0,0,0,0,0,0,0,0,19
Sharif Ali,,,,,,,,,,,,,,,,,,,,,,0,0,1,0,0,0,0,19
Verna Ragan Tennant,,,,,,,,,,,,,,,,,,,,,,,0,0,0,0,0,0,19
James Johnson,,,,,,,,,,,,,,,,,,,,,,,,0,0,0,0,0,19
Tyrone T Martin,,,,,,,,,,,,,,,,,,,,,,,,,0,0,0,0,19
Wayne E Dorsey,,,,,,,,,,,,,,,,,,,,,,,,,,0,0,0,19
Brigitte A Garvin Johnson,,,,,,,,,,,,,,,,,,,,,,,,,,,0,0,19
Keith Jackson,,,,,,,,,,,,,,,,,,,,,,,,,,,,0,19
Total,64,43,5,32,28,24,16,10,10,5,5,4,4,3,3,3,3,3,2,2,2,2,2,1,1,1,0,0,19
,Controller - Democrat,,,Judge Of The Traffic Court - Democrat,,,,,,,,,,,,,,,,,,,,,,,,,20
,Alan Butkovitz,Brett Mandel,Mark Zecca,Donna Derose,Inja Coates,Robert Tuerk,Omar Sabir,Bobbie T Curry,Jose A Figueroa,Suzanne Harmon Carn,Tia M Seibert,Ashley Michelle Cook,Donna Marie Laws,Holly A Harris Seidle,Warren Bloom,James Johnson,Sharif Ali,Keith Jackson,Lewis Harris Jr,Marnie Aument Loughrey,Verna Ragan Tennant,Brigitte A Garvin Johnson,Bruce H Bailey,David Mamikonyan,Kyle J Sampson,Ryan Mulvey,Tyrone T Martin,Wayne E Dorsey,20
Alan Butkovitz,8,0,0,8,8,6,3,3,0,1,1,0,1,0,1,0,0,0,0,0,0,0,0,0,0,0,0,0,20
Brett Mandel,,3,0,0,0,0,1,1,3,2,2,3,1,2,1,0,0,0,1,1,0,0,0,0,0,0,0,0,20
Mark Zecca,,,0,0,0,0,1,0,1,1,0,0,1,1,1,2,2,1,0,0,1,0,0,0,0,0,0,0,20
Donna Derose,,,,0,8,6,0,0,0,0,0,0,1,0,0,0,0,0,0,0,0,0,0,0,0,0,0,0,20
Inja Coates,,,,,0,6,0,0,0,0,0,0,1,0,0,0,0,0,0,0,0,0,0,0,0,0,0,0,20
Robert Tuerk,,,,,,1,0,0,0,0,0,0,0,0,0,0,0,0,0,0,0,0,0,0,0,0,0,0,20
Omar Sabir,,,,,,,0,1,2,1,1,0,0,0,2,0,0,0,0,0,1,0,0,0,0,0,0,0,20
Bobbie T Curry,,,,,,,,0,0,0,1,0,0,0,1,0,0,0,0,0,0,0,0,0,0,0,0,0,20
Jose A Figueroa,,,,,,,,,0,1,0,1,0,0,1,0,0,0,0,0,1,0,0,0,0,0,0,0,20
Suzanne Harmon Carn,,,,,,,,,,0,1,2,1,1,0,0,0,0,0,0,0,0,0,0,0,0,0,0,20
Tia M Seibert,,,,,,,,,,,1,0,1,1,0,0,0,0,0,0,0,0,0,0,0,0,0,0,20
Ashley Michelle Cook,,,,,,,,,,,,0,0,1,0,0,0,0,0,1,0,0,0,0,0,0,0,0,20
Donna Marie Laws,,,,,,,,,,,,,0,2,0,0,0,0,0,0,0,0,0,0,0,0,0,0,20
Holly A Harris Seidle,,,,,,,,,,,,,,0,0,0,0,0,0,1,0,0,0,0,0,0,0,0,20
Warren Bloom,,,,,,,,,,,,,,,0,1,1,0,0,0,0,0,0,0,0,0,0,0,20
James Johnson,,,,,,,,,,,,,,,,0,2,1,0,0,0,0,0,0,0,0,0,0,20
Sharif Ali,,,,,,,,,,,,,,,,,0,1,0,0,0,0,0,0,0,0,0,0,20
Keith Jackson,,,,,,,,,,,,,,,,,,0,0,0,0,0,0,0,0,0,0,0,20
Lewis Harris Jr,,,,,,,,,,,,,,,,,,,0,0,0,0,0,0,0,0,0,0,20
Marnie Aument Loughrey,,,,,,,,,,,,,,,,,,,,0,0,0,0,0,0,0,0,0,20
Verna Ragan Tennant,,,,,,,,,,,,,,,,,,,,,0,0,0,0,0,0,0,0,20
Brigitte A Garvin Johnson,,,,,,,,,,,,,,,,,,,,,,0,0,0,0,0,0,0,20
Bruce H Bailey,,,,,,,,,,,,,,,,,,,,,,,0,0,0,0,0,0,20
David Mamikonyan,,,,,,,,,,,,,,,,,,,,,,,,0,0,0,0,0,20
Kyle J Sampson,,,,,,,,,,,,,,,,,,,,,,,,,0,0,0,0,20
Ryan Mulvey,,,,,,,,,,,,,,,,,,,,,,,,,,0,0,0,20
Tyrone T Martin,,,,,,,,,,,,,,,,,,,,,,,,,,,0,0,20
Wayne E Dorsey,,,,,,,,,,,,,,,,,,,,,,,,,,,,0,20
Total,21,11,4,8,8,7,5,4,4,4,4,3,3,3,3,2,2,1,1,1,1,0,0,0,0,0,0,0,20
,Controller - Democrat,,,Judge Of The Traffic Court - Democrat,,,,,,,,,,,,,,,,,,,,,,,,,21
,Alan Butkovitz,Brett Mandel,Mark Zecca,Inja Coates,Donna Derose,Robert Tuerk,Suzanne Harmon Carn,Ashley Michelle Cook,Donna Marie Laws,Brigitte A Garvin Johnson,Marnie Aument Loughrey,Warren Bloom,Lewis Harris Jr,Omar Sabir,James Johnson,Jose A Figueroa,Sharif Ali,Tia M Seibert,Bobbie T Curry,David Mamikonyan,Holly A Harris Seidle,Kyle J Sampson,Ryan Mulvey,Verna Ragan Tennant,Bruce H Bailey,Keith Jackson,Tyrone T Martin,Wayne E Dorsey,21
Alan Butkovitz,9,0,0,18,17,15,3,1,2,2,3,3,1,1,2,2,1,3,1,1,0,0,1,0,0,0,0,0,21
Brett Mandel,,3,0,7,3,3,5,5,3,1,1,2,3,3,1,1,2,0,1,1,2,1,0,1,0,0,0,0,21
Mark Zecca,,,0,0,1,0,1,1,1,2,1,0,0,0,0,0,0,0,0,0,0,1,1,0,0,0,0,0,21
Inja Coates,,,,0,15,17,2,2,1,1,0,0,0,0,0,1,0,0,0,0,0,1,0,0,0,0,0,0,21
Donna Derose,,,,,0,15,0,1,1,1,2,0,0,0,1,0,1,1,0,0,1,1,0,0,0,0,0,0,21
Robert Tuerk,,,,,,0,0,0,0,0,0,0,0,0,0,1,0,0,0,0,0,0,0,0,0,0,0,0,21
Suzanne Harmon Carn,,,,,,,0,3,2,3,0,1,1,2,0,1,0,0,1,0,0,0,0,0,0,0,0,0,21
Ashley Michelle Cook,,,,,,,,0,2,3,0,0,1,0,0,0,0,1,1,0,0,0,0,0,0,0,0,0,21
Donna Marie Laws,,,,,,,,,0,1,1,0,0,0,0,1,1,1,0,1,0,0,0,0,0,0,0,0,21
Brigitte A Garvin Johnson,,,,,,,,,,0,0,0,0,0,0,0,0,1,0,0,0,0,0,0,0,0,0,0,21
Marnie Aument Loughrey,,,,,,,,,,,0,0,0,0,1,0,0,0,0,1,1,1,2,0,0,0,0,0,21
Warren Bloom,,,,,,,,,,,,0,2,1,0,1,1,1,0,0,0,0,0,1,0,0,0,0,21
Lewis Harris Jr,,,,,,,,,,,,,0,2,0,0,0,1,1,0,0,0,0,0,0,0,0,0,21
Omar Sabir,,,,,,,,,,,,,,0,1,0,0,0,1,0,1,0,0,0,0,0,0,0,21
James Johnson,,,,,,,,,,,,,,,0,0,1,0,0,0,1,0,1,0,0,0,0,0,21
Jose A Figueroa,,,,,,,,,,,,,,,,0,1,0,0,0,0,0,0,0,0,0,0,0,21
Sharif Ali,,,,,,,,,,,,,,,,,0,0,0,0,0,0,0,1,0,0,0,0,21
Tia M Seibert,,,,,,,,,,,,,,,,,,0,0,0,0,0,0,0,0,0,0,0,21
Bobbie T Curry,,,,,,,,,,,,,,,,,,,0,0,0,0,0,0,0,0,0,0,21
David Mamikonyan,,,,,,,,,,,,,,,,,,,,0,0,0,0,0,0,0,0,0,21
Holly A Harris Seidle,,,,,,,,,,,,,,,,,,,,,0,0,0,0,0,0,0,0,21
Kyle J Sampson,,,,,,,,,,,,,,,,,,,,,,0,1,0,0,0,0,0,21
Ryan Mulvey,,,,,,,,,,,,,,,,,,,,,,,0,0,0,0,0,0,21
Verna Ragan Tennant,,,,,,,,,,,,,,,,,,,,,,,,0,0,0,0,0,21
Bruce H Bailey,,,,,,,,,,,,,,,,,,,,,,,,,0,0,0,0,21
Keith Jackson,,,,,,,,,,,,,,,,,,,,,,,,,,0,0,0,21
Tyrone T Martin,,,,,,,,,,,,,,,,,,,,,,,,,,,0,0,21
Wayne E Dorsey,,,,,,,,,,,,,,,,,,,,,,,,,,,,0,21
Total,38,21,3,25,21,18,9,7,6,5,5,5,4,4,3,3,3,3,2,2,2,2,2,1,0,0,0,0,21
,Controller - Democrat,,,Judge Of The Traffic Court - Democrat,,,,,,,,,,,,,,,,,,,,,,,,,22
,Alan Butkovitz,Brett Mandel,Mark Zecca,Inja Coates,Donna Derose,Robert Tuerk,Tia M Seibert,Lewis Harris Jr,Warren Bloom,Bobbie T Curry,Marnie Aument Loughrey,Suzanne Harmon Carn,Ashley Michelle Cook,Donna Marie Laws,Holly A Harris Seidle,David Mamikonyan,Ryan Mulvey,Tyrone T Martin,Verna Ragan Tennant,Brigitte A Garvin Johnson,Jose A Figueroa,Keith Jackson,Omar Sabir,Wayne E Dorsey,Bruce H Bailey,Kyle J Sampson,Sharif Ali,James Johnson,22
Alan Butkovitz,6,0,0,15,11,11,6,4,5,3,0,1,2,2,1,0,1,3,2,2,3,1,2,2,0,1,0,0,22
Brett Mandel,,14,0,5,4,3,5,6,5,1,4,4,2,2,3,3,3,1,2,1,0,1,1,1,0,0,0,0,22
Mark Zecca,,,1,1,2,1,0,0,0,2,1,0,0,0,0,1,0,0,0,0,0,0,0,0,0,0,0,0,22
Inja Coates,,,,0,9,12,2,0,1,0,0,1,1,0,0,0,0,3,0,0,1,0,0,0,0,0,0,0,22
Donna Derose,,,,,0,10,0,1,0,1,4,0,1,0,0,1,0,0,1,2,1,0,0,1,0,0,0,0,22
Robert Tuerk,,,,,,1,0,0,0,1,0,0,0,1,1,0,0,0,0,0,0,0,0,0,0,0,0,0,22
Tia M Seibert,,,,,,,1,6,9,1,0,3,0,1,1,0,1,0,0,0,0,0,0,0,0,0,0,0,22
Lewis Harris Jr,,,,,,,,0,6,1,1,1,0,0,0,0,2,0,1,0,0,1,0,0,0,0,0,0,22
Warren Bloom,,,,,,,,,0,0,0,2,0,0,1,0,0,0,0,0,0,0,0,0,0,0,0,0,22
Bobbie T Curry,,,,,,,,,,0,0,1,0,0,0,0,1,0,0,0,0,0,0,0,0,0,0,0,22
Marnie Aument Loughrey,,,,,,,,,,,0,0,1,0,0,1,1,0,0,1,0,0,0,1,0,0,0,0,22
Suzanne Harmon Carn,,,,,,,,,,,,0,0,1,0,0,0,0,0,0,0,0,1,0,0,0,0,0,22
Ashley Michelle Cook,,,,,,,,,,,,,0,0,0,0,0,1,1,1,0,1,0,0,1,1,0,0,22
Donna Marie Laws,,,,,,,,,,,,,,0,2,1,0,0,1,0,0,0,1,1,0,0,0,0,22
Holly A Harris Seidle,,,,,,,,,,,,,,,0,1,0,0,1,0,1,1,0,0,0,0,1,0,22
David Mamikonyan,,,,,,,,,,,,,,,,0,0,0,0,0,0,0,0,0,0,0,0,0,22
Ryan Mulvey,,,,,,,,,,,,,,,,,0,0,1,0,0,1,0,1,0,0,0,0,22
Tyrone T Martin,,,,,,,,,,,,,,,,,,0,0,0,0,0,0,0,0,0,0,0,22
Verna Ragan Tennant,,,,,,,,,,,,,,,,,,,0,0,1,0,1,0,0,0,0,0,22
Brigitte A Garvin Johnson,,,,,,,,,,,,,,,,,,,,0,1,0,0,1,0,0,0,0,22
Jose A Figueroa,,,,,,,,,,,,,,,,,,,,,0,0,0,0,0,0,0,0,22
Keith Jackson,,,,,,,,,,,,,,,,,,,,,,0,0,0,0,1,1,0,22
Omar Sabir,,,,,,,,,,,,,,,,,,,,,,,0,0,0,0,0,0,22
Wayne E Dorsey,,,,,,,,,,,,,,,,,,,,,,,,0,0,0,0,0,22
Bruce H Bailey,,,,,,,,,,,,,,,,,,,,,,,,,0,0,0,0,22
Kyle J Sampson,,,,,,,,,,,,,,,,,,,,,,,,,,0,0,0,22
Sharif Ali,,,,,,,,,,,,,,,,,,,,,,,,,,,0,0,22
James Johnson,,,,,,,,,,,,,,,,,,,,,,,,,,,,0,22
Total,39,38,5,21,18,16,14,11,11,6,6,6,5,5,5,4,4,4,4,3,3,3,3,3,1,1,1,0,22
,Controller - Democrat,,,Judge Of The Traffic Court - Democrat,,,,,,,,,,,,,,,,,,,,,,,,,23
,Alan Butkovitz,Brett Mandel,Mark Zecca,Inja Coates,Donna Derose,Robert Tuerk,Warren Bloom,Tia M Seibert,Lewis Harris Jr,Donna Marie Laws,Omar Sabir,Bobbie T Curry,Jose A Figueroa,Suzanne Harmon Carn,David Mamikonyan,Ashley Michelle Cook,Bruce H Bailey,James Johnson,Keith Jackson,Marnie Aument Loughrey,Ryan Mulvey,Tyrone T Martin,Wayne E Dorsey,Holly A Harris Seidle,Sharif Ali,Verna Ragan Tennant,Brigitte A Garvin Johnson,Kyle J Sampson,23
Alan Butkovitz,5,0,0,9,8,5,4,4,3,6,4,2,0,1,2,0,0,1,0,0,0,2,1,0,0,0,0,0,23
Brett Mandel,,8,0,3,2,4,4,1,1,0,2,2,3,2,0,2,1,1,2,2,1,0,1,1,1,0,0,0,23
Mark Zecca,,,2,1,1,1,1,3,0,0,0,0,1,0,0,0,0,0,0,0,0,0,0,0,0,1,0,0,23
Inja Coates,,,,0,9,8,0,0,0,3,0,0,1,0,1,0,0,0,0,0,0,2,1,0,0,0,0,0,23
Donna Derose,,,,,0,8,1,0,0,3,1,0,0,0,0,0,0,0,0,0,0,0,0,0,0,0,0,0,23
Robert Tuerk,,,,,,0,0,0,0,0,0,0,0,1,0,0,1,0,0,0,0,0,0,0,0,0,0,0,23
Warren Bloom,,,,,,,0,5,2,1,1,3,0,0,0,1,0,0,1,0,0,0,0,0,0,1,0,0,23
Tia M Seibert,,,,,,,,0,2,0,1,2,0,1,0,0,0,0,0,0,0,0,0,0,0,1,0,0,23
Lewis Harris Jr,,,,,,,,,1,0,0,1,0,2,1,0,1,0,0,0,1,0,0,0,0,0,0,0,23
Donna Marie Laws,,,,,,,,,,0,1,0,0,0,0,0,0,0,0,0,0,2,0,0,0,0,0,0,23
Omar Sabir,,,,,,,,,,,0,1,0,1,1,0,0,1,1,0,0,0,1,0,0,0,0,0,23
Bobbie T Curry,,,,,,,,,,,,0,0,0,1,0,0,0,0,0,0,0,0,0,0,0,0,0,23
Jose A Figueroa,,,,,,,,,,,,,0,0,0,1,0,0,0,0,1,0,0,0,0,0,0,0,23
Suzanne Harmon Carn,,,,,,,,,,,,,,0,1,0,1,0,1,0,0,0,0,0,0,0,0,0,23
David Mamikonyan,,,,,,,,,,,,,,,0,0,0,0,0,0,0,0,1,0,0,0,0,0,23
Ashley Michelle Cook,,,,,,,,,,,,,,,,0,0,0,1,0,1,0,0,0,0,0,0,0,23
Bruce H Bailey,,,,,,,,,,,,,,,,,0,0,0,0,1,0,0,0,0,0,0,0,23
James Johnson,,,,,,,,,,,,,,,,,,0,0,0,0,0,1,0,0,0,0,0,23
Keith Jackson,,,,,,,,,,,,,,,,,,,0,0,0,0,0,0,0,0,0,0,23
Marnie Aument Loughrey,,,,,,,,,,,,,,,,,,,,0,0,0,0,1,1,0,0,0,23
Ryan Mulvey,,,,,,,,,,,,,,,,,,,,,0,0,0,0,0,0,0,0,23
Tyrone T Martin,,,,,,,,,,,,,,,,,,,,,,0,0,0,0,0,0,0,23
Wayne E Dorsey,,,,,,,,,,,,,,,,,,,,,,,0,0,0,0,0,0,23
Holly A Harris Seidle,,,,,,,,,,,,,,,,,,,,,,,,0,1,0,0,0,23
Sharif Ali,,,,,,,,,,,,,,,,,,,,,,,,,0,0,0,0,23
Verna Ragan Tennant,,,,,,,,,,,,,,,,,,,,,,,,,,0,0,0,23
Brigitte A Garvin Johnson,,,,,,,,,,,,,,,,,,,,,,,,,,,0,0,23
Kyle J Sampson,,,,,,,,,,,,,,,,,,,,,,,,,,,,0,23
Total,25,23,7,13,11,10,9,8,7,6,6,4,4,4,3,2,2,2,2,2,2,2,2,1,1,1,0,0,23
,Judge Of The Traffic Court - Democrat,,,,,,,,,,,,,,,,,,,,,,,,,Controller - Democrat,,,24
,Inja Coates,Robert Tuerk,Donna Derose,Warren Bloom,Suzanne Harmon Carn,Lewis Harris Jr,Tia M Seibert,Bobbie T Curry,Bruce H Bailey,David Mamikonyan,Holly A Harris Seidle,James Johnson,Jose A Figueroa,Kyle J Sampson,Marnie Aument Loughrey,Ryan Mulvey,Wayne E Dorsey,Ashley Michelle Cook,Brigitte A Garvin Johnson,Donna Marie Laws,Keith Jackson,Omar Sabir,Sharif Ali,Tyrone T Martin,Verna Ragan Tennant,Alan Butkovitz,Brett Mandel,Mark Zecca,24
Inja Coates,0,10,7,3,0,0,0,0,0,1,1,0,1,1,1,1,0,0,0,0,0,0,0,0,0,10,7,0,24
Robert Tuerk,,0,5,2,0,0,0,0,0,0,1,0,0,0,0,0,0,0,0,0,0,0,0,0,0,5,5,0,24
Donna Derose,,,0,0,0,0,0,0,0,0,0,0,0,0,1,0,0,0,0,0,0,0,0,0,0,5,2,0,24
Warren Bloom,,,,0,3,3,1,0,0,1,0,0,0,0,0,0,0,0,0,0,0,0,0,0,0,5,2,0,24
Suzanne Harmon Carn,,,,,0,2,1,1,0,0,0,0,0,0,0,0,0,0,0,0,0,0,0,0,0,2,2,1,24
Lewis Harris Jr,,,,,,0,1,0,0,0,0,0,0,0,0,0,0,0,0,0,0,0,0,0,0,3,0,0,24
Tia M Seibert,,,,,,,0,1,0,0,0,0,0,0,0,0,0,0,0,0,0,0,0,0,0,1,0,1,24
Bobbie T Curry,,,,,,,,0,0,0,0,0,0,0,0,0,0,0,0,0,0,0,0,0,0,0,0,1,24
Bruce H Bailey,,,,,,,,,0,0,0,1,0,0,0,0,1,0,0,0,0,0,0,0,0,0,1,0,24
David Mamikonyan,,,,,,,,,,0,0,0,0,0,0,0,0,0,0,0,0,0,0,0,0,1,0,0,24
Holly A Harris Seidle,,,,,,,,,,,0,0,0,0,0,0,0,0,0,0,0,0,0,0,0,0,1,0,24
James Johnson,,,,,,,,,,,,0,0,0,0,0,1,0,0,0,0,0,0,0,0,0,1,0,24
Jose A Figueroa,,,,,,,,,,,,,0,0,0,1,0,0,0,0,0,0,0,0,0,1,0,0,24
Kyle J Sampson,,,,,,,,,,,,,,0,0,0,0,0,0,0,0,0,0,0,0,0,0,0,24
Marnie Aument Loughrey,,,,,,,,,,,,,,,0,0,0,0,0,0,0,0,0,0,0,1,0,0,24
Ryan Mulvey,,,,,,,,,,,,,,,,0,0,0,0,0,0,0,0,0,0,1,0,0,24
Wayne E Dorsey,,,,,,,,,,,,,,,,,0,0,0,0,0,0,0,0,0,0,1,0,24
Ashley Michelle Cook,,,,,,,,,,,,,,,,,,0,0,0,0,0,0,0,0,0,0,0,24
Brigitte A Garvin Johnson,,,,,,,,,,,,,,,,,,,0,0,0,0,0,0,0,0,0,0,24
Donna Marie Laws,,,,,,,,,,,,,,,,,,,,0,0,0,0,0,0,0,0,0,24
Keith Jackson,,,,,,,,,,,,,,,,,,,,,0,0,0,0,0,0,0,0,24
Omar Sabir,,,,,,,,,,,,,,,,,,,,,,0,0,0,0,0,0,0,24
Sharif Ali,,,,,,,,,,,,,,,,,,,,,,,0,0,0,0,0,0,24
Tyrone T Martin,,,,,,,,,,,,,,,,,,,,,,,,0,0,0,0,0,24
Verna Ragan Tennant,,,,,,,,,,,,,,,,,,,,,,,,,0,0,0,0,24
Alan Butkovitz,,,,,,,,,,,,,,,,,,,,,,,,,,0,0,0,24
Brett Mandel,,,,,,,,,,,,,,,,,,,,,,,,,,,3,0,24
Mark Zecca,,,,,,,,,,,,,,,,,,,,,,,,,,,,0,24
Total,18,10,7,7,5,3,2,1,1,1,1,1,1,1,1,1,1,0,0,0,0,0,0,0,0,13,13,1,24
,Controller - Democrat,,,Judge Of The Traffic Court - Democrat,,,,,,,,,,,,,,,,,,,,,,,,,25
,Alan Butkovitz,Brett Mandel,Mark Zecca,Inja Coates,Bruce H Bailey,Donna Derose,Donna Marie Laws,Robert Tuerk,Suzanne Harmon Carn,Ashley Michelle Cook,David Mamikonyan,Jose A Figueroa,Marnie Aument Loughrey,Tia M Seibert,Warren Bloom,Brigitte A Garvin Johnson,Holly A Harris Seidle,James Johnson,Keith Jackson,Lewis Harris Jr,Omar Sabir,Sharif Ali,Tyrone T Martin,Verna Ragan Tennant,Bobbie T Curry,Kyle J Sampson,Ryan Mulvey,Wayne E Dorsey,25
Alan Butkovitz,3,0,0,2,3,2,3,2,0,1,2,1,2,0,2,0,1,0,1,1,0,0,1,0,0,0,0,0,25
Brett Mandel,,6,0,3,0,1,0,1,2,1,0,1,0,1,0,1,0,1,0,0,1,1,0,1,0,0,0,0,25
Mark Zecca,,,0,1,0,0,0,0,1,0,0,0,0,1,0,0,0,0,0,0,0,0,0,0,0,0,0,0,25
Inja Coates,,,,3,0,3,0,1,1,0,0,0,2,1,0,0,0,1,0,0,0,0,0,0,0,0,0,0,25
Bruce H Bailey,,,,,0,0,1,1,0,0,0,0,0,0,2,0,0,0,0,0,0,0,0,0,0,0,0,0,25
Donna Derose,,,,,,0,0,0,0,0,0,0,2,0,0,0,0,1,0,0,0,0,0,0,0,0,0,0,25
Donna Marie Laws,,,,,,,0,1,0,0,1,0,0,0,1,0,1,0,0,0,0,0,0,0,0,0,0,0,25
Robert Tuerk,,,,,,,,0,0,0,0,0,0,0,1,0,0,0,0,0,0,0,0,0,0,0,0,0,25
Suzanne Harmon Carn,,,,,,,,,0,1,0,0,0,2,0,1,0,0,0,0,1,0,0,0,0,0,0,0,25
Ashley Michelle Cook,,,,,,,,,,0,1,0,0,0,0,1,0,0,0,1,0,0,0,0,0,0,0,0,25
David Mamikonyan,,,,,,,,,,,0,0,0,0,0,0,1,0,0,1,0,0,0,0,0,0,0,0,25
Jose A Figueroa,,,,,,,,,,,,0,0,0,0,0,0,0,1,0,0,1,1,1,0,0,0,0,25
Marnie Aument Loughrey,,,,,,,,,,,,,0,0,0,0,0,0,0,0,0,0,0,0,0,0,0,0,25
Tia M Seibert,,,,,,,,,,,,,,0,0,0,0,0,0,0,1,0,0,0,0,0,0,0,25
Warren Bloom,,,,,,,,,,,,,,,0,0,0,0,0,0,0,0,0,0,0,0,0,0,25
Brigitte A Garvin Johnson,,,,,,,,,,,,,,,,0,0,0,0,0,0,0,0,0,0,0,0,0,25
Holly A Harris Seidle,,,,,,,,,,,,,,,,,0,0,0,0,0,0,0,0,0,0,0,0,25
James Johnson,,,,,,,,,,,,,,,,,,0,0,0,0,0,0,0,0,0,0,0,25
Keith Jackson,,,,,,,,,,,,,,,,,,,0,0,0,0,1,0,0,0,0,0,25
Lewis Harris Jr,,,,,,,,,,,,,,,,,,,,0,0,0,0,0,0,0,0,0,25
Omar Sabir,,,,,,,,,,,,,,,,,,,,,0,0,0,0,0,0,0,0,25
Sharif Ali,,,,,,,,,,,,,,,,,,,,,,0,0,1,0,0,0,0,25
Tyrone T Martin,,,,,,,,,,,,,,,,,,,,,,,0,0,0,0,0,0,25
Verna Ragan Tennant,,,,,,,,,,,,,,,,,,,,,,,,0,0,0,0,0,25
Bobbie T Curry,,,,,,,,,,,,,,,,,,,,,,,,,0,0,0,0,25
Kyle J Sampson,,,,,,,,,,,,,,,,,,,,,,,,,,0,0,0,25
Ryan Mulvey,,,,,,,,,,,,,,,,,,,,,,,,,,,0,0,25
Wayne E Dorsey,,,,,,,,,,,,,,,,,,,,,,,,,,,,0,25
Total,12,12,1,9,3,3,3,3,3,2,2,2,2,2,2,1,1,1,1,1,1,1,1,1,0,0,0,0,25
,Controller - Democrat,,,Judge Of The Traffic Court - Democrat,,,,,,,,,,,,,,,,,,,,,,,,,26
,Brett Mandel,Alan Butkovitz,Mark Zecca,Robert Tuerk,Donna Derose,Donna Marie Laws,Warren Bloom,Inja Coates,Suzanne Harmon Carn,Bobbie T Curry,Jose A Figueroa,Omar Sabir,Ashley Michelle Cook,Lewis Harris Jr,Tyrone T Martin,James Johnson,Keith Jackson,Sharif Ali,David Mamikonyan,Marnie Aument Loughrey,Wayne E Dorsey,Brigitte A Garvin Johnson,Bruce H Bailey,Holly A Harris Seidle,Kyle J Sampson,Ryan Mulvey,Tia M Seibert,Verna Ragan Tennant,26
Brett Mandel,10,0,0,22,19,4,4,2,4,3,2,2,2,2,1,1,1,0,0,1,1,0,0,0,0,0,0,0,26
Alan Butkovitz,,5,0,1,0,2,2,2,0,1,2,2,0,1,2,1,0,1,0,0,0,0,0,0,0,0,0,0,26
Mark Zecca,,,2,1,0,1,0,1,1,0,0,0,1,0,0,0,1,0,1,0,0,0,0,0,0,0,0,0,26
Robert Tuerk,,,,1,17,1,1,1,0,0,1,0,0,0,1,0,1,0,1,0,0,0,0,0,0,0,0,0,26
Donna Derose,,,,,0,1,0,0,0,0,0,0,0,0,1,0,0,0,0,1,0,0,0,0,0,0,0,0,26
Donna Marie Laws,,,,,,0,1,0,1,2,1,1,2,1,0,1,0,1,0,0,1,0,0,0,0,0,0,0,26
Warren Bloom,,,,,,,0,0,1,2,2,0,1,0,0,1,1,0,0,0,0,0,0,0,0,0,0,0,26
Inja Coates,,,,,,,,0,0,1,1,1,0,2,1,0,0,0,0,0,0,0,0,0,0,0,0,0,26
Suzanne Harmon Carn,,,,,,,,,0,1,0,1,1,0,0,0,0,0,0,0,0,0,0,0,0,0,0,0,26
Bobbie T Curry,,,,,,,,,,0,1,0,0,1,0,0,0,0,0,0,0,0,0,0,0,0,0,0,26
Jose A Figueroa,,,,,,,,,,,0,0,0,1,0,0,1,0,0,0,0,0,0,0,0,0,0,0,26
Omar Sabir,,,,,,,,,,,,0,1,0,2,0,0,0,0,0,0,0,0,0,0,0,0,0,26
Ashley Michelle Cook,,,,,,,,,,,,,0,0,0,1,0,0,0,0,0,0,0,0,0,0,0,0,26
Lewis Harris Jr,,,,,,,,,,,,,,0,0,0,0,0,0,0,1,0,0,0,0,0,0,0,26
Tyrone T Martin,,,,,,,,,,,,,,,0,0,0,0,0,0,0,0,0,0,0,0,0,0,26
James Johnson,,,,,,,,,,,,,,,,0,0,1,0,0,0,0,0,0,0,0,0,0,26
Keith Jackson,,,,,,,,,,,,,,,,,0,0,1,0,0,0,0,0,0,0,0,0,26
Sharif Ali,,,,,,,,,,,,,,,,,,1,0,0,0,0,0,0,0,0,0,0,26
David Mamikonyan,,,,,,,,,,,,,,,,,,,0,0,0,0,0,0,0,0,0,0,26
Marnie Aument Loughrey,,,,,,,,,,,,,,,,,,,,0,0,0,0,0,0,0,0,0,26
Wayne E Dorsey,,,,,,,,,,,,,,,,,,,,,0,0,0,0,0,0,0,0,26
Brigitte A Garvin Johnson,,,,,,,,,,,,,,,,,,,,,,0,0,0,0,0,0,0,26
Bruce H Bailey,,,,,,,,,,,,,,,,,,,,,,,0,0,0,0,0,0,26
Holly A Harris Seidle,,,,,,,,,,,,,,,,,,,,,,,,0,0,0,0,0,26
Kyle J Sampson,,,,,,,,,,,,,,,,,,,,,,,,,0,0,0,0,26
Ryan Mulvey,,,,,,,,,,,,,,,,,,,,,,,,,,0,0,0,26
Tia M Seibert,,,,,,,,,,,,,,,,,,,,,,,,,,,0,0,26
Verna Ragan Tennant,,,,,,,,,,,,,,,,,,,,,,,,,,,,0,26
Total,45,11,5,25,19,7,6,5,5,4,4,4,3,3,3,2,2,2,1,1,1,0,0,0,0,0,0,0,26
,Controller - Democrat,,,Judge Of The Traffic Court - Democrat,,,,,,,,,,,,,,,,,,,,,,,,,27
,Brett Mandel,Alan Butkovitz,Mark Zecca,Inja Coates,Donna Derose,Robert Tuerk,Warren Bloom,Suzanne Harmon Carn,Tia M Seibert,Donna Marie Laws,Ashley Michelle Cook,Keith Jackson,Brigitte A Garvin Johnson,Holly A Harris Seidle,Kyle J Sampson,Marnie Aument Loughrey,Ryan Mulvey,Bruce H Bailey,David Mamikonyan,Jose A Figueroa,Lewis Harris Jr,Omar Sabir,Bobbie T Curry,James Johnson,Sharif Ali,Tyrone T Martin,Verna Ragan Tennant,Wayne E Dorsey,27
Brett Mandel,8,0,0,5,6,2,5,3,3,3,3,1,1,2,1,1,2,1,0,1,0,1,0,0,0,0,0,0,27
Alan Butkovitz,,5,0,9,5,7,3,2,2,1,0,1,1,0,1,1,0,0,1,0,1,0,0,0,0,0,0,0,27
Mark Zecca,,,0,2,2,2,0,0,0,0,0,1,0,0,0,0,0,0,0,0,0,0,0,0,0,0,0,0,27
Inja Coates,,,,1,7,10,0,1,1,3,1,0,1,0,1,0,0,0,0,0,0,0,0,0,0,0,0,0,27
Donna Derose,,,,,0,7,1,1,1,0,0,0,0,0,0,1,0,0,0,0,0,0,0,0,0,0,0,0,27
Robert Tuerk,,,,,,0,0,0,0,0,0,0,1,0,0,0,0,0,0,0,0,0,0,0,0,0,0,0,27
Warren Bloom,,,,,,,0,2,1,0,0,1,1,0,0,0,2,1,1,1,1,0,0,0,0,0,0,0,27
Suzanne Harmon Carn,,,,,,,,0,1,1,0,1,0,1,1,0,0,0,1,0,0,0,0,0,0,0,0,0,27
Tia M Seibert,,,,,,,,,0,0,0,0,0,1,1,1,0,0,0,0,1,0,0,0,0,0,0,0,27
Donna Marie Laws,,,,,,,,,,0,2,0,0,1,0,0,0,0,0,0,0,0,0,0,0,0,0,0,27
Ashley Michelle Cook,,,,,,,,,,,0,0,0,1,0,1,0,0,0,0,0,1,0,0,0,0,0,0,27
Keith Jackson,,,,,,,,,,,,0,0,0,1,0,0,0,0,1,0,0,0,0,0,0,0,0,27
Brigitte A Garvin Johnson,,,,,,,,,,,,,0,0,0,0,1,0,0,0,0,0,0,0,0,0,0,0,27
Holly A Harris Seidle,,,,,,,,,,,,,,0,0,0,0,0,0,0,0,0,0,0,0,0,0,0,27
Kyle J Sampson,,,,,,,,,,,,,,,0,0,0,0,0,0,0,0,0,0,0,0,0,0,27
Marnie Aument Loughrey,,,,,,,,,,,,,,,,0,0,0,0,0,0,1,0,0,0,0,0,0,27
Ryan Mulvey,,,,,,,,,,,,,,,,,0,1,0,0,0,0,0,0,0,0,0,0,27
Bruce H Bailey,,,,,,,,,,,,,,,,,,0,0,0,0,0,0,0,0,0,0,0,27
David Mamikonyan,,,,,,,,,,,,,,,,,,,0,0,0,0,0,0,0,0,0,0,27
Jose A Figueroa,,,,,,,,,,,,,,,,,,,,0,0,0,0,0,0,0,0,0,27
Lewis Harris Jr,,,,,,,,,,,,,,,,,,,,,0,0,0,0,0,0,0,0,27
Omar Sabir,,,,,,,,,,,,,,,,,,,,,,0,0,0,0,0,0,0,27
Bobbie T Curry,,,,,,,,,,,,,,,,,,,,,,,0,0,0,0,0,0,27
James Johnson,,,,,,,,,,,,,,,,,,,,,,,,0,0,0,0,0,27
Sharif Ali,,,,,,,,,,,,,,,,,,,,,,,,,0,0,0,0,27
Tyrone T Martin,,,,,,,,,,,,,,,,,,,,,,,,,,0,0,0,27
Verna Ragan Tennant,,,,,,,,,,,,,,,,,,,,,,,,,,,0,0,27
Wayne E Dorsey,,,,,,,,,,,,,,,,,,,,,,,,,,,,0,27
Total,26,20,3,17,13,11,8,5,5,4,3,3,2,2,2,2,2,1,1,1,1,1,0,0,0,0,0,0,27
,Controller - Democrat,,,Judge Of The Traffic Court - Democrat,,,,,,,,,,,,,,,,,,,,,,,,,28
,Brett Mandel,Alan Butkovitz,Mark Zecca,Inja Coates,Robert Tuerk,Donna Derose,Donna Marie Laws,Omar Sabir,Warren Bloom,Jose A Figueroa,Lewis Harris Jr,Suzanne Harmon Carn,Ashley Michelle Cook,Bobbie T Curry,Tia M Seibert,Bruce H Bailey,David Mamikonyan,Holly A Harris Seidle,James Johnson,Brigitte A Garvin Johnson,Keith Jackson,Kyle J Sampson,Marnie Aument Loughrey,Ryan Mulvey,Sharif Ali,Tyrone T Martin,Verna Ragan Tennant,Wayne E Dorsey,28
Brett Mandel,5,0,0,3,3,3,3,3,2,0,1,2,1,1,1,0,0,1,0,0,0,0,0,0,0,0,0,0,28
Alan Butkovitz,,1,0,7,6,5,2,0,2,2,2,1,1,1,1,1,0,0,1,0,0,0,0,0,0,0,0,0,28
Mark Zecca,,,0,0,0,0,0,1,0,1,0,0,0,0,0,0,1,0,0,0,0,0,0,0,0,0,0,0,28
Inja Coates,,,,0,7,5,1,1,1,1,0,1,0,1,0,0,0,0,0,0,0,0,0,0,0,0,0,0,28
Robert Tuerk,,,,,0,6,1,0,0,0,0,0,0,1,0,0,0,0,0,0,0,0,0,0,0,0,0,0,28
Donna Derose,,,,,,0,1,0,0,0,0,1,1,0,0,0,0,1,0,0,0,0,0,0,0,0,0,0,28
Donna Marie Laws,,,,,,,0,1,0,0,0,0,1,1,0,1,0,1,1,0,0,0,0,0,0,0,0,0,28
Omar Sabir,,,,,,,,0,0,1,0,0,0,0,0,0,1,0,0,0,0,0,0,0,0,0,0,0,28
Warren Bloom,,,,,,,,,0,0,2,0,0,1,2,0,0,0,0,0,0,0,0,0,0,0,0,0,28
Jose A Figueroa,,,,,,,,,,0,1,1,0,0,0,0,1,0,0,0,0,0,0,0,0,0,0,0,28
Lewis Harris Jr,,,,,,,,,,,0,0,0,0,2,0,0,0,0,0,0,0,0,0,0,0,0,0,28
Suzanne Harmon Carn,,,,,,,,,,,,0,1,0,0,0,0,0,0,0,0,0,0,0,0,0,0,0,28
Ashley Michelle Cook,,,,,,,,,,,,,0,0,0,1,0,0,0,0,0,0,0,0,0,0,0,0,28
Bobbie T Curry,,,,,,,,,,,,,,0,0,0,0,0,0,0,0,0,0,0,0,0,0,0,28
Tia M Seibert,,,,,,,,,,,,,,,0,0,0,0,0,0,0,0,0,0,0,0,0,0,28
Bruce H Bailey,,,,,,,,,,,,,,,,0,0,0,0,0,0,0,0,0,0,0,0,0,28
David Mamikonyan,,,,,,,,,,,,,,,,,0,0,0,0,0,0,0,0,0,0,0,0,28
Holly A Harris Seidle,,,,,,,,,,,,,,,,,,0,0,0,0,0,0,0,0,0,0,0,28
James Johnson,,,,,,,,,,,,,,,,,,,0,0,0,0,0,0,0,0,0,0,28
Brigitte A Garvin Johnson,,,,,,,,,,,,,,,,,,,,0,0,0,0,0,0,0,0,0,28
Keith Jackson,,,,,,,,,,,,,,,,,,,,,0,0,0,0,0,0,0,0,28
Kyle J Sampson,,,,,,,,,,,,,,,,,,,,,,0,0,0,0,0,0,0,28
Marnie Aument Loughrey,,,,,,,,,,,,,,,,,,,,,,,0,0,0,0,0,0,28
Ryan Mulvey,,,,,,,,,,,,,,,,,,,,,,,,0,0,0,0,0,28
Sharif Ali,,,,,,,,,,,,,,,,,,,,,,,,,0,0,0,0,28
Tyrone T Martin,,,,,,,,,,,,,,,,,,,,,,,,,,0,0,0,28
Verna Ragan Tennant,,,,,,,,,,,,,,,,,,,,,,,,,,,0,0,28
Wayne E Dorsey,,,,,,,,,,,,,,,,,,,,,,,,,,,,0,28
Total,16,13,1,10,9,8,5,4,4,3,3,3,2,2,2,1,1,1,1,0,0,0,0,0,0,0,0,0,28
,Controller - Democrat,,,Judge Of The Traffic Court - Democrat,,,,,,,,,,,,,,,,,,,,,,,,,29
,Alan Butkovitz,Brett Mandel,Mark Zecca,Tia M Seibert,Donna Derose,Inja Coates,Lewis Harris Jr,Robert Tuerk,Warren Bloom,David Mamikonyan,Donna Marie Laws,Holly A Harris Seidle,Keith Jackson,Marnie Aument Loughrey,Omar Sabir,Suzanne Harmon Carn,Ashley Michelle Cook,Bobbie T Curry,Brigitte A Garvin Johnson,Bruce H Bailey,James Johnson,Jose A Figueroa,Kyle J Sampson,Ryan Mulvey,Sharif Ali,Tyrone T Martin,Verna Ragan Tennant,Wayne E Dorsey,29
Alan Butkovitz,0,0,0,2,2,1,2,1,2,1,0,1,1,1,1,0,0,0,0,0,0,0,0,0,0,0,0,0,29
Brett Mandel,,0,0,1,0,1,0,1,0,0,1,0,0,0,0,1,0,0,0,0,0,0,0,0,0,0,0,0,29
Mark Zecca,,,0,0,0,0,0,0,0,0,0,0,0,0,0,0,0,0,0,0,0,0,0,0,0,0,0,0,29
Tia M Seibert,,,,0,0,0,2,0,1,0,1,0,1,0,0,1,0,0,0,0,0,0,0,0,0,0,0,0,29
Donna Derose,,,,,0,1,0,1,0,0,0,0,0,1,1,0,0,0,0,0,0,0,0,0,0,0,0,0,29
Inja Coates,,,,,,0,0,2,0,0,0,0,0,0,0,0,0,0,0,0,0,0,0,0,0,0,0,0,29
Lewis Harris Jr,,,,,,,0,0,1,0,0,0,1,0,0,0,0,0,0,0,0,0,0,0,0,0,0,0,29
Robert Tuerk,,,,,,,,0,0,0,0,0,0,0,0,0,0,0,0,0,0,0,0,0,0,0,0,0,29
Warren Bloom,,,,,,,,,0,1,0,1,0,0,0,0,0,0,0,0,0,0,0,0,0,0,0,0,29
David Mamikonyan,,,,,,,,,,0,0,1,0,0,0,0,0,0,0,0,0,0,0,0,0,0,0,0,29
Donna Marie Laws,,,,,,,,,,,0,0,0,0,0,1,0,0,0,0,0,0,0,0,0,0,0,0,29
Holly A Harris Seidle,,,,,,,,,,,,0,0,0,0,0,0,0,0,0,0,0,0,0,0,0,0,0,29
Keith Jackson,,,,,,,,,,,,,0,0,0,0,0,0,0,0,0,0,0,0,0,0,0,0,29
Marnie Aument Loughrey,,,,,,,,,,,,,,0,1,0,0,0,0,0,0,0,0,0,0,0,0,0,29
Omar Sabir,,,,,,,,,,,,,,,0,0,0,0,0,0,0,0,0,0,0,0,0,0,29
Suzanne Harmon Carn,,,,,,,,,,,,,,,,0,0,0,0,0,0,0,0,0,0,0,0,0,29
Ashley Michelle Cook,,,,,,,,,,,,,,,,,0,0,0,0,0,0,0,0,0,0,0,0,29
Bobbie T Curry,,,,,,,,,,,,,,,,,,0,0,0,0,0,0,0,0,0,0,0,29
Brigitte A Garvin Johnson,,,,,,,,,,,,,,,,,,,0,0,0,0,0,0,0,0,0,0,29
Bruce H Bailey,,,,,,,,,,,,,,,,,,,,0,0,0,0,0,0,0,0,0,29
James Johnson,,,,,,,,,,,,,,,,,,,,,0,0,0,0,0,0,0,0,29
Jose A Figueroa,,,,,,,,,,,,,,,,,,,,,,0,0,0,0,0,0,0,29
Kyle J Sampson,,,,,,,,,,,,,,,,,,,,,,,0,0,0,0,0,0,29
Ryan Mulvey,,,,,,,,,,,,,,,,,,,,,,,,0,0,0,0,0,29
Sharif Ali,,,,,,,,,,,,,,,,,,,,,,,,,0,0,0,0,29
Tyrone T Martin,,,,,,,,,,,,,,,,,,,,,,,,,,0,0,0,29
Verna Ragan Tennant,,,,,,,,,,,,,,,,,,,,,,,,,,,0,0,29
Wayne E Dorsey,,,,,,,,,,,,,,,,,,,,,,,,,,,,0,29
Total,5,2,0,3,2,2,2,2,2,1,1,1,1,1,1,1,0,0,0,0,0,0,0,0,0,0,0,0,29
