col_1,col_2,col_3,col_4,col_5,col_6,col_7,col_8,col_9,col_10,col_11,col_12,col_13,col_14,col_15,col_16,col_17,col_18,col_19,col_20,col_21,col_22,col_23,col_24,col_25,division
,Judge Of The Court Of Common Pleas - Democrat,,,,,,,,,,,,,,,,,,,,,,,,1
,Anne Marie Coyle,Daniel D Mccaffery,Timika Lane,Joe Fernandes,John J O Connor Jr,Sierra Thomas Street,Tracy B Roman,Dawn M Tancredi,Deborah D Cianfrani,Stephanie M Sawyer,Vince Giusini,Conor Corcoran,Daine A Grey Jr,Leon A King Ii,Derrick W Coker,Fran Shields,Frank Bennett,Giovanni Campbell,James C Crumlish,Jon Marshall,Katie Scrivner,Kenneth J Powell Jr,Rania Major,Sean P Stevens,1
Anne Marie Coyle,1,3,2,1,2,2,2,2,2,0,1,1,1,0,0,0,0,0,0,0,0,0,0,0,1
Daniel D Mccaffery,,0,0,1,2,0,1,1,1,0,0,1,1,0,0,0,0,0,0,0,0,0,0,0,1
Timika Lane,,,0,2,1,3,2,1,1,1,1,0,0,1,0,0,0,0,0,0,0,0,0,0,1
Joe Fernandes,,,,0,0,1,2,0,0,0,1,0,0,1,0,0,0,0,0,0,0,0,0,0,1
John J O Connor Jr,,,,,0,1,0,0,1,1,0,1,1,0,0,0,0,0,0,0,0,0,0,0,1
Sierra Thomas Street,,,,,,0,2,1,1,1,1,0,0,0,0,0,0,0,0,0,0,0,0,0,1
Tracy B Roman,,,,,,,0,1,1,0,1,0,0,0,0,0,0,0,0,0,0,0,0,0,1
Dawn M Tancredi,,,,,,,,0,1,0,0,0,0,0,0,0,0,0,0,0,0,0,0,0,1
Deborah D Cianfrani,,,,,,,,,0,0,0,1,1,0,0,0,0,0,0,0,0,0,0,0,1
Stephanie M Sawyer,,,,,,,,,,1,0,0,0,0,0,0,0,0,0,0,0,0,0,0,1
Vince Giusini,,,,,,,,,,,1,0,0,0,0,0,0,0,0,0,0,0,0,0,1
Conor Corcoran,,,,,,,,,,,,0,1,0,0,0,0,0,0,0,0,0,0,0,1
Daine A Grey Jr,,,,,,,,,,,,,0,0,0,0,0,0,0,0,0,0,0,0,1
Leon A King Ii,,,,,,,,,,,,,,0,0,0,0,0,0,0,0,0,0,0,1
Derrick W Coker,,,,,,,,,,,,,,,0,0,0,0,0,0,0,0,0,0,1
Fran Shields,,,,,,,,,,,,,,,,0,0,0,0,0,0,0,0,0,1
Frank Bennett,,,,,,,,,,,,,,,,,0,0,0,0,0,0,0,0,1
Giovanni Campbell,,,,,,,,,,,,,,,,,,0,0,0,0,0,0,0,1
James C Crumlish,,,,,,,,,,,,,,,,,,,0,0,0,0,0,0,1
Jon Marshall,,,,,,,,,,,,,,,,,,,,0,0,0,0,0,1
Katie Scrivner,,,,,,,,,,,,,,,,,,,,,0,0,0,0,1
Kenneth J Powell Jr,,,,,,,,,,,,,,,,,,,,,,0,0,0,1
Rania Major,,,,,,,,,,,,,,,,,,,,,,,0,0,1
Sean P Stevens,,,,,,,,,,,,,,,,,,,,,,,,0,1
Total,6,4,4,3,3,3,3,2,2,2,2,1,1,1,0,0,0,0,0,0,0,0,0,0,1
,Judge Of The Court Of Common Pleas - Democrat,,,,,,,,,,,,,,,,,,,,,,,,2
,Anne Marie Coyle,Timika Lane,Daniel D Mccaffery,Dawn M Tancredi,Giovanni Campbell,Tracy B Roman,Vince Giusini,Leon A King Ii,Sierra Thomas Street,Joe Fernandes,Stephanie M Sawyer,Daine A Grey Jr,James C Crumlish,Deborah D Cianfrani,Derrick W Coker,Frank Bennett,John J O Connor Jr,Kenneth J Powell Jr,Rania Major,Sean P Stevens,Conor Corcoran,Fran Shields,Jon Marshall,Katie Scrivner,2
Anne Marie Coyle,3,6,4,4,3,4,3,2,3,1,2,2,1,1,0,0,1,1,1,0,0,0,0,0,2
Timika Lane,,1,5,5,4,3,2,5,3,3,1,1,0,1,1,0,0,1,1,0,0,0,0,0,2
Daniel D Mccaffery,,,0,3,4,0,2,3,0,2,1,1,1,1,0,0,0,1,0,0,0,0,0,0,2
Dawn M Tancredi,,,,0,5,3,0,4,3,2,1,1,1,0,0,0,1,0,1,1,0,0,0,0,2
Giovanni Campbell,,,,,0,1,2,4,1,2,3,1,2,0,1,0,1,0,0,1,0,0,0,0,2
Tracy B Roman,,,,,,2,2,1,4,1,0,0,1,0,0,0,0,0,1,1,0,0,0,0,2
Vince Giusini,,,,,,,1,1,1,1,2,0,1,0,1,0,0,0,0,0,0,0,0,0,2
Leon A King Ii,,,,,,,,0,1,2,1,0,0,0,1,0,0,0,0,0,0,0,0,0,2
Sierra Thomas Street,,,,,,,,,0,1,0,0,1,0,0,0,0,0,1,1,0,0,0,0,2
Joe Fernandes,,,,,,,,,,0,0,0,0,0,0,0,0,0,0,0,0,0,0,0,2
Stephanie M Sawyer,,,,,,,,,,,0,1,1,0,1,0,1,0,0,0,0,0,0,0,2
Daine A Grey Jr,,,,,,,,,,,,0,0,1,0,0,1,1,0,0,0,0,0,0,2
James C Crumlish,,,,,,,,,,,,,0,0,0,0,0,0,0,1,0,0,0,0,2
Deborah D Cianfrani,,,,,,,,,,,,,,0,0,0,0,1,0,0,0,0,0,0,2
Derrick W Coker,,,,,,,,,,,,,,,0,0,0,0,0,0,0,0,0,0,2
Frank Bennett,,,,,,,,,,,,,,,,1,0,0,0,0,0,0,0,0,2
John J O Connor Jr,,,,,,,,,,,,,,,,,0,0,0,0,0,0,0,0,2
Kenneth J Powell Jr,,,,,,,,,,,,,,,,,,0,0,0,0,0,0,0,2
Rania Major,,,,,,,,,,,,,,,,,,,0,0,0,0,0,0,2
Sean P Stevens,,,,,,,,,,,,,,,,,,,,0,0,0,0,0,2
Conor Corcoran,,,,,,,,,,,,,,,,,,,,,0,0,0,0,2
Fran Shields,,,,,,,,,,,,,,,,,,,,,,0,0,0,2
Jon Marshall,,,,,,,,,,,,,,,,,,,,,,,0,0,2
Katie Scrivner,,,,,,,,,,,,,,,,,,,,,,,,0,2
Total,13,11,8,7,7,7,6,5,4,3,3,2,2,1,1,1,1,1,1,1,0,0,0,0,2
,Judge Of The Court Of Common Pleas - Democrat,,,,,,,,,,,,,,,,,,,,,,,,3
,Daniel D Mccaffery,Anne Marie Coyle,Dawn M Tancredi,Joe Fernandes,Daine A Grey Jr,James C Crumlish,Jon Marshall,Sean P Stevens,Stephanie M Sawyer,Timika Lane,Vince Giusini,Giovanni Campbell,John J O Connor Jr,Leon A King Ii,Sierra Thomas Street,Tracy B Roman,Conor Corcoran,Deborah D Cianfrani,Derrick W Coker,Fran Shields,Frank Bennett,Katie Scrivner,Kenneth J Powell Jr,Rania Major,3
Daniel D Mccaffery,0,3,3,2,0,0,0,0,0,1,1,1,1,1,0,0,0,0,0,0,0,0,0,0,3
Anne Marie Coyle,,0,1,2,0,0,0,0,0,1,2,0,1,0,1,1,0,0,0,0,0,0,0,0,3
Dawn M Tancredi,,,1,2,0,0,0,0,0,1,1,1,1,1,0,0,0,0,0,0,0,0,0,0,3
Joe Fernandes,,,,0,0,0,0,0,0,2,2,1,1,1,1,1,0,0,0,0,0,0,0,0,3
Daine A Grey Jr,,,,,0,2,2,2,2,0,0,0,0,0,0,0,0,0,0,0,0,0,0,0,3
James C Crumlish,,,,,,0,2,2,2,0,0,0,0,0,0,0,0,0,0,0,0,0,0,0,3
Jon Marshall,,,,,,,0,2,2,0,0,0,0,0,0,0,0,0,0,0,0,0,0,0,3
Sean P Stevens,,,,,,,,0,2,0,0,0,0,0,0,0,0,0,0,0,0,0,0,0,3
Stephanie M Sawyer,,,,,,,,,0,0,0,0,0,0,0,0,0,0,0,0,0,0,0,0,3
Timika Lane,,,,,,,,,,0,1,1,0,1,1,1,0,0,0,0,0,0,0,0,3
Vince Giusini,,,,,,,,,,,0,0,1,0,1,1,0,0,0,0,0,0,0,0,3
Giovanni Campbell,,,,,,,,,,,,0,0,1,0,0,0,0,0,0,0,0,0,0,3
John J O Connor Jr,,,,,,,,,,,,,0,0,0,0,0,0,0,0,0,0,0,0,3
Leon A King Ii,,,,,,,,,,,,,,0,0,0,0,0,0,0,0,0,0,0,3
Sierra Thomas Street,,,,,,,,,,,,,,,0,1,0,0,0,0,0,0,0,0,3
Tracy B Roman,,,,,,,,,,,,,,,,0,0,0,0,0,0,0,0,0,3
Conor Corcoran,,,,,,,,,,,,,,,,,0,0,0,0,0,0,0,0,3
Deborah D Cianfrani,,,,,,,,,,,,,,,,,,0,0,0,0,0,0,0,3
Derrick W Coker,,,,,,,,,,,,,,,,,,,0,0,0,0,0,0,3
Fran Shields,,,,,,,,,,,,,,,,,,,,0,0,0,0,0,3
Frank Bennett,,,,,,,,,,,,,,,,,,,,,0,0,0,0,3
Katie Scrivner,,,,,,,,,,,,,,,,,,,,,,0,0,0,3
Kenneth J Powell Jr,,,,,,,,,,,,,,,,,,,,,,,0,0,3
Rania Major,,,,,,,,,,,,,,,,,,,,,,,,0,3
Total,5,4,4,3,2,2,2,2,2,2,2,1,1,1,1,1,0,0,0,0,0,0,0,0,3
,Judge Of The Court Of Common Pleas - Democrat,,,,,,,,,,,,,,,,,,,,,,,,4
,Daniel D Mccaffery,Dawn M Tancredi,Giovanni Campbell,Stephanie M Sawyer,Conor Corcoran,Tracy B Roman,Anne Marie Coyle,Joe Fernandes,Leon A King Ii,Sierra Thomas Street,Timika Lane,Vince Giusini,Frank Bennett,John J O Connor Jr,Jon Marshall,James C Crumlish,Kenneth J Powell Jr,Rania Major,Daine A Grey Jr,Deborah D Cianfrani,Derrick W Coker,Fran Shields,Katie Scrivner,Sean P Stevens,4
Daniel D Mccaffery,0,6,4,5,4,4,3,1,3,1,2,3,2,2,2,0,1,0,0,0,0,0,0,0,4
Dawn M Tancredi,,0,2,2,2,4,2,2,0,1,2,1,1,2,2,1,1,0,0,0,0,0,0,0,4
Giovanni Campbell,,,0,2,2,1,0,1,2,0,2,2,0,1,0,0,1,0,0,0,0,0,0,0,4
Stephanie M Sawyer,,,,0,4,1,2,0,3,1,0,3,1,0,1,0,0,0,0,0,0,0,0,0,4
Conor Corcoran,,,,,0,1,1,0,2,0,0,3,0,0,1,0,0,0,0,0,0,0,0,0,4
Tracy B Roman,,,,,,0,1,1,0,0,2,0,1,1,2,0,0,0,0,0,0,0,0,0,4
Anne Marie Coyle,,,,,,,0,0,1,1,1,1,1,1,0,0,0,0,0,0,0,0,0,0,4
Joe Fernandes,,,,,,,,1,0,1,1,0,0,0,0,1,0,0,0,0,0,0,0,0,4
Leon A King Ii,,,,,,,,,0,1,0,2,1,0,0,0,0,0,0,0,0,0,0,0,4
Sierra Thomas Street,,,,,,,,,,1,0,0,1,0,0,1,0,0,0,0,0,0,0,0,4
Timika Lane,,,,,,,,,,,0,0,0,1,0,0,0,0,0,0,0,0,0,0,4
Vince Giusini,,,,,,,,,,,,0,0,0,0,0,0,0,0,0,0,0,0,0,4
Frank Bennett,,,,,,,,,,,,,0,0,1,0,0,0,0,0,0,0,0,0,4
John J O Connor Jr,,,,,,,,,,,,,,0,0,0,1,0,0,0,0,0,0,0,4
Jon Marshall,,,,,,,,,,,,,,,0,0,0,0,0,0,0,0,0,0,4
James C Crumlish,,,,,,,,,,,,,,,,0,0,0,0,0,0,0,0,0,4
Kenneth J Powell Jr,,,,,,,,,,,,,,,,,0,0,0,0,0,0,0,0,4
Rania Major,,,,,,,,,,,,,,,,,,1,0,0,0,0,0,0,4
Daine A Grey Jr,,,,,,,,,,,,,,,,,,,0,0,0,0,0,0,4
Deborah D Cianfrani,,,,,,,,,,,,,,,,,,,,0,0,0,0,0,4
Derrick W Coker,,,,,,,,,,,,,,,,,,,,,0,0,0,0,4
Fran Shields,,,,,,,,,,,,,,,,,,,,,,0,0,0,4
Katie Scrivner,,,,,,,,,,,,,,,,,,,,,,,0,0,4
Sean P Stevens,,,,,,,,,,,,,,,,,,,,,,,,0,4
Total,9,7,5,5,4,4,3,3,3,3,3,3,2,2,2,1,1,1,0,0,0,0,0,0,4
,Judge Of The Court Of Common Pleas - Democrat,,,,,,,,,,,,,,,,,,,,,,,,5
,Timika Lane,Giovanni Campbell,Joe Fernandes,Anne Marie Coyle,Daniel D Mccaffery,Dawn M Tancredi,Tracy B Roman,Deborah D Cianfrani,John J O Connor Jr,Leon A King Ii,Sierra Thomas Street,Vince Giusini,Frank Bennett,James C Crumlish,Jon Marshall,Kenneth J Powell Jr,Conor Corcoran,Daine A Grey Jr,Derrick W Coker,Fran Shields,Katie Scrivner,Rania Major,Sean P Stevens,Stephanie M Sawyer,5
Timika Lane,2,2,2,1,1,1,1,0,0,2,1,1,0,0,0,0,0,0,0,0,0,0,0,0,5
Giovanni Campbell,,1,0,1,2,2,1,1,2,1,0,0,0,1,0,1,0,0,0,0,0,0,0,0,5
Joe Fernandes,,,2,1,0,0,1,0,0,1,1,1,0,0,0,0,0,0,0,0,0,0,0,0,5
Anne Marie Coyle,,,,0,1,1,3,2,1,0,1,2,0,1,0,0,0,0,0,0,0,0,0,0,5
Daniel D Mccaffery,,,,,0,3,1,1,1,1,0,1,0,0,0,1,0,0,0,0,0,0,0,0,5
Dawn M Tancredi,,,,,,0,1,1,1,1,0,1,0,0,0,1,0,0,0,0,0,0,0,0,5
Tracy B Roman,,,,,,,0,2,1,0,1,2,0,1,0,0,0,0,0,0,0,0,0,0,5
Deborah D Cianfrani,,,,,,,,0,1,0,0,1,0,1,0,0,0,0,0,0,0,0,0,0,5
John J O Connor Jr,,,,,,,,,0,0,0,0,0,1,0,1,0,0,0,0,0,0,0,0,5
Leon A King Ii,,,,,,,,,,0,0,0,0,0,0,0,0,0,0,0,0,0,0,0,5
Sierra Thomas Street,,,,,,,,,,,1,1,0,0,0,0,0,0,0,0,0,0,0,0,5
Vince Giusini,,,,,,,,,,,,0,0,0,0,0,0,0,0,0,0,0,0,0,5
Frank Bennett,,,,,,,,,,,,,1,0,0,0,0,0,0,0,0,0,0,0,5
James C Crumlish,,,,,,,,,,,,,,0,0,0,0,0,0,0,0,0,0,0,5
Jon Marshall,,,,,,,,,,,,,,,1,0,0,0,0,0,0,0,0,0,5
Kenneth J Powell Jr,,,,,,,,,,,,,,,,0,0,0,0,0,0,0,0,0,5
Conor Corcoran,,,,,,,,,,,,,,,,,0,0,0,0,0,0,0,0,5
Daine A Grey Jr,,,,,,,,,,,,,,,,,,0,0,0,0,0,0,0,5
Derrick W Coker,,,,,,,,,,,,,,,,,,,0,0,0,0,0,0,5
Fran Shields,,,,,,,,,,,,,,,,,,,,0,0,0,0,0,5
Katie Scrivner,,,,,,,,,,,,,,,,,,,,,0,0,0,0,5
Rania Major,,,,,,,,,,,,,,,,,,,,,,0,0,0,5
Sean P Stevens,,,,,,,,,,,,,,,,,,,,,,,0,0,5
Stephanie M Sawyer,,,,,,,,,,,,,,,,,,,,,,,,0,5
Total,6,5,4,3,3,3,3,2,2,2,2,2,1,1,1,1,0,0,0,0,0,0,0,0,5
,Judge Of The Court Of Common Pleas - Democrat,,,,,,,,,,,,,,,,,,,,,,,,6
,Daniel D Mccaffery,Joe Fernandes,Anne Marie Coyle,Timika Lane,Dawn M Tancredi,Giovanni Campbell,Leon A King Ii,Tracy B Roman,Deborah D Cianfrani,Frank Bennett,Derrick W Coker,James C Crumlish,John J O Connor Jr,Jon Marshall,Sierra Thomas Street,Stephanie M Sawyer,Vince Giusini,Conor Corcoran,Daine A Grey Jr,Fran Shields,Katie Scrivner,Kenneth J Powell Jr,Rania Major,Sean P Stevens,6
Daniel D Mccaffery,1,7,5,4,4,4,3,2,1,2,0,1,1,0,1,0,1,0,0,0,0,0,0,0,6
Joe Fernandes,,0,5,4,4,3,2,2,2,1,1,1,1,1,0,1,1,0,0,0,0,0,0,0,6
Anne Marie Coyle,,,1,2,2,2,0,1,1,1,0,1,0,0,0,0,1,0,0,0,0,0,0,0,6
Timika Lane,,,,1,2,3,2,1,0,0,0,0,0,0,0,0,1,0,0,0,0,0,0,0,6
Dawn M Tancredi,,,,,0,3,2,1,2,0,1,0,1,1,0,1,0,0,0,0,0,0,0,0,6
Giovanni Campbell,,,,,,0,2,0,1,0,0,0,0,0,0,0,0,0,0,0,0,0,0,0,6
Leon A King Ii,,,,,,,0,1,0,0,0,0,1,0,0,0,0,0,0,0,0,0,0,0,6
Tracy B Roman,,,,,,,,1,0,0,0,0,1,0,0,0,1,0,0,0,0,0,0,0,6
Deborah D Cianfrani,,,,,,,,,0,0,1,0,0,1,0,1,0,0,0,0,0,0,0,0,6
Frank Bennett,,,,,,,,,,0,0,0,0,0,0,0,0,0,0,0,0,0,0,0,6
Derrick W Coker,,,,,,,,,,,0,0,0,1,0,1,0,0,0,0,0,0,0,0,6
James C Crumlish,,,,,,,,,,,,0,0,0,0,0,0,0,0,0,0,0,0,0,6
John J O Connor Jr,,,,,,,,,,,,,0,0,0,0,0,0,0,0,0,0,0,0,6
Jon Marshall,,,,,,,,,,,,,,0,0,1,0,0,0,0,0,0,0,0,6
Sierra Thomas Street,,,,,,,,,,,,,,,0,0,0,0,0,0,0,0,0,0,6
Stephanie M Sawyer,,,,,,,,,,,,,,,,0,0,0,0,0,0,0,0,0,6
Vince Giusini,,,,,,,,,,,,,,,,,0,0,0,0,0,0,0,0,6
Conor Corcoran,,,,,,,,,,,,,,,,,,0,0,0,0,0,0,0,6
Daine A Grey Jr,,,,,,,,,,,,,,,,,,,0,0,0,0,0,0,6
Fran Shields,,,,,,,,,,,,,,,,,,,,0,0,0,0,0,6
Katie Scrivner,,,,,,,,,,,,,,,,,,,,,0,0,0,0,6
Kenneth J Powell Jr,,,,,,,,,,,,,,,,,,,,,,0,0,0,6
Rania Major,,,,,,,,,,,,,,,,,,,,,,,0,0,6
Sean P Stevens,,,,,,,,,,,,,,,,,,,,,,,,0,6
Total,11,10,7,6,5,4,3,3,2,2,1,1,1,1,1,1,1,0,0,0,0,0,0,0,6
,Judge Of The Court Of Common Pleas - Democrat,,,,,,,,,,,,,,,,,,,,,,,,7
,Joe Fernandes,Anne Marie Coyle,Timika Lane,Sierra Thomas Street,Tracy B Roman,Daniel D Mccaffery,Dawn M Tancredi,Vince Giusini,Giovanni Campbell,Leon A King Ii,Rania Major,Conor Corcoran,Daine A Grey Jr,Deborah D Cianfrani,Derrick W Coker,Fran Shields,Frank Bennett,James C Crumlish,John J O Connor Jr,Jon Marshall,Katie Scrivner,Kenneth J Powell Jr,Sean P Stevens,Stephanie M Sawyer,7
Joe Fernandes,1,5,5,3,3,2,2,3,1,2,0,0,0,0,0,0,0,0,0,0,0,0,0,0,7
Anne Marie Coyle,,0,5,3,3,1,1,3,0,1,0,0,0,0,0,0,0,0,0,0,0,0,0,0,7
Timika Lane,,,0,2,2,2,2,2,1,1,0,0,0,0,0,0,0,0,0,0,0,0,0,0,7
Sierra Thomas Street,,,,1,3,0,0,3,0,1,0,0,0,0,0,0,0,0,0,0,0,0,0,0,7
Tracy B Roman,,,,,1,0,0,3,0,1,0,0,0,0,0,0,0,0,0,0,0,0,0,0,7
Daniel D Mccaffery,,,,,,1,2,0,1,1,0,0,0,0,0,0,0,0,0,0,0,0,0,0,7
Dawn M Tancredi,,,,,,,1,0,1,1,0,0,0,0,0,0,0,0,0,0,0,0,0,0,7
Vince Giusini,,,,,,,,0,0,1,0,0,0,0,0,0,0,0,0,0,0,0,0,0,7
Giovanni Campbell,,,,,,,,,1,1,0,0,0,0,0,0,0,0,0,0,0,0,0,0,7
Leon A King Ii,,,,,,,,,,0,0,0,0,0,0,0,0,0,0,0,0,0,0,0,7
Rania Major,,,,,,,,,,,1,0,0,0,0,0,0,0,0,0,0,0,0,0,7
Conor Corcoran,,,,,,,,,,,,0,0,0,0,0,0,0,0,0,0,0,0,0,7
Daine A Grey Jr,,,,,,,,,,,,,0,0,0,0,0,0,0,0,0,0,0,0,7
Deborah D Cianfrani,,,,,,,,,,,,,,0,0,0,0,0,0,0,0,0,0,0,7
Derrick W Coker,,,,,,,,,,,,,,,0,0,0,0,0,0,0,0,0,0,7
Fran Shields,,,,,,,,,,,,,,,,0,0,0,0,0,0,0,0,0,7
Frank Bennett,,,,,,,,,,,,,,,,,0,0,0,0,0,0,0,0,7
James C Crumlish,,,,,,,,,,,,,,,,,,0,0,0,0,0,0,0,7
John J O Connor Jr,,,,,,,,,,,,,,,,,,,0,0,0,0,0,0,7
Jon Marshall,,,,,,,,,,,,,,,,,,,,0,0,0,0,0,7
Katie Scrivner,,,,,,,,,,,,,,,,,,,,,0,0,0,0,7
Kenneth J Powell Jr,,,,,,,,,,,,,,,,,,,,,,0,0,0,7
Sean P Stevens,,,,,,,,,,,,,,,,,,,,,,,0,0,7
Stephanie M Sawyer,,,,,,,,,,,,,,,,,,,,,,,,0,7
Total,7,6,6,4,4,3,3,3,2,2,1,0,0,0,0,0,0,0,0,0,0,0,0,0,7
,Judge Of The Court Of Common Pleas - Democrat,,,,,,,,,,,,,,,,,,,,,,,,8
,Anne Marie Coyle,Timika Lane,Vince Giusini,Joe Fernandes,Daniel D Mccaffery,Tracy B Roman,Sierra Thomas Street,James C Crumlish,Stephanie M Sawyer,Conor Corcoran,Dawn M Tancredi,Frank Bennett,Leon A King Ii,Deborah D Cianfrani,Giovanni Campbell,Kenneth J Powell Jr,Sean P Stevens,Daine A Grey Jr,John J O Connor Jr,Rania Major,Derrick W Coker,Fran Shields,Jon Marshall,Katie Scrivner,8
Anne Marie Coyle,0,7,7,7,2,5,5,3,2,2,2,1,1,2,0,0,1,0,1,1,0,0,0,0,8
Timika Lane,,0,5,8,2,4,4,2,1,0,2,0,1,0,1,1,1,0,0,0,0,0,0,0,8
Vince Giusini,,,0,4,4,5,4,1,4,2,1,1,1,2,1,1,0,0,1,0,0,0,0,0,8
Joe Fernandes,,,,0,1,4,4,2,0,0,2,0,1,0,1,0,1,0,0,0,0,0,0,0,8
Daniel D Mccaffery,,,,,0,1,0,1,3,2,1,2,2,1,2,2,1,1,1,0,0,0,0,0,8
Tracy B Roman,,,,,,1,4,0,0,1,0,0,0,0,0,0,0,0,1,0,0,0,0,0,8
Sierra Thomas Street,,,,,,,0,0,0,1,0,0,1,0,0,0,0,0,0,1,0,0,0,0,8
James C Crumlish,,,,,,,,0,1,0,2,1,0,1,0,1,2,1,0,0,0,0,0,0,8
Stephanie M Sawyer,,,,,,,,,0,1,1,1,1,2,1,1,0,0,0,0,0,0,0,0,8
Conor Corcoran,,,,,,,,,,0,0,0,2,0,1,0,0,0,1,1,0,0,0,0,8
Dawn M Tancredi,,,,,,,,,,,0,0,1,1,1,0,1,0,0,0,0,0,0,0,8
Frank Bennett,,,,,,,,,,,,1,0,1,0,1,1,1,0,0,0,0,0,0,8
Leon A King Ii,,,,,,,,,,,,,0,0,2,0,0,0,0,1,0,0,0,0,8
Deborah D Cianfrani,,,,,,,,,,,,,,0,0,0,0,0,0,0,0,0,0,0,8
Giovanni Campbell,,,,,,,,,,,,,,,0,0,0,0,0,0,0,0,0,0,8
Kenneth J Powell Jr,,,,,,,,,,,,,,,,0,1,1,0,0,0,0,0,0,8
Sean P Stevens,,,,,,,,,,,,,,,,,0,1,0,0,0,0,0,0,8
Daine A Grey Jr,,,,,,,,,,,,,,,,,,0,0,0,0,0,0,0,8
John J O Connor Jr,,,,,,,,,,,,,,,,,,,0,0,0,0,0,0,8
Rania Major,,,,,,,,,,,,,,,,,,,,0,0,0,0,0,8
Derrick W Coker,,,,,,,,,,,,,,,,,,,,,0,0,0,0,8
Fran Shields,,,,,,,,,,,,,,,,,,,,,,0,0,0,8
Jon Marshall,,,,,,,,,,,,,,,,,,,,,,,0,0,8
Katie Scrivner,,,,,,,,,,,,,,,,,,,,,,,,0,8
Total,11,9,9,8,6,6,5,4,4,3,3,3,3,2,2,2,2,1,1,1,0,0,0,0,8
,Judge Of The Court Of Common Pleas - Democrat,,,,,,,,,,,,,,,,,,,,,,,,9
,Anne Marie Coyle,Timika Lane,Dawn M Tancredi,Vince Giusini,Giovanni Campbell,Joe Fernandes,Daniel D Mccaffery,Sierra Thomas Street,Tracy B Roman,Deborah D Cianfrani,James C Crumlish,Kenneth J Powell Jr,John J O Connor Jr,Derrick W Coker,Frank Bennett,Stephanie M Sawyer,Daine A Grey Jr,Leon A King Ii,Sean P Stevens,Conor Corcoran,Fran Shields,Jon Marshall,Katie Scrivner,Rania Major,9
Anne Marie Coyle,1,8,8,3,2,4,4,5,4,5,2,3,2,1,1,2,1,1,0,0,0,0,0,0,9
Timika Lane,,0,4,4,2,5,2,4,4,1,1,3,1,1,0,1,0,0,0,0,0,0,0,0,9
Dawn M Tancredi,,,0,1,3,1,3,3,2,4,1,4,2,1,2,1,1,1,0,0,0,0,0,0,9
Vince Giusini,,,,1,3,3,1,2,3,0,3,1,0,2,0,1,1,0,0,0,0,0,0,0,9
Giovanni Campbell,,,,,0,2,1,1,1,1,2,4,1,2,2,1,1,0,1,0,0,0,0,0,9
Joe Fernandes,,,,,,0,0,1,2,0,2,0,0,1,1,0,1,0,1,0,0,0,0,0,9
Daniel D Mccaffery,,,,,,,1,1,1,2,1,2,3,0,1,2,0,1,0,0,0,0,0,0,9
Sierra Thomas Street,,,,,,,,1,3,2,0,1,0,0,1,0,1,0,0,0,0,0,0,0,9
Tracy B Roman,,,,,,,,,0,2,0,1,0,0,0,0,0,0,0,0,0,0,0,0,9
Deborah D Cianfrani,,,,,,,,,,0,1,1,1,0,1,2,1,1,0,0,0,0,0,0,9
James C Crumlish,,,,,,,,,,,0,0,2,1,0,1,1,0,0,0,0,0,0,0,9
Kenneth J Powell Jr,,,,,,,,,,,,0,2,1,1,1,0,0,0,0,0,0,0,0,9
John J O Connor Jr,,,,,,,,,,,,,0,0,1,1,0,0,0,0,0,0,0,0,9
Derrick W Coker,,,,,,,,,,,,,,0,0,1,1,0,0,0,0,0,0,0,9
Frank Bennett,,,,,,,,,,,,,,,0,0,1,0,1,0,0,0,0,0,9
Stephanie M Sawyer,,,,,,,,,,,,,,,,0,0,1,0,0,0,0,0,0,9
Daine A Grey Jr,,,,,,,,,,,,,,,,,0,0,0,0,0,0,0,0,9
Leon A King Ii,,,,,,,,,,,,,,,,,,1,0,0,0,0,0,0,9
Sean P Stevens,,,,,,,,,,,,,,,,,,,1,0,0,0,0,0,9
Conor Corcoran,,,,,,,,,,,,,,,,,,,,0,0,0,0,0,9
Fran Shields,,,,,,,,,,,,,,,,,,,,,0,0,0,0,9
Jon Marshall,,,,,,,,,,,,,,,,,,,,,,0,0,0,9
Katie Scrivner,,,,,,,,,,,,,,,,,,,,,,,0,0,9
Rania Major,,,,,,,,,,,,,,,,,,,,,,,,0,9
Total,14,10,9,8,7,7,6,6,6,5,5,5,4,3,3,3,2,2,2,0,0,0,0,0,9
,Judge Of The Court Of Common Pleas - Democrat,,,,,,,,,,,,,,,,,,,,,,,,10
,Joe Fernandes,Anne Marie Coyle,Timika Lane,Daniel D Mccaffery,James C Crumlish,Dawn M Tancredi,Stephanie M Sawyer,Tracy B Roman,Conor Corcoran,Daine A Grey Jr,Giovanni Campbell,Sierra Thomas Street,Kenneth J Powell Jr,Leon A King Ii,Vince Giusini,Frank Bennett,John J O Connor Jr,Jon Marshall,Rania Major,Deborah D Cianfrani,Derrick W Coker,Fran Shields,Katie Scrivner,Sean P Stevens,10
Joe Fernandes,0,5,6,3,5,3,3,3,2,2,3,2,1,2,2,0,0,1,0,0,0,0,0,0,10
Anne Marie Coyle,,1,4,2,3,2,2,3,1,2,1,2,1,0,2,0,1,0,1,0,0,0,0,0,10
Timika Lane,,,0,2,3,2,0,2,0,0,2,2,0,1,1,0,0,0,0,0,0,0,0,0,10
Daniel D Mccaffery,,,,1,0,3,0,1,2,1,2,0,1,1,0,0,1,0,0,0,0,0,0,0,10
James C Crumlish,,,,,0,0,2,1,1,1,1,1,0,0,1,0,0,1,0,0,0,0,0,0,10
Dawn M Tancredi,,,,,,0,1,2,1,2,2,0,0,1,0,0,0,0,1,0,0,0,0,0,10
Stephanie M Sawyer,,,,,,,0,1,1,2,1,0,1,1,1,0,0,1,1,0,0,0,0,0,10
Tracy B Roman,,,,,,,,0,1,2,0,2,0,0,1,0,0,0,1,0,0,0,0,0,10
Conor Corcoran,,,,,,,,,0,1,1,0,1,0,0,0,1,1,0,0,0,0,0,0,10
Daine A Grey Jr,,,,,,,,,,0,0,0,0,0,1,0,0,0,1,0,0,0,0,0,10
Giovanni Campbell,,,,,,,,,,,0,0,0,1,0,0,0,1,0,0,0,0,0,0,10
Sierra Thomas Street,,,,,,,,,,,,1,0,0,1,0,0,0,0,0,0,0,0,0,10
Kenneth J Powell Jr,,,,,,,,,,,,,0,1,0,0,1,0,0,0,0,0,0,0,10
Leon A King Ii,,,,,,,,,,,,,,0,0,0,0,0,0,0,0,0,0,0,10
Vince Giusini,,,,,,,,,,,,,,,0,0,0,0,0,0,0,0,0,0,10
Frank Bennett,,,,,,,,,,,,,,,,1,0,0,0,0,0,0,0,0,10
John J O Connor Jr,,,,,,,,,,,,,,,,,0,0,0,0,0,0,0,0,10
Jon Marshall,,,,,,,,,,,,,,,,,,0,0,0,0,0,0,0,10
Rania Major,,,,,,,,,,,,,,,,,,,0,0,0,0,0,0,10
Deborah D Cianfrani,,,,,,,,,,,,,,,,,,,,0,0,0,0,0,10
Derrick W Coker,,,,,,,,,,,,,,,,,,,,,0,0,0,0,10
Fran Shields,,,,,,,,,,,,,,,,,,,,,,0,0,0,10
Katie Scrivner,,,,,,,,,,,,,,,,,,,,,,,0,0,10
Sean P Stevens,,,,,,,,,,,,,,,,,,,,,,,,0,10
Total,10,8,6,5,5,4,4,4,3,3,3,3,2,2,2,1,1,1,1,0,0,0,0,0,10
,Judge Of The Court Of Common Pleas - Democrat,,,,,,,,,,,,,,,,,,,,,,,,11
,Timika Lane,Anne Marie Coyle,Tracy B Roman,Dawn M Tancredi,Joe Fernandes,Sierra Thomas Street,Daniel D Mccaffery,Giovanni Campbell,Stephanie M Sawyer,Vince Giusini,Deborah D Cianfrani,Frank Bennett,John J O Connor Jr,Kenneth J Powell Jr,Leon A King Ii,Daine A Grey Jr,Derrick W Coker,James C Crumlish,Rania Major,Conor Corcoran,Fran Shields,Jon Marshall,Katie Scrivner,Sean P Stevens,11
Timika Lane,1,4,5,2,5,3,3,2,2,3,0,1,0,2,2,0,1,0,0,0,0,0,0,0,11
Anne Marie Coyle,,1,4,2,3,4,1,1,3,3,1,1,1,1,0,0,0,0,1,0,0,0,0,0,11
Tracy B Roman,,,0,0,3,4,1,1,1,3,0,1,0,2,0,0,0,0,0,0,0,0,0,0,11
Dawn M Tancredi,,,,0,2,0,3,3,2,0,2,1,1,0,2,1,0,1,1,0,0,0,0,0,11
Joe Fernandes,,,,,0,2,2,2,1,2,0,1,0,0,2,0,0,0,0,0,0,0,0,0,11
Sierra Thomas Street,,,,,,0,0,1,0,3,0,0,1,1,0,0,0,0,0,0,0,0,0,0,11
Daniel D Mccaffery,,,,,,,0,3,1,0,1,0,0,1,2,0,0,0,0,0,0,0,0,0,11
Giovanni Campbell,,,,,,,,0,1,0,1,0,0,0,2,0,0,0,0,0,0,0,0,0,11
Stephanie M Sawyer,,,,,,,,,0,0,1,1,0,0,0,0,1,0,1,0,0,0,0,0,11
Vince Giusini,,,,,,,,,,0,0,0,0,1,0,0,0,0,0,0,0,0,0,0,11
Deborah D Cianfrani,,,,,,,,,,,0,1,1,0,0,1,0,1,0,0,0,0,0,0,11
Frank Bennett,,,,,,,,,,,,0,1,0,0,1,0,1,0,0,0,0,0,0,11
John J O Connor Jr,,,,,,,,,,,,,0,0,0,1,0,1,0,0,0,0,0,0,11
Kenneth J Powell Jr,,,,,,,,,,,,,,0,0,0,0,0,0,0,0,0,0,0,11
Leon A King Ii,,,,,,,,,,,,,,,0,0,0,0,0,0,0,0,0,0,11
Daine A Grey Jr,,,,,,,,,,,,,,,,0,0,1,0,0,0,0,0,0,11
Derrick W Coker,,,,,,,,,,,,,,,,,0,0,0,0,0,0,0,0,11
James C Crumlish,,,,,,,,,,,,,,,,,,0,0,0,0,0,0,0,11
Rania Major,,,,,,,,,,,,,,,,,,,0,0,0,0,0,0,11
Conor Corcoran,,,,,,,,,,,,,,,,,,,,0,0,0,0,0,11
Fran Shields,,,,,,,,,,,,,,,,,,,,,0,0,0,0,11
Jon Marshall,,,,,,,,,,,,,,,,,,,,,,0,0,0,11
Katie Scrivner,,,,,,,,,,,,,,,,,,,,,,,0,0,11
Sean P Stevens,,,,,,,,,,,,,,,,,,,,,,,,0,11
Total,9,8,6,5,5,5,4,4,4,3,2,2,2,2,2,1,1,1,1,0,0,0,0,0,11
,Judge Of The Court Of Common Pleas - Democrat,,,,,,,,,,,,,,,,,,,,,,,,12
,Timika Lane,Daniel D Mccaffery,Dawn M Tancredi,Stephanie M Sawyer,Giovanni Campbell,Joe Fernandes,Anne Marie Coyle,Leon A King Ii,Deborah D Cianfrani,James C Crumlish,Tracy B Roman,Vince Giusini,Conor Corcoran,Derrick W Coker,Frank Bennett,John J O Connor Jr,Kenneth J Powell Jr,Rania Major,Sierra Thomas Street,Daine A Grey Jr,Fran Shields,Jon Marshall,Katie Scrivner,Sean P Stevens,12
Timika Lane,1,3,6,4,2,4,1,3,2,1,2,0,0,0,0,0,1,0,1,0,0,0,0,0,12
Daniel D Mccaffery,,0,3,3,5,3,3,2,1,2,1,3,0,0,0,1,0,0,0,0,0,0,0,0,12
Dawn M Tancredi,,,0,4,2,4,1,3,2,1,2,0,0,0,0,0,1,0,1,0,0,0,0,0,12
Stephanie M Sawyer,,,,0,2,2,3,1,2,3,2,2,0,0,0,0,1,0,1,0,0,0,0,0,12
Giovanni Campbell,,,,,0,3,3,2,0,2,0,3,0,0,0,1,0,0,0,0,0,0,0,0,12
Joe Fernandes,,,,,,0,1,3,0,1,1,1,0,0,0,1,1,0,0,0,0,0,0,0,12
Anne Marie Coyle,,,,,,,0,0,1,2,0,3,0,0,0,1,0,0,1,0,0,0,0,0,12
Leon A King Ii,,,,,,,,0,1,1,0,0,1,1,1,0,0,1,0,0,0,0,0,0,12
Deborah D Cianfrani,,,,,,,,,0,0,1,0,1,1,1,0,0,1,1,0,0,0,0,0,12
James C Crumlish,,,,,,,,,,0,0,2,0,0,0,0,0,0,0,0,0,0,0,0,12
Tracy B Roman,,,,,,,,,,,1,0,0,0,0,0,1,0,0,0,0,0,0,0,12
Vince Giusini,,,,,,,,,,,,0,0,0,0,1,0,0,0,0,0,0,0,0,12
Conor Corcoran,,,,,,,,,,,,,0,1,1,0,0,1,0,0,0,0,0,0,12
Derrick W Coker,,,,,,,,,,,,,,0,1,0,0,1,0,0,0,0,0,0,12
Frank Bennett,,,,,,,,,,,,,,,0,0,0,1,0,0,0,0,0,0,12
John J O Connor Jr,,,,,,,,,,,,,,,,0,0,0,0,0,0,0,0,0,12
Kenneth J Powell Jr,,,,,,,,,,,,,,,,,0,0,0,0,0,0,0,0,12
Rania Major,,,,,,,,,,,,,,,,,,0,0,0,0,0,0,0,12
Sierra Thomas Street,,,,,,,,,,,,,,,,,,,0,0,0,0,0,0,12
Daine A Grey Jr,,,,,,,,,,,,,,,,,,,,0,0,0,0,0,12
Fran Shields,,,,,,,,,,,,,,,,,,,,,0,0,0,0,12
Jon Marshall,,,,,,,,,,,,,,,,,,,,,,0,0,0,12
Katie Scrivner,,,,,,,,,,,,,,,,,,,,,,,0,0,12
Sean P Stevens,,,,,,,,,,,,,,,,,,,,,,,,0,12
Total,7,6,6,6,5,5,4,4,3,3,3,3,1,1,1,1,1,1,1,0,0,0,0,0,12
,Judge Of The Court Of Common Pleas - Democrat,,,,,,,,,,,,,,,,,,,,,,,,13
,Anne Marie Coyle,Joe Fernandes,Vince Giusini,Daniel D Mccaffery,Tracy B Roman,Sierra Thomas Street,Timika Lane,Dawn M Tancredi,Giovanni Campbell,Deborah D Cianfrani,John J O Connor Jr,Daine A Grey Jr,Frank Bennett,Jon Marshall,Kenneth J Powell Jr,Leon A King Ii,Stephanie M Sawyer,Conor Corcoran,Derrick W Coker,Fran Shields,James C Crumlish,Katie Scrivner,Rania Major,Sean P Stevens,13
Anne Marie Coyle,1,3,5,3,5,3,3,2,1,2,2,1,1,1,1,0,1,0,0,0,0,0,0,0,13
Joe Fernandes,,1,4,1,2,4,2,1,1,0,0,0,0,0,0,1,0,0,0,0,0,0,0,0,13
Vince Giusini,,,0,1,4,4,2,2,2,0,1,0,0,0,0,0,0,0,0,0,0,0,0,0,13
Daniel D Mccaffery,,,,1,1,1,1,2,1,2,1,1,1,1,1,0,1,0,0,0,0,0,0,0,13
Tracy B Roman,,,,,0,2,3,2,1,1,1,0,0,0,0,0,0,0,0,0,0,0,0,0,13
Sierra Thomas Street,,,,,,0,1,1,1,0,0,0,0,0,0,0,0,0,0,0,0,0,0,0,13
Timika Lane,,,,,,,0,1,0,1,0,0,0,0,0,1,0,0,0,0,0,0,0,0,13
Dawn M Tancredi,,,,,,,,0,2,1,1,0,0,0,0,0,0,0,0,0,0,0,0,0,13
Giovanni Campbell,,,,,,,,,1,0,1,0,0,0,0,0,0,0,0,0,0,0,0,0,13
Deborah D Cianfrani,,,,,,,,,,0,0,0,1,1,1,0,0,0,0,0,0,0,0,0,13
John J O Connor Jr,,,,,,,,,,,0,1,0,0,0,0,1,0,0,0,0,0,0,0,13
Daine A Grey Jr,,,,,,,,,,,,0,0,0,0,0,1,0,0,0,0,0,0,0,13
Frank Bennett,,,,,,,,,,,,,0,1,1,0,0,0,0,0,0,0,0,0,13
Jon Marshall,,,,,,,,,,,,,,0,1,0,0,0,0,0,0,0,0,0,13
Kenneth J Powell Jr,,,,,,,,,,,,,,,0,0,0,0,0,0,0,0,0,0,13
Leon A King Ii,,,,,,,,,,,,,,,,0,0,0,0,0,0,0,0,0,13
Stephanie M Sawyer,,,,,,,,,,,,,,,,,0,0,0,0,0,0,0,0,13
Conor Corcoran,,,,,,,,,,,,,,,,,,0,0,0,0,0,0,0,13
Derrick W Coker,,,,,,,,,,,,,,,,,,,0,0,0,0,0,0,13
Fran Shields,,,,,,,,,,,,,,,,,,,,0,0,0,0,0,13
James C Crumlish,,,,,,,,,,,,,,,,,,,,,0,0,0,0,13
Katie Scrivner,,,,,,,,,,,,,,,,,,,,,,0,0,0,13
Rania Major,,,,,,,,,,,,,,,,,,,,,,,0,0,13
Sean P Stevens,,,,,,,,,,,,,,,,,,,,,,,,0,13
Total,9,6,6,5,5,4,4,3,3,2,2,1,1,1,1,1,1,0,0,0,0,0,0,0,13
,Judge Of The Court Of Common Pleas - Democrat,,,,,,,,,,,,,,,,,,,,,,,,14
,Anne Marie Coyle,Joe Fernandes,Vince Giusini,Daniel D Mccaffery,Giovanni Campbell,James C Crumlish,Dawn M Tancredi,John J O Connor Jr,Timika Lane,Daine A Grey Jr,Frank Bennett,Leon A King Ii,Sierra Thomas Street,Stephanie M Sawyer,Conor Corcoran,Deborah D Cianfrani,Derrick W Coker,Fran Shields,Jon Marshall,Katie Scrivner,Kenneth J Powell Jr,Rania Major,Sean P Stevens,Tracy B Roman,14
Anne Marie Coyle,0,2,2,2,2,2,2,2,1,0,1,1,0,1,0,0,0,0,0,0,0,0,0,0,14
Joe Fernandes,,0,3,1,1,1,1,1,2,0,0,0,1,0,0,0,0,0,0,0,0,0,0,0,14
Vince Giusini,,,0,2,1,1,1,1,0,1,1,0,1,0,0,0,0,0,0,0,0,0,0,0,14
Daniel D Mccaffery,,,,0,1,2,1,1,0,0,1,0,1,1,0,0,0,0,0,0,0,0,0,0,14
Giovanni Campbell,,,,,0,1,1,1,1,1,0,0,0,1,0,0,0,0,0,0,0,0,0,0,14
James C Crumlish,,,,,,0,0,0,0,0,0,1,1,1,0,0,0,0,0,0,0,0,0,0,14
Dawn M Tancredi,,,,,,,0,2,1,0,1,0,0,0,0,0,0,0,0,0,0,0,0,0,14
John J O Connor Jr,,,,,,,,0,1,0,1,0,0,0,0,0,0,0,0,0,0,0,0,0,14
Timika Lane,,,,,,,,,0,0,0,0,0,0,0,0,0,0,0,0,0,0,0,0,14
Daine A Grey Jr,,,,,,,,,,0,0,0,0,0,0,0,0,0,0,0,0,0,0,0,14
Frank Bennett,,,,,,,,,,,0,0,0,0,0,0,0,0,0,0,0,0,0,0,14
Leon A King Ii,,,,,,,,,,,,0,0,0,0,0,0,0,0,0,0,0,0,0,14
Sierra Thomas Street,,,,,,,,,,,,,0,0,0,0,0,0,0,0,0,0,0,0,14
Stephanie M Sawyer,,,,,,,,,,,,,,0,0,0,0,0,0,0,0,0,0,0,14
Conor Corcoran,,,,,,,,,,,,,,,0,0,0,0,0,0,0,0,0,0,14
Deborah D Cianfrani,,,,,,,,,,,,,,,,0,0,0,0,0,0,0,0,0,14
Derrick W Coker,,,,,,,,,,,,,,,,,0,0,0,0,0,0,0,0,14
Fran Shields,,,,,,,,,,,,,,,,,,0,0,0,0,0,0,0,14
Jon Marshall,,,,,,,,,,,,,,,,,,,0,0,0,0,0,0,14
Katie Scrivner,,,,,,,,,,,,,,,,,,,,0,0,0,0,0,14
Kenneth J Powell Jr,,,,,,,,,,,,,,,,,,,,,0,0,0,0,14
Rania Major,,,,,,,,,,,,,,,,,,,,,,0,0,0,14
Sean P Stevens,,,,,,,,,,,,,,,,,,,,,,,0,0,14
Tracy B Roman,,,,,,,,,,,,,,,,,,,,,,,,0,14
Total,5,5,5,3,3,3,2,2,2,1,1,1,1,1,0,0,0,0,0,0,0,0,0,0,14
,Judge Of The Court Of Common Pleas - Democrat,,,,,,,,,,,,,,,,,,,,,,,,15
,Daniel D Mccaffery,Giovanni Campbell,Timika Lane,John J O Connor Jr,Dawn M Tancredi,Joe Fernandes,Deborah D Cianfrani,Frank Bennett,James C Crumlish,Jon Marshall,Kenneth J Powell Jr,Leon A King Ii,Rania Major,Stephanie M Sawyer,Tracy B Roman,Anne Marie Coyle,Conor Corcoran,Daine A Grey Jr,Derrick W Coker,Fran Shields,Katie Scrivner,Sean P Stevens,Sierra Thomas Street,Vince Giusini,15
Daniel D Mccaffery,1,5,4,3,3,2,1,1,1,0,1,1,1,0,1,0,0,0,0,0,0,0,0,0,15
Giovanni Campbell,,0,4,1,3,2,1,1,1,0,1,1,1,0,1,0,0,0,0,0,0,0,0,0,15
Timika Lane,,,0,1,2,2,0,1,1,0,0,1,1,0,1,0,0,0,0,0,0,0,0,0,15
John J O Connor Jr,,,,0,1,0,1,0,0,0,1,0,0,0,0,0,0,0,0,0,0,0,0,0,15
Dawn M Tancredi,,,,,0,2,1,0,0,0,1,1,0,0,0,0,0,0,0,0,0,0,0,0,15
Joe Fernandes,,,,,,0,0,0,0,0,0,1,0,0,0,0,0,0,0,0,0,0,0,0,15
Deborah D Cianfrani,,,,,,,0,0,0,0,1,0,0,0,0,0,0,0,0,0,0,0,0,0,15
Frank Bennett,,,,,,,,0,0,0,0,0,1,0,1,0,0,0,0,0,0,0,0,0,15
James C Crumlish,,,,,,,,,0,0,0,0,0,0,0,0,0,0,0,0,0,0,0,0,15
Jon Marshall,,,,,,,,,,1,0,0,0,0,0,0,0,0,0,0,0,0,0,0,15
Kenneth J Powell Jr,,,,,,,,,,,0,0,0,0,0,0,0,0,0,0,0,0,0,0,15
Leon A King Ii,,,,,,,,,,,,0,0,0,0,0,0,0,0,0,0,0,0,0,15
Rania Major,,,,,,,,,,,,,0,0,1,0,0,0,0,0,0,0,0,0,15
Stephanie M Sawyer,,,,,,,,,,,,,,1,0,0,0,0,0,0,0,0,0,0,15
Tracy B Roman,,,,,,,,,,,,,,,0,0,0,0,0,0,0,0,0,0,15
Anne Marie Coyle,,,,,,,,,,,,,,,,0,0,0,0,0,0,0,0,0,15
Conor Corcoran,,,,,,,,,,,,,,,,,0,0,0,0,0,0,0,0,15
Daine A Grey Jr,,,,,,,,,,,,,,,,,,0,0,0,0,0,0,0,15
Derrick W Coker,,,,,,,,,,,,,,,,,,,0,0,0,0,0,0,15
Fran Shields,,,,,,,,,,,,,,,,,,,,0,0,0,0,0,15
Katie Scrivner,,,,,,,,,,,,,,,,,,,,,0,0,0,0,15
Sean P Stevens,,,,,,,,,,,,,,,,,,,,,,0,0,0,15
Sierra Thomas Street,,,,,,,,,,,,,,,,,,,,,,,0,0,15
Vince Giusini,,,,,,,,,,,,,,,,,,,,,,,,0,15
Total,8,5,5,4,3,2,1,1,1,1,1,1,1,1,1,0,0,0,0,0,0,0,0,0,15
,Judge Of The Court Of Common Pleas - Democrat,,,,,,,,,,,,,,,,,,,,,,,,16
,Frank Bennett,Timika Lane,Anne Marie Coyle,Daniel D Mccaffery,Joe Fernandes,Leon A King Ii,Sierra Thomas Street,Tracy B Roman,Conor Corcoran,Dawn M Tancredi,Deborah D Cianfrani,John J O Connor Jr,Kenneth J Powell Jr,Derrick W Coker,Giovanni Campbell,James C Crumlish,Rania Major,Sean P Stevens,Vince Giusini,Daine A Grey Jr,Fran Shields,Jon Marshall,Katie Scrivner,Stephanie M Sawyer,16
Frank Bennett,0,1,1,1,0,1,0,1,2,1,2,2,1,1,0,1,1,1,0,0,0,0,0,0,16
Timika Lane,,0,2,1,3,1,2,3,0,1,0,1,2,0,1,1,0,0,1,0,0,0,0,0,16
Anne Marie Coyle,,,0,0,2,0,2,2,0,0,0,0,1,0,0,0,0,1,1,0,0,0,0,0,16
Daniel D Mccaffery,,,,0,1,2,1,0,1,2,1,1,0,0,1,0,0,0,0,0,0,0,0,0,16
Joe Fernandes,,,,,0,1,2,2,0,1,0,0,1,0,1,0,0,0,1,0,0,0,0,0,16
Leon A King Ii,,,,,,0,1,0,1,1,1,0,0,1,1,0,1,0,0,0,0,0,0,0,16
Sierra Thomas Street,,,,,,,0,2,0,0,0,0,1,0,0,0,0,0,1,0,0,0,0,0,16
Tracy B Roman,,,,,,,,0,0,0,0,1,2,0,0,1,0,0,1,0,0,0,0,0,16
Conor Corcoran,,,,,,,,,0,1,2,1,0,1,0,0,1,0,0,0,0,0,0,0,16
Dawn M Tancredi,,,,,,,,,,0,1,1,0,0,1,0,0,0,0,0,0,0,0,0,16
Deborah D Cianfrani,,,,,,,,,,,0,1,0,1,0,0,1,0,0,0,0,0,0,0,16
John J O Connor Jr,,,,,,,,,,,,0,1,0,0,1,0,0,0,0,0,0,0,0,16
Kenneth J Powell Jr,,,,,,,,,,,,,0,0,0,1,0,0,0,0,0,0,0,0,16
Derrick W Coker,,,,,,,,,,,,,,0,0,0,1,0,0,0,0,0,0,0,16
Giovanni Campbell,,,,,,,,,,,,,,,0,0,0,0,0,0,0,0,0,0,16
James C Crumlish,,,,,,,,,,,,,,,,0,0,0,0,0,0,0,0,0,16
Rania Major,,,,,,,,,,,,,,,,,0,0,0,0,0,0,0,0,16
Sean P Stevens,,,,,,,,,,,,,,,,,,0,0,0,0,0,0,0,16
Vince Giusini,,,,,,,,,,,,,,,,,,,0,0,0,0,0,0,16
Daine A Grey Jr,,,,,,,,,,,,,,,,,,,,0,0,0,0,0,16
Fran Shields,,,,,,,,,,,,,,,,,,,,,0,0,0,0,16
Jon Marshall,,,,,,,,,,,,,,,,,,,,,,0,0,0,16
Katie Scrivner,,,,,,,,,,,,,,,,,,,,,,,0,0,16
Stephanie M Sawyer,,,,,,,,,,,,,,,,,,,,,,,,0,16
Total,4,4,3,3,3,3,3,3,2,2,2,2,2,1,1,1,1,1,1,0,0,0,0,0,16
,Judge Of The Court Of Common Pleas - Democrat,,,,,,,,,,,,,,,,,,,,,,,,17
,Timika Lane,Anne Marie Coyle,Dawn M Tancredi,Joe Fernandes,Daniel D Mccaffery,Leon A King Ii,Tracy B Roman,Giovanni Campbell,Daine A Grey Jr,Deborah D Cianfrani,Stephanie M Sawyer,Vince Giusini,Kenneth J Powell Jr,Rania Major,Sierra Thomas Street,Conor Corcoran,James C Crumlish,John J O Connor Jr,Jon Marshall,Derrick W Coker,Fran Shields,Frank Bennett,Katie Scrivner,Sean P Stevens,17
Timika Lane,1,4,6,7,4,3,4,4,2,1,1,2,0,1,2,0,0,0,0,0,0,0,0,0,17
Anne Marie Coyle,,1,4,4,3,2,5,1,3,3,2,1,2,1,2,0,1,1,1,0,0,0,0,0,17
Dawn M Tancredi,,,0,4,5,3,3,4,3,2,1,0,0,2,0,0,1,0,0,0,0,0,0,0,17
Joe Fernandes,,,,0,5,4,3,4,0,1,0,2,1,0,2,0,0,1,0,0,0,0,0,0,17
Daniel D Mccaffery,,,,,0,5,1,5,0,1,1,1,1,0,0,1,1,1,0,0,0,0,0,0,17
Leon A King Ii,,,,,,0,0,4,1,0,2,1,2,0,0,1,0,1,1,0,0,0,0,0,17
Tracy B Roman,,,,,,,0,0,2,3,1,2,0,1,2,0,1,0,0,0,0,0,0,0,17
Giovanni Campbell,,,,,,,,0,0,0,1,1,0,0,0,1,0,0,0,0,0,0,0,0,17
Daine A Grey Jr,,,,,,,,,0,1,2,0,1,2,0,0,0,0,1,0,0,0,0,0,17
Deborah D Cianfrani,,,,,,,,,,0,0,0,0,1,1,0,1,0,0,0,0,0,0,0,17
Stephanie M Sawyer,,,,,,,,,,,0,1,1,0,0,1,0,0,1,0,0,0,0,0,17
Vince Giusini,,,,,,,,,,,,0,0,0,1,1,0,0,0,0,0,0,0,0,17
Kenneth J Powell Jr,,,,,,,,,,,,,0,0,0,0,0,1,1,0,0,0,0,0,17
Rania Major,,,,,,,,,,,,,,0,0,0,0,0,0,0,0,0,0,0,17
Sierra Thomas Street,,,,,,,,,,,,,,,0,0,0,0,0,0,0,0,0,0,17
Conor Corcoran,,,,,,,,,,,,,,,,0,0,0,0,0,0,0,0,0,17
James C Crumlish,,,,,,,,,,,,,,,,,0,0,0,0,0,0,0,0,17
John J O Connor Jr,,,,,,,,,,,,,,,,,,0,0,0,0,0,0,0,17
Jon Marshall,,,,,,,,,,,,,,,,,,,0,0,0,0,0,0,17
Derrick W Coker,,,,,,,,,,,,,,,,,,,,0,0,0,0,0,17
Fran Shields,,,,,,,,,,,,,,,,,,,,,0,0,0,0,17
Frank Bennett,,,,,,,,,,,,,,,,,,,,,,0,0,0,17
Katie Scrivner,,,,,,,,,,,,,,,,,,,,,,,0,0,17
Sean P Stevens,,,,,,,,,,,,,,,,,,,,,,,,0,17
Total,10,9,8,8,7,6,6,5,4,3,3,3,2,2,2,1,1,1,1,0,0,0,0,0,17
,Judge Of The Court Of Common Pleas - Democrat,,,,,,,,,,,,,,,,,,,,,,,,18
,Joe Fernandes,Timika Lane,Daniel D Mccaffery,Anne Marie Coyle,Vince Giusini,John J O Connor Jr,Derrick W Coker,James C Crumlish,Dawn M Tancredi,Giovanni Campbell,Leon A King Ii,Sierra Thomas Street,Stephanie M Sawyer,Tracy B Roman,Conor Corcoran,Daine A Grey Jr,Frank Bennett,Kenneth J Powell Jr,Deborah D Cianfrani,Sean P Stevens,Fran Shields,Jon Marshall,Katie Scrivner,Rania Major,18
Joe Fernandes,3,5,4,4,4,1,2,2,2,1,2,1,1,2,0,1,0,0,0,1,0,0,0,0,18
Timika Lane,,2,3,4,4,1,2,1,1,2,2,3,2,3,0,0,1,1,0,1,0,0,0,0,18
Daniel D Mccaffery,,,1,2,3,2,2,1,3,2,2,0,2,2,2,2,0,1,0,1,0,0,0,0,18
Anne Marie Coyle,,,,0,5,3,2,1,1,0,2,2,0,2,0,0,0,0,0,0,0,0,0,0,18
Vince Giusini,,,,,0,3,3,2,1,1,1,2,0,2,1,1,0,0,0,0,0,0,0,0,18
John J O Connor Jr,,,,,,0,1,1,1,1,1,1,1,0,2,1,0,1,0,0,0,0,0,0,18
Derrick W Coker,,,,,,,0,2,0,0,0,1,0,1,0,1,0,0,0,0,0,0,0,0,18
James C Crumlish,,,,,,,,0,0,1,0,0,1,0,0,1,2,1,0,0,0,0,0,0,18
Dawn M Tancredi,,,,,,,,,0,2,2,0,0,0,1,0,0,0,0,0,0,0,0,0,18
Giovanni Campbell,,,,,,,,,,0,1,0,1,0,1,0,1,1,0,0,0,0,0,0,18
Leon A King Ii,,,,,,,,,,,0,1,0,0,0,0,0,0,0,0,0,0,0,0,18
Sierra Thomas Street,,,,,,,,,,,,0,0,1,0,0,0,0,0,0,0,0,0,0,18
Stephanie M Sawyer,,,,,,,,,,,,,0,1,1,1,1,2,0,1,0,0,0,0,18
Tracy B Roman,,,,,,,,,,,,,,0,0,0,0,0,0,1,0,0,0,0,18
Conor Corcoran,,,,,,,,,,,,,,,0,1,0,1,0,0,0,0,0,0,18
Daine A Grey Jr,,,,,,,,,,,,,,,,0,0,1,0,0,0,0,0,0,18
Frank Bennett,,,,,,,,,,,,,,,,,0,1,0,0,0,0,0,0,18
Kenneth J Powell Jr,,,,,,,,,,,,,,,,,,0,0,0,0,0,0,0,18
Deborah D Cianfrani,,,,,,,,,,,,,,,,,,,1,0,0,0,0,0,18
Sean P Stevens,,,,,,,,,,,,,,,,,,,,0,0,0,0,0,18
Fran Shields,,,,,,,,,,,,,,,,,,,,,0,0,0,0,18
Jon Marshall,,,,,,,,,,,,,,,,,,,,,,0,0,0,18
Katie Scrivner,,,,,,,,,,,,,,,,,,,,,,,0,0,18
Rania Major,,,,,,,,,,,,,,,,,,,,,,,,0,18
Total,11,11,8,7,7,5,4,4,3,3,3,3,3,3,2,2,2,2,1,1,0,0,0,0,18
,Judge Of The Court Of Common Pleas - Democrat,,,,,,,,,,,,,,,,,,,,,,,,19
,Daniel D Mccaffery,Joe Fernandes,Dawn M Tancredi,Timika Lane,Anne Marie Coyle,Deborah D Cianfrani,Tracy B Roman,Giovanni Campbell,John J O Connor Jr,Vince Giusini,James C Crumlish,Rania Major,Conor Corcoran,Daine A Grey Jr,Frank Bennett,Kenneth J Powell Jr,Leon A King Ii,Sierra Thomas Street,Stephanie M Sawyer,Derrick W Coker,Sean P Stevens,Fran Shields,Jon Marshall,Katie Scrivner,19
Daniel D Mccaffery,0,4,6,5,4,4,3,3,3,2,2,1,1,1,2,2,2,0,0,1,1,0,0,0,19
Joe Fernandes,,1,4,3,4,1,1,2,2,2,2,1,1,2,1,1,1,1,1,1,0,0,0,0,19
Dawn M Tancredi,,,0,4,3,2,3,2,2,2,1,2,1,1,0,1,2,0,1,0,0,0,0,0,19
Timika Lane,,,,0,2,2,3,3,1,2,0,2,1,0,1,0,2,1,1,0,1,0,0,0,19
Anne Marie Coyle,,,,,0,2,3,0,2,1,0,1,0,2,1,1,0,2,1,1,0,0,0,0,19
Deborah D Cianfrani,,,,,,0,1,2,2,2,0,1,0,0,1,1,0,0,1,1,1,0,0,0,19
Tracy B Roman,,,,,,,1,0,1,1,0,1,0,0,0,0,1,1,0,0,0,0,0,0,19
Giovanni Campbell,,,,,,,,0,0,2,1,1,0,0,1,0,1,0,1,0,1,0,0,0,19
John J O Connor Jr,,,,,,,,,0,0,1,0,2,0,0,0,0,0,0,1,0,0,0,0,19
Vince Giusini,,,,,,,,,,0,1,1,0,0,0,1,0,1,1,0,0,0,0,0,19
James C Crumlish,,,,,,,,,,,0,0,1,0,0,0,0,0,0,0,0,0,0,0,19
Rania Major,,,,,,,,,,,,0,0,1,0,0,1,0,2,0,0,0,0,0,19
Conor Corcoran,,,,,,,,,,,,,0,0,0,0,0,0,0,0,0,0,0,0,19
Daine A Grey Jr,,,,,,,,,,,,,,0,1,1,0,0,1,0,0,0,0,0,19
Frank Bennett,,,,,,,,,,,,,,,0,1,0,0,0,0,1,0,0,0,19
Kenneth J Powell Jr,,,,,,,,,,,,,,,,0,0,0,0,0,0,0,0,0,19
Leon A King Ii,,,,,,,,,,,,,,,,,0,0,0,0,0,0,0,0,19
Sierra Thomas Street,,,,,,,,,,,,,,,,,,0,0,0,0,0,0,0,19
Stephanie M Sawyer,,,,,,,,,,,,,,,,,,,0,0,0,0,0,0,19
Derrick W Coker,,,,,,,,,,,,,,,,,,,,0,0,0,0,0,19
Sean P Stevens,,,,,,,,,,,,,,,,,,,,,0,0,0,0,19
Fran Shields,,,,,,,,,,,,,,,,,,,,,,0,0,0,19
Jon Marshall,,,,,,,,,,,,,,,,,,,,,,,0,0,19
Katie Scrivner,,,,,,,,,,,,,,,,,,,,,,,,0,19
Total,11,9,8,8,7,5,5,4,4,4,3,3,2,2,2,2,2,2,2,1,1,0,0,0,19
,Judge Of The Court Of Common Pleas - Democrat,,,,,,,,,,,,,,,,,,,,,,,,20
,Anne Marie Coyle,Joe Fernandes,Timika Lane,Daniel D Mccaffery,Sierra Thomas Street,Tracy B Roman,Vince Giusini,Giovanni Campbell,Dawn M Tancredi,James C Crumlish,John J O Connor Jr,Kenneth J Powell Jr,Leon A King Ii,Stephanie M Sawyer,Conor Corcoran,Daine A Grey Jr,Deborah D Cianfrani,Derrick W Coker,Fran Shields,Frank Bennett,Jon Marshall,Katie Scrivner,Rania Major,Sean P Stevens,20
Anne Marie Coyle,1,4,3,3,3,3,3,1,0,1,1,1,0,1,0,0,0,0,0,0,0,0,0,0,20
Joe Fernandes,,0,4,2,3,3,3,2,1,1,0,1,1,0,0,0,0,0,0,0,0,0,0,0,20
Timika Lane,,,0,1,4,3,3,1,1,0,0,0,1,0,0,0,0,0,0,0,0,0,0,0,20
Daniel D Mccaffery,,,,0,0,0,0,2,1,1,1,1,1,1,0,0,0,0,0,0,0,0,0,0,20
Sierra Thomas Street,,,,,0,3,3,0,0,0,0,0,0,0,0,0,0,0,0,0,0,0,0,0,20
Tracy B Roman,,,,,,1,3,0,0,0,0,0,0,0,0,0,0,0,0,0,0,0,0,0,20
Vince Giusini,,,,,,,0,0,0,0,0,0,0,0,0,0,0,0,0,0,0,0,0,0,20
Giovanni Campbell,,,,,,,,0,1,1,0,1,1,0,0,0,0,0,0,0,0,0,0,0,20
Dawn M Tancredi,,,,,,,,,0,0,0,0,1,0,0,0,0,0,0,0,0,0,0,0,20
James C Crumlish,,,,,,,,,,0,0,1,0,0,0,0,0,0,0,0,0,0,0,0,20
John J O Connor Jr,,,,,,,,,,,0,0,0,0,0,0,0,0,0,0,0,0,0,0,20
Kenneth J Powell Jr,,,,,,,,,,,,0,0,0,0,0,0,0,0,0,0,0,0,0,20
Leon A King Ii,,,,,,,,,,,,,0,0,0,0,0,0,0,0,0,0,0,0,20
Stephanie M Sawyer,,,,,,,,,,,,,,0,0,0,0,0,0,0,0,0,0,0,20
Conor Corcoran,,,,,,,,,,,,,,,0,0,0,0,0,0,0,0,0,0,20
Daine A Grey Jr,,,,,,,,,,,,,,,,0,0,0,0,0,0,0,0,0,20
Deborah D Cianfrani,,,,,,,,,,,,,,,,,0,0,0,0,0,0,0,0,20
Derrick W Coker,,,,,,,,,,,,,,,,,,0,0,0,0,0,0,0,20
Fran Shields,,,,,,,,,,,,,,,,,,,0,0,0,0,0,0,20
Frank Bennett,,,,,,,,,,,,,,,,,,,,0,0,0,0,0,20
Jon Marshall,,,,,,,,,,,,,,,,,,,,,0,0,0,0,20
Katie Scrivner,,,,,,,,,,,,,,,,,,,,,,0,0,0,20
Rania Major,,,,,,,,,,,,,,,,,,,,,,,0,0,20
Sean P Stevens,,,,,,,,,,,,,,,,,,,,,,,,0,20
Total,7,5,5,4,4,4,3,2,1,1,1,1,1,1,0,0,0,0,0,0,0,0,0,0,20
,Judge Of The Court Of Common Pleas - Democrat,,,,,,,,,,,,,,,,,,,,,,,,21
,Anne Marie Coyle,Dawn M Tancredi,Daniel D Mccaffery,Tracy B Roman,Joe Fernandes,Timika Lane,Deborah D Cianfrani,Vince Giusini,James C Crumlish,Sierra Thomas Street,Giovanni Campbell,John J O Connor Jr,Conor Corcoran,Leon A King Ii,Stephanie M Sawyer,Frank Bennett,Sean P Stevens,Daine A Grey Jr,Jon Marshall,Derrick W Coker,Fran Shields,Katie Scrivner,Kenneth J Powell Jr,Rania Major,21
Anne Marie Coyle,2,6,5,8,6,6,3,5,2,4,1,2,1,0,2,2,0,1,0,0,0,0,0,0,21
Dawn M Tancredi,,0,10,5,6,5,5,2,5,0,4,2,2,3,1,2,1,0,1,0,0,0,0,0,21
Daniel D Mccaffery,,,0,5,5,5,5,2,3,0,4,2,1,2,1,1,1,0,0,0,0,0,0,0,21
Tracy B Roman,,,,0,6,6,4,5,2,4,1,1,1,1,2,0,1,1,0,0,0,0,0,0,21
Joe Fernandes,,,,,0,7,1,4,2,4,4,1,0,3,0,0,0,0,0,0,0,0,0,0,21
Timika Lane,,,,,,0,1,4,1,4,3,1,0,2,0,0,0,0,0,0,0,0,0,0,21
Deborah D Cianfrani,,,,,,,0,2,2,0,0,2,1,1,2,1,1,0,0,0,0,0,0,0,21
Vince Giusini,,,,,,,,0,0,4,0,0,0,0,1,1,0,0,0,0,0,0,0,0,21
James C Crumlish,,,,,,,,,0,0,0,1,2,1,0,0,1,0,1,0,0,0,0,0,21
Sierra Thomas Street,,,,,,,,,,1,0,0,0,0,0,0,0,0,0,0,0,0,0,0,21
Giovanni Campbell,,,,,,,,,,,0,1,0,2,0,0,0,0,0,0,0,0,0,0,21
John J O Connor Jr,,,,,,,,,,,,0,2,0,2,0,0,1,0,0,0,0,0,0,21
Conor Corcoran,,,,,,,,,,,,,0,0,1,0,1,1,1,0,0,0,0,0,21
Leon A King Ii,,,,,,,,,,,,,,0,0,0,0,0,0,0,0,0,0,0,21
Stephanie M Sawyer,,,,,,,,,,,,,,,0,0,0,1,0,0,0,0,0,0,21
Frank Bennett,,,,,,,,,,,,,,,,0,0,0,0,0,0,0,0,0,21
Sean P Stevens,,,,,,,,,,,,,,,,,0,0,1,0,0,0,0,0,21
Daine A Grey Jr,,,,,,,,,,,,,,,,,,0,0,0,0,0,0,0,21
Jon Marshall,,,,,,,,,,,,,,,,,,,0,0,0,0,0,0,21
Derrick W Coker,,,,,,,,,,,,,,,,,,,,0,0,0,0,0,21
Fran Shields,,,,,,,,,,,,,,,,,,,,,0,0,0,0,21
Katie Scrivner,,,,,,,,,,,,,,,,,,,,,,0,0,0,21
Kenneth J Powell Jr,,,,,,,,,,,,,,,,,,,,,,,0,0,21
Rania Major,,,,,,,,,,,,,,,,,,,,,,,,0,21
Total,14,13,11,11,10,9,7,6,5,5,4,4,3,3,3,2,2,1,1,0,0,0,0,0,21
,Judge Of The Court Of Common Pleas - Democrat,,,,,,,,,,,,,,,,,,,,,,,,22
,Vince Giusini,Joe Fernandes,Anne Marie Coyle,Dawn M Tancredi,Daniel D Mccaffery,Sierra Thomas Street,Timika Lane,Tracy B Roman,Giovanni Campbell,Deborah D Cianfrani,James C Crumlish,John J O Connor Jr,Conor Corcoran,Derrick W Coker,Daine A Grey Jr,Frank Bennett,Leon A King Ii,Sean P Stevens,Stephanie M Sawyer,Fran Shields,Jon Marshall,Katie Scrivner,Kenneth J Powell Jr,Rania Major,22
Vince Giusini,1,5,6,3,1,3,4,4,2,2,1,1,1,1,0,0,0,0,1,0,0,0,0,0,22
Joe Fernandes,,1,5,2,2,4,5,4,3,1,0,1,0,0,0,0,1,0,0,0,0,0,0,0,22
Anne Marie Coyle,,,0,1,1,4,4,5,3,1,1,1,1,1,0,0,0,0,1,0,0,0,0,0,22
Dawn M Tancredi,,,,1,4,0,1,1,1,3,1,0,1,0,0,1,1,1,0,0,0,0,0,0,22
Daniel D Mccaffery,,,,,0,2,1,1,2,1,2,1,0,1,1,1,1,1,0,0,0,0,0,0,22
Sierra Thomas Street,,,,,,0,3,4,1,0,1,1,0,1,1,0,0,0,0,0,0,0,0,0,22
Timika Lane,,,,,,,0,3,2,0,0,1,0,0,0,0,1,0,0,0,0,0,0,0,22
Tracy B Roman,,,,,,,,0,1,1,0,0,1,0,0,0,0,0,0,0,0,0,0,0,22
Giovanni Campbell,,,,,,,,,0,0,1,1,0,1,0,0,1,0,1,0,0,0,0,0,22
Deborah D Cianfrani,,,,,,,,,,0,1,0,1,0,0,1,0,1,0,0,0,0,0,0,22
James C Crumlish,,,,,,,,,,,0,1,0,2,1,1,0,1,1,0,0,0,0,0,22
John J O Connor Jr,,,,,,,,,,,,0,1,1,1,0,0,0,0,0,0,0,0,0,22
Conor Corcoran,,,,,,,,,,,,,0,0,0,0,0,0,0,0,0,0,0,0,22
Derrick W Coker,,,,,,,,,,,,,,0,1,0,0,0,1,0,0,0,0,0,22
Daine A Grey Jr,,,,,,,,,,,,,,,0,0,0,0,0,0,0,0,0,0,22
Frank Bennett,,,,,,,,,,,,,,,,0,0,1,0,0,0,0,0,0,22
Leon A King Ii,,,,,,,,,,,,,,,,,0,0,0,0,0,0,0,0,22
Sean P Stevens,,,,,,,,,,,,,,,,,,0,0,0,0,0,0,0,22
Stephanie M Sawyer,,,,,,,,,,,,,,,,,,,0,0,0,0,0,0,22
Fran Shields,,,,,,,,,,,,,,,,,,,,0,0,0,0,0,22
Jon Marshall,,,,,,,,,,,,,,,,,,,,,0,0,0,0,22
Katie Scrivner,,,,,,,,,,,,,,,,,,,,,,0,0,0,22
Kenneth J Powell Jr,,,,,,,,,,,,,,,,,,,,,,,0,0,22
Rania Major,,,,,,,,,,,,,,,,,,,,,,,,0,22
Total,9,8,7,7,6,5,5,5,4,3,3,3,2,2,1,1,1,1,1,0,0,0,0,0,22
,Judge Of The Court Of Common Pleas - Democrat,,,,,,,,,,,,,,,,,,,,,,,,All
,Anne Marie Coyle,Timika Lane,Daniel D Mccaffery,Joe Fernandes,Dawn M Tancredi,Tracy B Roman,Vince Giusini,Giovanni Campbell,Sierra Thomas Street,Leon A King Ii,Stephanie M Sawyer,James C Crumlish,John J O Connor Jr,Deborah D Cianfrani,Frank Bennett,Kenneth J Powell Jr,Conor Corcoran,Daine A Grey Jr,Derrick W Coker,Rania Major,Sean P Stevens,Jon Marshall,Fran Shields,Katie Scrivner,All
Anne Marie Coyle,13,71,55,69,47,64,60,22,50,11,25,21,26,26,11,12,7,13,5,6,2,2,0,0,All
Timika Lane,,9,52,87,53,58,43,43,44,33,14,11,10,10,5,11,1,3,5,5,3,0,0,0,All
Daniel D Mccaffery,,,7,51,72,27,28,55,8,36,22,19,29,24,15,16,15,9,4,2,5,3,0,0,All
Joe Fernandes,,,,10,48,47,49,40,39,32,9,20,10,6,4,6,3,6,5,1,3,2,0,0,All
Dawn M Tancredi,,,,,3,30,16,46,10,31,16,15,19,28,9,9,9,9,2,7,4,4,0,0,All
Tracy B Roman,,,,,,8,44,9,43,5,9,7,8,16,4,6,5,5,1,5,3,2,0,0,All
Vince Giusini,,,,,,,4,20,37,7,17,13,9,9,3,4,8,4,7,1,0,0,0,0,All
Giovanni Campbell,,,,,,,,3,5,30,16,14,12,7,5,9,6,3,4,2,3,1,0,0,All
Sierra Thomas Street,,,,,,,,,6,6,3,5,4,5,2,3,1,2,2,2,1,0,0,0,All
Leon A King Ii,,,,,,,,,,1,10,3,3,4,3,3,7,1,3,4,0,1,0,0,All
Stephanie M Sawyer,,,,,,,,,,,2,13,7,11,4,7,9,11,5,4,3,6,0,0,All
James C Crumlish,,,,,,,,,,,,0,9,8,6,4,4,8,5,0,7,4,0,0,All
John J O Connor Jr,,,,,,,,,,,,,0,10,5,9,11,7,3,0,0,0,0,0,All
Deborah D Cianfrani,,,,,,,,,,,,,,1,10,5,6,5,4,4,3,2,0,0,All
Frank Bennett,,,,,,,,,,,,,,,4,6,3,4,2,3,5,2,0,0,All
Kenneth J Powell Jr,,,,,,,,,,,,,,,,0,2,5,1,0,1,2,0,0,All
Conor Corcoran,,,,,,,,,,,,,,,,,0,4,2,3,1,3,0,0,All
Daine A Grey Jr,,,,,,,,,,,,,,,,,,0,3,4,3,3,0,0,All
Derrick W Coker,,,,,,,,,,,,,,,,,,,0,2,0,1,0,0,All
Rania Major,,,,,,,,,,,,,,,,,,,,2,0,0,0,0,All
Sean P Stevens,,,,,,,,,,,,,,,,,,,,,1,3,0,0,All
Jon Marshall,,,,,,,,,,,,,,,,,,,,,,2,0,0,All
Fran Shields,,,,,,,,,,,,,,,,,,,,,,,0,0,All
Katie Scrivner,,,,,,,,,,,,,,,,,,,,,,,,0,All
Total,155,142,136,135,108,93,88,79,67,52,50,47,47,43,30,26,24,24,15,14,13,11,0,0,All
