col_1,col_2,col_3,col_4,col_5,col_6,col_7,col_8,col_9,col_10,col_11,col_12,col_13,col_14,col_15,division
,Judge Of The Court Of Common Pleas,,,,,,,,,,,,,District Council 3rd District,1
,Ken Powell,Tracy B Roman,Mia Roberts Perez,Kai Scott,Abbe Fletman,Lyris Younge,Scott Diclaudio,Daine Grey Jr,Stephanie M Sawyer,Chris Mallios,Michael Fanning,Rainy Papademetriou,Vincent Furlong,Jannie L Blackwell,1
Ken Powell,5,48,46,47,45,45,40,40,40,37,39,38,2,0,1
Tracy B Roman,,1,45,46,43,44,38,38,39,39,39,39,1,0,1
Mia Roberts Perez,,,2,45,43,44,38,38,38,37,37,38,1,0,1
Kai Scott,,,,0,43,44,37,37,38,36,37,37,1,0,1
Abbe Fletman,,,,,0,43,37,38,39,37,38,38,2,0,1
Lyris Younge,,,,,,0,35,37,38,36,37,37,0,0,1
Scott Diclaudio,,,,,,,0,38,37,35,37,36,2,0,1
Daine Grey Jr,,,,,,,,0,39,36,38,37,1,0,1
Stephanie M Sawyer,,,,,,,,,0,37,39,38,1,0,1
Chris Mallios,,,,,,,,,,0,37,38,1,0,1
Michael Fanning,,,,,,,,,,,0,38,1,0,1
Rainy Papademetriou,,,,,,,,,,,,0,1,0,1
Vincent Furlong,,,,,,,,,,,,,4,0,1
Jannie L Blackwell,,,,,,,,,,,,,,0,1
Total,56,51,50,47,45,45,41,40,40,39,39,39,6,0,1
,Judge Of The Court Of Common Pleas,,,,,,,,,,,,,District Council 3rd District,2
,Tracy B Roman,Ken Powell,Kai Scott,Mia Roberts Perez,Lyris Younge,Abbe Fletman,Stephanie M Sawyer,Michael Fanning,Rainy Papademetriou,Chris Mallios,Daine Grey Jr,Scott Diclaudio,Vincent Furlong,Jannie L Blackwell,2
Tracy B Roman,5,76,77,78,78,76,71,69,69,68,68,68,2,0,2
Ken Powell,,6,77,75,75,77,70,70,69,68,68,68,2,0,2
Kai Scott,,,1,75,77,77,72,70,69,69,68,68,2,0,2
Mia Roberts Perez,,,,2,76,74,69,69,68,67,67,67,1,0,2
Lyris Younge,,,,,0,75,70,69,69,68,68,68,2,0,2
Abbe Fletman,,,,,,0,70,69,69,69,68,68,2,0,2
Stephanie M Sawyer,,,,,,,0,70,70,69,68,68,3,0,2
Michael Fanning,,,,,,,,0,69,68,68,68,2,0,2
Rainy Papademetriou,,,,,,,,,0,68,68,68,2,0,2
Chris Mallios,,,,,,,,,,0,67,67,2,0,2
Daine Grey Jr,,,,,,,,,,,0,67,2,0,2
Scott Diclaudio,,,,,,,,,,,,0,1,0,2
Vincent Furlong,,,,,,,,,,,,,1,0,2
Jannie L Blackwell,,,,,,,,,,,,,,0,2
Total,87,84,81,81,79,78,75,70,70,69,68,68,4,0,2
,Judge Of The Court Of Common Pleas,,,,,,,,,,,,,District Council 3rd District,3
,Ken Powell,Tracy B Roman,Mia Roberts Perez,Lyris Younge,Kai Scott,Abbe Fletman,Stephanie M Sawyer,Chris Mallios,Michael Fanning,Rainy Papademetriou,Scott Diclaudio,Daine Grey Jr,Vincent Furlong,Jannie L Blackwell,3
Ken Powell,6,132,131,127,127,127,112,111,112,110,112,109,3,0,3
Tracy B Roman,,4,129,127,127,127,113,112,109,111,110,108,3,0,3
Mia Roberts Perez,,,4,128,127,126,113,111,110,110,110,109,2,0,3
Lyris Younge,,,,2,127,125,110,111,108,110,109,108,1,0,3
Kai Scott,,,,,0,127,110,110,109,111,109,107,2,0,3
Abbe Fletman,,,,,,0,110,109,109,110,109,107,2,0,3
Stephanie M Sawyer,,,,,,,1,111,109,109,110,108,2,0,3
Chris Mallios,,,,,,,,0,108,110,111,108,2,0,3
Michael Fanning,,,,,,,,,1,108,108,107,3,0,3
Rainy Papademetriou,,,,,,,,,,2,109,107,2,0,3
Scott Diclaudio,,,,,,,,,,,1,108,2,0,3
Daine Grey Jr,,,,,,,,,,,,1,1,0,3
Vincent Furlong,,,,,,,,,,,,,0,0,3
Jannie L Blackwell,,,,,,,,,,,,,,0,3
Total,144,139,138,133,129,128,115,113,113,113,113,112,4,0,3
,District Council 3rd District,Judge Of The Court Of Common Pleas,,,,,,,,,,,,,4
,Jannie L Blackwell,Ken Powell,Lyris Younge,Kai Scott,Mia Roberts Perez,Abbe Fletman,Tracy B Roman,Chris Mallios,Daine Grey Jr,Michael Fanning,Rainy Papademetriou,Scott Diclaudio,Stephanie M Sawyer,Vincent Furlong,4
Jannie L Blackwell,5,114,104,103,103,103,96,95,95,95,95,95,95,1,4
Ken Powell,,0,101,102,101,102,95,94,94,94,94,94,94,1,4
Lyris Younge,,,0,101,103,101,96,94,94,94,94,94,94,0,4
Kai Scott,,,,1,102,102,96,95,95,95,95,95,95,1,4
Mia Roberts Perez,,,,,0,101,97,95,95,95,95,95,95,1,4
Abbe Fletman,,,,,,0,96,95,95,95,95,95,95,1,4
Tracy B Roman,,,,,,,1,92,92,92,92,92,92,1,4
Chris Mallios,,,,,,,,1,96,96,96,96,96,1,4
Daine Grey Jr,,,,,,,,,0,96,96,96,96,1,4
Michael Fanning,,,,,,,,,,0,96,96,96,1,4
Rainy Papademetriou,,,,,,,,,,,0,96,96,1,4
Scott Diclaudio,,,,,,,,,,,,0,96,1,4
Stephanie M Sawyer,,,,,,,,,,,,,0,1,4
Vincent Furlong,,,,,,,,,,,,,,0,4
Total,126,115,106,105,105,104,98,97,96,96,96,96,96,1,4
,Judge Of The Court Of Common Pleas,,,,,,,,,,,,,District Council 3rd District,5
,Ken Powell,Kai Scott,Tracy B Roman,Mia Roberts Perez,Lyris Younge,Abbe Fletman,Stephanie M Sawyer,Daine Grey Jr,Scott Diclaudio,Chris Mallios,Michael Fanning,Rainy Papademetriou,Vincent Furlong,Jannie L Blackwell,5
Ken Powell,4,132,131,133,129,128,123,121,122,121,121,118,2,0,5
Kai Scott,,4,128,130,128,127,122,121,121,121,121,118,2,0,5
Tracy B Roman,,,3,131,127,128,121,121,120,120,120,117,2,0,5
Mia Roberts Perez,,,,1,127,128,122,121,120,120,120,118,2,0,5
Lyris Younge,,,,,1,127,121,120,120,120,120,117,2,0,5
Abbe Fletman,,,,,,0,121,121,120,120,120,117,2,0,5
Stephanie M Sawyer,,,,,,,0,123,122,122,122,119,2,0,5
Daine Grey Jr,,,,,,,,0,122,122,122,119,2,0,5
Scott Diclaudio,,,,,,,,,0,122,122,119,2,0,5
Chris Mallios,,,,,,,,,,0,122,119,2,0,5
Michael Fanning,,,,,,,,,,,0,119,2,0,5
Rainy Papademetriou,,,,,,,,,,,,0,0,0,5
Vincent Furlong,,,,,,,,,,,,,2,0,5
Jannie L Blackwell,,,,,,,,,,,,,,0,5
Total,141,136,136,135,131,129,125,123,123,122,122,119,4,0,5
,Judge Of The Court Of Common Pleas,,,,,,,,,,,,,District Council 3rd District,6
,Mia Roberts Perez,Ken Powell,Tracy B Roman,Abbe Fletman,Kai Scott,Lyris Younge,Daine Grey Jr,Chris Mallios,Stephanie M Sawyer,Michael Fanning,Rainy Papademetriou,Scott Diclaudio,Vincent Furlong,Jannie L Blackwell,6
Mia Roberts Perez,5,45,47,45,43,44,40,39,39,38,39,39,3,0,6
Ken Powell,,5,45,46,44,45,40,39,40,39,39,39,2,0,6
Tracy B Roman,,,4,45,43,44,40,39,39,38,39,39,3,0,6
Abbe Fletman,,,,0,44,45,40,39,40,39,39,39,2,0,6
Kai Scott,,,,,1,43,39,38,39,38,38,38,2,0,6
Lyris Younge,,,,,,0,39,38,39,38,38,38,1,0,6
Daine Grey Jr,,,,,,,0,39,40,39,39,39,3,0,6
Chris Mallios,,,,,,,,1,39,38,39,39,2,0,6
Stephanie M Sawyer,,,,,,,,,0,39,39,39,2,0,6
Michael Fanning,,,,,,,,,,0,38,38,1,0,6
Rainy Papademetriou,,,,,,,,,,,0,39,2,0,6
Scott Diclaudio,,,,,,,,,,,,0,2,0,6
Vincent Furlong,,,,,,,,,,,,,2,0,6
Jannie L Blackwell,,,,,,,,,,,,,,0,6
Total,52,51,51,46,45,45,41,40,40,39,39,39,5,0,6
,Judge Of The Court Of Common Pleas,,,,,,,,,,,,,District Council 3rd District,7
,Kai Scott,Ken Powell,Lyris Younge,Tracy B Roman,Mia Roberts Perez,Abbe Fletman,Stephanie M Sawyer,Rainy Papademetriou,Daine Grey Jr,Chris Mallios,Michael Fanning,Scott Diclaudio,Vincent Furlong,Jannie L Blackwell,7
Kai Scott,5,80,81,79,79,78,65,66,65,63,63,59,3,0,7
Ken Powell,,8,80,78,75,76,63,62,62,62,61,58,3,0,7
Lyris Younge,,,1,78,76,75,67,66,66,63,64,61,3,0,7
Tracy B Roman,,,,4,76,76,60,61,61,60,62,58,3,0,7
Mia Roberts Perez,,,,,0,74,64,64,65,63,63,60,3,0,7
Abbe Fletman,,,,,,3,61,63,62,62,63,58,3,0,7
Stephanie M Sawyer,,,,,,,2,65,66,63,62,60,2,0,7
Rainy Papademetriou,,,,,,,,0,66,63,63,59,2,0,7
Daine Grey Jr,,,,,,,,,0,63,63,60,3,0,7
Chris Mallios,,,,,,,,,,0,62,58,2,0,7
Michael Fanning,,,,,,,,,,,0,59,3,0,7
Scott Diclaudio,,,,,,,,,,,,0,2,0,7
Vincent Furlong,,,,,,,,,,,,,1,0,7
Jannie L Blackwell,,,,,,,,,,,,,,0,7
Total,92,92,88,87,82,81,70,68,67,64,64,62,4,0,7
,Judge Of The Court Of Common Pleas,,,,,,,,,,,,,District Council 3rd District,8
,Ken Powell,Lyris Younge,Tracy B Roman,Kai Scott,Mia Roberts Perez,Abbe Fletman,Michael Fanning,Stephanie M Sawyer,Chris Mallios,Daine Grey Jr,Rainy Papademetriou,Scott Diclaudio,Vincent Furlong,Jannie L Blackwell,8
Ken Powell,7,66,65,66,66,64,57,56,56,56,56,55,6,0,8
Lyris Younge,,1,65,66,66,64,56,56,56,56,56,54,4,0,8
Tracy B Roman,,,2,64,64,62,57,56,56,56,56,55,5,0,8
Kai Scott,,,,0,67,65,56,56,56,56,56,54,4,0,8
Mia Roberts Perez,,,,,0,65,56,56,56,56,56,54,4,0,8
Abbe Fletman,,,,,,0,54,54,54,54,54,52,3,0,8
Michael Fanning,,,,,,,0,56,56,56,56,55,5,0,8
Stephanie M Sawyer,,,,,,,,1,56,56,56,54,4,0,8
Chris Mallios,,,,,,,,,0,56,56,54,4,0,8
Daine Grey Jr,,,,,,,,,,0,56,54,4,0,8
Rainy Papademetriou,,,,,,,,,,,0,54,4,0,8
Scott Diclaudio,,,,,,,,,,,,0,3,0,8
Vincent Furlong,,,,,,,,,,,,,0,0,8
Jannie L Blackwell,,,,,,,,,,,,,,0,8
Total,75,68,68,67,67,66,57,57,56,56,56,55,7,0,8
,Judge Of The Court Of Common Pleas,,,,,,,,,,,,,District Council 3rd District,9
,Tracy B Roman,Ken Powell,Mia Roberts Perez,Kai Scott,Lyris Younge,Abbe Fletman,Michael Fanning,Rainy Papademetriou,Stephanie M Sawyer,Chris Mallios,Daine Grey Jr,Scott Diclaudio,Vincent Furlong,Jannie L Blackwell,9
Tracy B Roman,6,84,81,80,79,79,61,61,60,59,60,58,3,0,9
Ken Powell,,5,82,80,79,79,61,60,59,59,60,59,3,0,9
Mia Roberts Perez,,,2,78,78,78,61,59,59,59,60,59,3,0,9
Kai Scott,,,,2,77,78,58,57,58,56,58,57,1,0,9
Lyris Younge,,,,,3,78,59,58,58,57,58,58,2,0,9
Abbe Fletman,,,,,,0,59,58,58,57,58,58,2,0,9
Michael Fanning,,,,,,,0,60,59,60,59,59,3,0,9
Rainy Papademetriou,,,,,,,,0,58,59,59,58,3,0,9
Stephanie M Sawyer,,,,,,,,,1,57,58,57,1,0,9
Chris Mallios,,,,,,,,,,0,58,58,3,0,9
Daine Grey Jr,,,,,,,,,,,0,58,3,0,9
Scott Diclaudio,,,,,,,,,,,,1,2,0,9
Vincent Furlong,,,,,,,,,,,,,2,0,9
Jannie L Blackwell,,,,,,,,,,,,,,0,9
Total,91,90,84,82,82,79,62,61,61,60,60,60,5,0,9
,Judge Of The Court Of Common Pleas,,,,,,,,,,,,,District Council 3rd District,10
,Kai Scott,Tracy B Roman,Ken Powell,Abbe Fletman,Mia Roberts Perez,Lyris Younge,Stephanie M Sawyer,Chris Mallios,Daine Grey Jr,Michael Fanning,Scott Diclaudio,Rainy Papademetriou,Vincent Furlong,Jannie L Blackwell,10
Kai Scott,1,43,43,42,42,41,40,39,39,39,39,38,2,0,10
Tracy B Roman,,2,42,41,41,41,40,39,39,39,39,38,2,0,10
Ken Powell,,,2,41,42,41,40,39,39,39,39,38,2,0,10
Abbe Fletman,,,,0,41,40,38,38,38,37,38,38,1,0,10
Mia Roberts Perez,,,,,1,41,39,39,39,38,39,38,2,0,10
Lyris Younge,,,,,,0,39,39,39,38,39,38,2,0,10
Stephanie M Sawyer,,,,,,,0,39,39,39,39,38,2,0,10
Chris Mallios,,,,,,,,0,39,38,39,38,2,0,10
Daine Grey Jr,,,,,,,,,0,38,39,38,2,0,10
Michael Fanning,,,,,,,,,,0,38,37,1,0,10
Scott Diclaudio,,,,,,,,,,,0,38,2,0,10
Rainy Papademetriou,,,,,,,,,,,,0,1,0,10
Vincent Furlong,,,,,,,,,,,,,0,0,10
Jannie L Blackwell,,,,,,,,,,,,,,0,10
Total,46,46,45,43,43,41,40,39,39,39,39,38,2,0,10
,Judge Of The Court Of Common Pleas,,,,,,,,,,,,,District Council 3rd District,11
,Tracy B Roman,Kai Scott,Ken Powell,Mia Roberts Perez,Lyris Younge,Abbe Fletman,Stephanie M Sawyer,Chris Mallios,Daine Grey Jr,Michael Fanning,Rainy Papademetriou,Scott Diclaudio,Vincent Furlong,Jannie L Blackwell,11
Tracy B Roman,3,71,71,71,69,69,64,63,62,62,62,61,3,0,11
Kai Scott,,1,71,72,69,69,65,65,64,64,64,63,4,0,11
Ken Powell,,,1,71,70,71,64,63,62,62,62,62,3,0,11
Mia Roberts Perez,,,,0,69,70,64,63,63,63,62,62,3,0,11
Lyris Younge,,,,,1,69,63,62,62,62,61,62,2,0,11
Abbe Fletman,,,,,,0,62,62,62,62,61,62,2,0,11
Stephanie M Sawyer,,,,,,,2,64,63,63,63,62,2,0,11
Chris Mallios,,,,,,,,0,64,64,64,63,3,0,11
Daine Grey Jr,,,,,,,,,0,64,63,63,3,0,11
Michael Fanning,,,,,,,,,,0,63,63,3,0,11
Rainy Papademetriou,,,,,,,,,,,0,62,2,0,11
Scott Diclaudio,,,,,,,,,,,,0,2,0,11
Vincent Furlong,,,,,,,,,,,,,1,0,11
Jannie L Blackwell,,,,,,,,,,,,,,0,11
Total,76,75,75,73,72,71,67,65,64,64,64,63,6,0,11
,Judge Of The Court Of Common Pleas,,,,,,,,,,,,,District Council 3rd District,12
,Mia Roberts Perez,Ken Powell,Kai Scott,Lyris Younge,Tracy B Roman,Abbe Fletman,Stephanie M Sawyer,Daine Grey Jr,Scott Diclaudio,Chris Mallios,Michael Fanning,Rainy Papademetriou,Vincent Furlong,Jannie L Blackwell,12
Mia Roberts Perez,1,47,48,45,46,42,35,35,33,33,33,33,1,0,12
Ken Powell,,4,44,44,42,41,33,33,32,32,31,32,1,0,12
Kai Scott,,,1,43,44,41,34,33,31,31,31,31,2,0,12
Lyris Younge,,,,1,43,42,33,33,33,33,32,33,1,0,12
Tracy B Roman,,,,,0,41,33,33,32,32,32,32,1,0,12
Abbe Fletman,,,,,,2,31,31,31,31,30,31,0,0,12
Stephanie M Sawyer,,,,,,,2,34,33,33,32,33,2,0,12
Daine Grey Jr,,,,,,,,0,33,33,33,33,1,0,12
Scott Diclaudio,,,,,,,,,1,33,32,33,1,0,12
Chris Mallios,,,,,,,,,,0,32,33,1,0,12
Michael Fanning,,,,,,,,,,,0,32,1,0,12
Rainy Papademetriou,,,,,,,,,,,,0,1,0,12
Vincent Furlong,,,,,,,,,,,,,2,0,12
Jannie L Blackwell,,,,,,,,,,,,,,0,12
Total,53,51,50,46,46,44,38,35,34,33,33,33,4,0,12
,Judge Of The Court Of Common Pleas,,,,,,,,,,,,,District Council 3rd District,13
,Ken Powell,Kai Scott,Mia Roberts Perez,Tracy B Roman,Lyris Younge,Abbe Fletman,Stephanie M Sawyer,Michael Fanning,Rainy Papademetriou,Scott Diclaudio,Chris Mallios,Daine Grey Jr,Vincent Furlong,Jannie L Blackwell,13
Ken Powell,6,68,70,67,68,66,57,57,56,57,56,55,4,0,13
Kai Scott,,2,68,67,69,68,57,57,58,57,56,56,4,0,13
Mia Roberts Perez,,,1,67,68,65,59,57,57,57,57,57,5,0,13
Tracy B Roman,,,,2,66,65,56,54,55,56,54,55,5,0,13
Lyris Younge,,,,,0,66,57,57,56,56,56,55,4,0,13
Abbe Fletman,,,,,,1,54,54,55,54,53,53,3,0,13
Stephanie M Sawyer,,,,,,,1,57,56,56,57,57,5,0,13
Michael Fanning,,,,,,,,0,55,56,56,56,3,0,13
Rainy Papademetriou,,,,,,,,,0,56,55,55,3,0,13
Scott Diclaudio,,,,,,,,,,0,55,56,3,0,13
Chris Mallios,,,,,,,,,,,0,55,3,0,13
Daine Grey Jr,,,,,,,,,,,,0,4,0,13
Vincent Furlong,,,,,,,,,,,,,0,0,13
Jannie L Blackwell,,,,,,,,,,,,,,0,13
Total,79,74,74,72,70,69,60,58,58,58,57,57,5,0,13
,District Council 3rd District,Judge Of The Court Of Common Pleas,,,,,,,,,,,,,14
,Jannie L Blackwell,Tracy B Roman,Ken Powell,Mia Roberts Perez,Abbe Fletman,Kai Scott,Lyris Younge,Stephanie M Sawyer,Chris Mallios,Daine Grey Jr,Michael Fanning,Rainy Papademetriou,Scott Diclaudio,Vincent Furlong,14
Jannie L Blackwell,6,77,72,72,69,71,68,60,60,59,58,56,56,5,14
Tracy B Roman,,0,71,72,72,72,70,60,60,59,58,56,56,6,14
Ken Powell,,,1,69,69,69,67,58,59,57,58,56,56,6,14
Mia Roberts Perez,,,,0,71,69,69,58,58,58,57,56,55,5,14
Abbe Fletman,,,,,0,70,69,57,57,58,56,56,54,5,14
Kai Scott,,,,,,0,67,57,58,58,56,56,54,5,14
Lyris Younge,,,,,,,0,58,57,57,56,55,54,5,14
Stephanie M Sawyer,,,,,,,,0,59,58,57,55,55,5,14
Chris Mallios,,,,,,,,,0,58,58,56,56,5,14
Daine Grey Jr,,,,,,,,,,0,56,56,54,4,14
Michael Fanning,,,,,,,,,,,0,56,55,4,14
Rainy Papademetriou,,,,,,,,,,,,0,53,3,14
Scott Diclaudio,,,,,,,,,,,,,0,2,14
Vincent Furlong,,,,,,,,,,,,,,2,14
Total,92,81,75,75,73,73,71,61,60,60,58,56,56,8,14
,Judge Of The Court Of Common Pleas,,,,,,,,,,,,,District Council 3rd District,15
,Tracy B Roman,Mia Roberts Perez,Ken Powell,Abbe Fletman,Kai Scott,Lyris Younge,Chris Mallios,Michael Fanning,Rainy Papademetriou,Scott Diclaudio,Stephanie M Sawyer,Daine Grey Jr,Vincent Furlong,Jannie L Blackwell,15
Tracy B Roman,9,32,33,33,33,33,26,26,26,26,26,25,1,0,15
Mia Roberts Perez,,5,32,32,32,32,25,25,25,25,25,24,1,0,15
Ken Powell,,,2,33,33,33,26,26,26,26,26,25,1,0,15
Abbe Fletman,,,,0,33,33,26,26,26,26,26,25,1,0,15
Kai Scott,,,,,0,33,26,26,26,26,26,25,1,0,15
Lyris Younge,,,,,,0,26,26,26,26,26,25,1,0,15
Chris Mallios,,,,,,,1,26,26,26,26,25,1,0,15
Michael Fanning,,,,,,,,0,26,26,26,25,1,0,15
Rainy Papademetriou,,,,,,,,,0,26,26,25,1,0,15
Scott Diclaudio,,,,,,,,,,0,26,25,1,0,15
Stephanie M Sawyer,,,,,,,,,,,0,25,1,0,15
Daine Grey Jr,,,,,,,,,,,,0,0,0,15
Vincent Furlong,,,,,,,,,,,,,1,0,15
Jannie L Blackwell,,,,,,,,,,,,,,0,15
Total,42,37,35,33,33,33,27,26,26,26,26,25,2,0,15
,Judge Of The Court Of Common Pleas,,,,,,,,,,,,,District Council 3rd District,16
,Ken Powell,Tracy B Roman,Mia Roberts Perez,Lyris Younge,Abbe Fletman,Kai Scott,Scott Diclaudio,Daine Grey Jr,Michael Fanning,Stephanie M Sawyer,Chris Mallios,Rainy Papademetriou,Vincent Furlong,Jannie L Blackwell,16
Ken Powell,5,46,46,44,45,43,30,29,30,29,28,28,2,0,16
Tracy B Roman,,3,48,44,45,44,30,30,30,30,29,29,2,0,16
Mia Roberts Perez,,,1,44,46,44,31,31,30,31,29,29,3,0,16
Lyris Younge,,,,2,45,44,29,30,30,29,28,29,1,0,16
Abbe Fletman,,,,,0,44,30,31,30,30,28,29,2,0,16
Kai Scott,,,,,,2,27,29,28,28,27,28,0,0,16
Scott Diclaudio,,,,,,,1,29,30,30,28,28,3,0,16
Daine Grey Jr,,,,,,,,0,29,30,28,29,2,0,16
Michael Fanning,,,,,,,,,0,29,28,29,1,0,16
Stephanie M Sawyer,,,,,,,,,,0,29,29,3,0,16
Chris Mallios,,,,,,,,,,,0,28,2,0,16
Rainy Papademetriou,,,,,,,,,,,,0,1,0,16
Vincent Furlong,,,,,,,,,,,,,0,0,16
Jannie L Blackwell,,,,,,,,,,,,,,0,16
Total,52,51,50,48,47,47,33,31,31,31,29,29,3,0,16
,Judge Of The Court Of Common Pleas,,,,,,,,,,,,,District Council 3rd District,17
,Tracy B Roman,Kai Scott,Ken Powell,Mia Roberts Perez,Lyris Younge,Abbe Fletman,Michael Fanning,Chris Mallios,Daine Grey Jr,Rainy Papademetriou,Scott Diclaudio,Stephanie M Sawyer,Vincent Furlong,Jannie L Blackwell,17
Tracy B Roman,5,48,48,48,48,47,41,41,41,41,41,41,0,0,17
Kai Scott,,3,47,48,48,47,42,41,41,41,41,41,0,0,17
Ken Powell,,,4,47,47,46,40,40,40,40,40,40,0,0,17
Mia Roberts Perez,,,,3,48,47,41,41,41,41,41,41,0,0,17
Lyris Younge,,,,,0,47,42,41,41,41,41,41,0,0,17
Abbe Fletman,,,,,,0,41,41,41,41,41,41,0,0,17
Michael Fanning,,,,,,,0,41,41,41,41,41,0,0,17
Chris Mallios,,,,,,,,0,41,41,41,41,0,0,17
Daine Grey Jr,,,,,,,,,0,41,41,41,0,0,17
Rainy Papademetriou,,,,,,,,,,0,41,41,0,0,17
Scott Diclaudio,,,,,,,,,,,0,41,0,0,17
Stephanie M Sawyer,,,,,,,,,,,,0,0,0,17
Vincent Furlong,,,,,,,,,,,,,5,0,17
Jannie L Blackwell,,,,,,,,,,,,,,0,17
Total,54,52,52,51,49,47,43,41,41,41,41,41,5,0,17
,Judge Of The Court Of Common Pleas,,,,,,,,,,,,,District Council 3rd District,18
,Tracy B Roman,Ken Powell,Abbe Fletman,Lyris Younge,Mia Roberts Perez,Kai Scott,Michael Fanning,Rainy Papademetriou,Chris Mallios,Daine Grey Jr,Stephanie M Sawyer,Scott Diclaudio,Vincent Furlong,Jannie L Blackwell,18
Tracy B Roman,4,33,33,33,32,32,30,30,29,30,30,29,1,0,18
Ken Powell,,2,34,33,32,32,30,30,29,29,29,28,1,0,18
Abbe Fletman,,,0,33,32,32,30,30,29,29,29,28,1,0,18
Lyris Younge,,,,1,32,32,29,29,28,29,29,28,1,0,18
Mia Roberts Perez,,,,,1,31,29,29,28,29,29,28,1,0,18
Kai Scott,,,,,,0,28,28,28,28,28,28,0,0,18
Michael Fanning,,,,,,,0,31,30,30,30,29,1,0,18
Rainy Papademetriou,,,,,,,,0,30,30,30,29,1,0,18
Chris Mallios,,,,,,,,,0,29,29,29,0,0,18
Daine Grey Jr,,,,,,,,,,0,30,29,1,0,18
Stephanie M Sawyer,,,,,,,,,,,0,29,1,0,18
Scott Diclaudio,,,,,,,,,,,,0,0,0,18
Vincent Furlong,,,,,,,,,,,,,2,0,18
Jannie L Blackwell,,,,,,,,,,,,,,0,18
Total,38,36,34,34,33,32,31,31,30,30,30,29,3,0,18
,Judge Of The Court Of Common Pleas,,,,,,,,,,,,,District Council 3rd District,19
,Tracy B Roman,Kai Scott,Ken Powell,Mia Roberts Perez,Lyris Younge,Stephanie M Sawyer,Chris Mallios,Daine Grey Jr,Abbe Fletman,Scott Diclaudio,Michael Fanning,Rainy Papademetriou,Vincent Furlong,Jannie L Blackwell,19
Tracy B Roman,4,39,37,38,37,37,36,36,35,36,34,31,3,0,19
Kai Scott,,0,37,39,38,37,36,37,36,35,34,32,2,0,19
Ken Powell,,,2,36,36,35,34,35,34,33,34,31,2,0,19
Mia Roberts Perez,,,,0,39,36,36,36,36,35,34,32,2,0,19
Lyris Younge,,,,,0,35,35,36,36,34,34,32,2,0,19
Stephanie M Sawyer,,,,,,0,37,36,34,36,35,32,3,0,19
Chris Mallios,,,,,,,0,35,34,36,35,32,3,0,19
Daine Grey Jr,,,,,,,,0,34,34,34,32,2,0,19
Abbe Fletman,,,,,,,,,0,33,33,31,2,0,19
Scott Diclaudio,,,,,,,,,,0,34,31,3,0,19
Michael Fanning,,,,,,,,,,,0,31,3,0,19
Rainy Papademetriou,,,,,,,,,,,,0,0,0,19
Vincent Furlong,,,,,,,,,,,,,4,0,19
Jannie L Blackwell,,,,,,,,,,,,,,0,19
Total,44,40,40,40,39,38,37,37,36,36,35,32,7,0,19
,Judge Of The Court Of Common Pleas,,,,,,,,,,,,,District Council 3rd District,20
,Ken Powell,Mia Roberts Perez,Abbe Fletman,Tracy B Roman,Kai Scott,Lyris Younge,Chris Mallios,Daine Grey Jr,Michael Fanning,Scott Diclaudio,Stephanie M Sawyer,Rainy Papademetriou,Vincent Furlong,Jannie L Blackwell,20
Ken Powell,3,29,29,30,27,28,24,23,24,23,24,23,0,0,20
Mia Roberts Perez,,1,29,29,29,29,24,24,24,23,24,23,0,0,20
Abbe Fletman,,,1,29,29,30,23,24,23,23,23,23,0,0,20
Tracy B Roman,,,,1,27,28,23,23,23,23,23,23,0,0,20
Kai Scott,,,,,1,29,22,23,22,22,22,22,0,0,20
Lyris Younge,,,,,,0,23,24,23,23,23,23,0,0,20
Chris Mallios,,,,,,,0,23,24,23,24,23,0,0,20
Daine Grey Jr,,,,,,,,0,23,23,23,23,0,0,20
Michael Fanning,,,,,,,,,0,23,24,23,0,0,20
Scott Diclaudio,,,,,,,,,,1,23,23,0,0,20
Stephanie M Sawyer,,,,,,,,,,,0,23,0,0,20
Rainy Papademetriou,,,,,,,,,,,,0,0,0,20
Vincent Furlong,,,,,,,,,,,,,3,0,20
Jannie L Blackwell,,,,,,,,,,,,,,0,20
Total,34,33,32,32,31,30,24,24,24,24,24,23,3,0,20
,Judge Of The Court Of Common Pleas,,,,,,,,,,,,,District Council 3rd District,21
,Ken Powell,Abbe Fletman,Kai Scott,Lyris Younge,Mia Roberts Perez,Tracy B Roman,Rainy Papademetriou,Chris Mallios,Daine Grey Jr,Michael Fanning,Stephanie M Sawyer,Scott Diclaudio,Vincent Furlong,Jannie L Blackwell,21
Ken Powell,2,37,37,37,36,35,29,30,30,30,30,29,1,0,21
Abbe Fletman,,0,38,37,36,35,30,30,30,30,30,29,1,0,21
Kai Scott,,,0,37,36,35,30,30,30,30,30,29,1,0,21
Lyris Younge,,,,1,36,35,29,30,30,30,30,29,1,0,21
Mia Roberts Perez,,,,,1,34,28,29,29,29,29,28,1,0,21
Tracy B Roman,,,,,,1,27,28,28,28,28,28,1,0,21
Rainy Papademetriou,,,,,,,1,29,29,29,29,28,0,0,21
Chris Mallios,,,,,,,,0,30,30,30,29,1,0,21
Daine Grey Jr,,,,,,,,,0,30,30,29,1,0,21
Michael Fanning,,,,,,,,,,0,30,29,1,0,21
Stephanie M Sawyer,,,,,,,,,,,0,29,1,0,21
Scott Diclaudio,,,,,,,,,,,,0,1,0,21
Vincent Furlong,,,,,,,,,,,,,1,0,21
Jannie L Blackwell,,,,,,,,,,,,,,0,21
Total,39,38,38,38,37,36,31,30,30,30,30,29,2,0,21
,Judge Of The Court Of Common Pleas,,,,,,,,,,,,,District Council 3rd District,22
,Ken Powell,Tracy B Roman,Kai Scott,Lyris Younge,Abbe Fletman,Mia Roberts Perez,Chris Mallios,Daine Grey Jr,Michael Fanning,Scott Diclaudio,Stephanie M Sawyer,Rainy Papademetriou,Vincent Furlong,Jannie L Blackwell,22
Ken Powell,4,63,63,62,62,62,57,57,57,57,57,56,1,0,22
Tracy B Roman,,1,63,62,62,62,57,57,57,57,57,56,1,0,22
Kai Scott,,,0,62,62,62,57,57,57,57,57,56,1,0,22
Lyris Younge,,,,1,62,62,57,57,57,57,57,56,1,0,22
Abbe Fletman,,,,,0,62,57,57,57,57,57,56,1,0,22
Mia Roberts Perez,,,,,,0,57,57,57,57,57,56,1,0,22
Chris Mallios,,,,,,,0,57,57,57,57,56,1,0,22
Daine Grey Jr,,,,,,,,0,57,57,57,56,1,0,22
Michael Fanning,,,,,,,,,0,57,57,56,1,0,22
Scott Diclaudio,,,,,,,,,,0,57,56,1,0,22
Stephanie M Sawyer,,,,,,,,,,,0,56,1,0,22
Rainy Papademetriou,,,,,,,,,,,,0,0,0,22
Vincent Furlong,,,,,,,,,,,,,5,0,22
Jannie L Blackwell,,,,,,,,,,,,,,0,22
Total,67,64,63,63,62,62,57,57,57,57,57,56,6,0,22
,Judge Of The Court Of Common Pleas,,,,,,,,,,,,,District Council 3rd District,23
,Tracy B Roman,Ken Powell,Kai Scott,Mia Roberts Perez,Lyris Younge,Abbe Fletman,Stephanie M Sawyer,Daine Grey Jr,Michael Fanning,Rainy Papademetriou,Scott Diclaudio,Chris Mallios,Vincent Furlong,Jannie L Blackwell,23
Tracy B Roman,7,48,49,49,48,47,42,42,41,40,40,39,3,0,23
Ken Powell,,4,49,49,48,47,41,41,41,40,40,39,3,0,23
Kai Scott,,,3,48,48,47,41,41,41,40,40,39,3,0,23
Mia Roberts Perez,,,,1,47,46,42,42,41,40,40,39,3,0,23
Lyris Younge,,,,,1,47,41,41,41,40,40,39,3,0,23
Abbe Fletman,,,,,,1,41,41,41,40,40,39,3,0,23
Stephanie M Sawyer,,,,,,,1,42,41,40,40,39,3,0,23
Daine Grey Jr,,,,,,,,0,41,40,40,39,3,0,23
Michael Fanning,,,,,,,,,0,40,40,39,3,0,23
Rainy Papademetriou,,,,,,,,,,0,39,38,2,0,23
Scott Diclaudio,,,,,,,,,,,0,38,2,0,23
Chris Mallios,,,,,,,,,,,,0,2,0,23
Vincent Furlong,,,,,,,,,,,,,2,0,23
Jannie L Blackwell,,,,,,,,,,,,,,0,23
Total,57,55,53,52,49,48,43,42,41,40,40,39,5,0,23
,Judge Of The Court Of Common Pleas,,,,,,,,,,,,,District Council 3rd District,24
,Ken Powell,Mia Roberts Perez,Tracy B Roman,Kai Scott,Abbe Fletman,Lyris Younge,Chris Mallios,Daine Grey Jr,Rainy Papademetriou,Stephanie M Sawyer,Michael Fanning,Scott Diclaudio,Vincent Furlong,Jannie L Blackwell,24
Ken Powell,2,93,91,91,90,89,81,81,80,80,77,76,3,0,24
Mia Roberts Perez,,3,91,88,88,88,79,79,79,79,77,76,3,0,24
Tracy B Roman,,,4,89,88,88,80,80,79,81,78,77,3,0,24
Kai Scott,,,,1,90,88,80,81,78,78,77,76,3,0,24
Abbe Fletman,,,,,1,89,81,80,79,78,78,77,3,0,24
Lyris Younge,,,,,,0,81,81,80,79,78,77,3,0,24
Chris Mallios,,,,,,,0,80,80,79,78,77,3,0,24
Daine Grey Jr,,,,,,,,0,79,79,77,76,3,0,24
Rainy Papademetriou,,,,,,,,,1,78,77,76,3,0,24
Stephanie M Sawyer,,,,,,,,,,0,78,76,2,0,24
Michael Fanning,,,,,,,,,,,0,76,2,0,24
Scott Diclaudio,,,,,,,,,,,,1,1,0,24
Vincent Furlong,,,,,,,,,,,,,7,0,24
Jannie L Blackwell,,,,,,,,,,,,,,0,24
Total,98,97,97,93,92,90,82,82,81,81,78,78,10,0,24
,Judge Of The Court Of Common Pleas,,,,,,,,,,,,,District Council 3rd District,25
,Mia Roberts Perez,Ken Powell,Tracy B Roman,Kai Scott,Lyris Younge,Abbe Fletman,Daine Grey Jr,Stephanie M Sawyer,Michael Fanning,Rainy Papademetriou,Scott Diclaudio,Chris Mallios,Vincent Furlong,Jannie L Blackwell,25
Mia Roberts Perez,4,69,68,66,66,67,64,64,63,63,63,61,5,0,25
Ken Powell,,6,66,65,66,66,62,63,62,62,63,60,5,0,25
Tracy B Roman,,,2,64,65,65,64,64,62,62,63,60,4,0,25
Kai Scott,,,,3,63,66,62,63,62,61,61,59,3,0,25
Lyris Younge,,,,,2,64,61,62,60,61,62,59,3,0,25
Abbe Fletman,,,,,,0,63,64,63,62,62,60,4,0,25
Daine Grey Jr,,,,,,,1,64,63,61,61,60,4,0,25
Stephanie M Sawyer,,,,,,,,1,63,62,62,60,4,0,25
Michael Fanning,,,,,,,,,0,62,62,60,4,0,25
Rainy Papademetriou,,,,,,,,,,0,62,60,3,0,25
Scott Diclaudio,,,,,,,,,,,0,60,4,0,25
Chris Mallios,,,,,,,,,,,,0,3,0,25
Vincent Furlong,,,,,,,,,,,,,6,0,25
Jannie L Blackwell,,,,,,,,,,,,,,0,25
Total,76,75,71,69,69,67,66,66,65,64,64,61,11,0,25
,Judge Of The Court Of Common Pleas,,,,,,,,,,,,,District Council 3rd District,26
,Ken Powell,Tracy B Roman,Lyris Younge,Kai Scott,Mia Roberts Perez,Abbe Fletman,Daine Grey Jr,Michael Fanning,Stephanie M Sawyer,Chris Mallios,Scott Diclaudio,Rainy Papademetriou,Vincent Furlong,Jannie L Blackwell,26
Ken Powell,2,48,45,45,44,45,43,44,43,43,43,42,3,0,26
Tracy B Roman,,1,46,45,45,44,44,44,43,43,42,42,3,0,26
Lyris Younge,,,3,44,45,44,44,43,43,43,42,42,2,0,26
Kai Scott,,,,1,44,44,42,42,41,42,41,42,1,0,26
Mia Roberts Perez,,,,,1,44,43,42,42,42,41,42,1,0,26
Abbe Fletman,,,,,,0,42,42,42,42,42,42,1,0,26
Daine Grey Jr,,,,,,,0,43,43,43,42,42,2,0,26
Michael Fanning,,,,,,,,0,42,43,42,42,3,0,26
Stephanie M Sawyer,,,,,,,,,0,42,42,41,1,0,26
Chris Mallios,,,,,,,,,,0,42,42,2,0,26
Scott Diclaudio,,,,,,,,,,,0,41,2,0,26
Rainy Papademetriou,,,,,,,,,,,,0,1,0,26
Vincent Furlong,,,,,,,,,,,,,2,0,26
Jannie L Blackwell,,,,,,,,,,,,,,0,26
Total,51,50,49,46,46,45,44,44,44,43,43,42,5,0,26
,Judge Of The Court Of Common Pleas,,,,,,,,,,,,,District Council 3rd District,27
,Mia Roberts Perez,Kai Scott,Tracy B Roman,Ken Powell,Lyris Younge,Abbe Fletman,Daine Grey Jr,Michael Fanning,Stephanie M Sawyer,Chris Mallios,Rainy Papademetriou,Scott Diclaudio,Vincent Furlong,Jannie L Blackwell,27
Mia Roberts Perez,5,64,62,59,62,60,55,53,54,53,53,53,2,0,27
Kai Scott,,0,62,59,62,60,55,53,54,53,53,53,2,0,27
Tracy B Roman,,,2,58,61,60,53,52,54,53,53,51,2,0,27
Ken Powell,,,,4,59,58,53,53,52,52,52,52,1,0,27
Lyris Younge,,,,,0,60,53,53,53,53,53,52,2,0,27
Abbe Fletman,,,,,,0,52,52,53,53,53,51,2,0,27
Daine Grey Jr,,,,,,,0,53,53,52,52,53,1,0,27
Michael Fanning,,,,,,,,0,52,52,52,52,2,0,27
Stephanie M Sawyer,,,,,,,,,0,53,53,51,2,0,27
Chris Mallios,,,,,,,,,,0,53,51,2,0,27
Rainy Papademetriou,,,,,,,,,,,0,51,2,0,27
Scott Diclaudio,,,,,,,,,,,,0,0,0,27
Vincent Furlong,,,,,,,,,,,,,0,0,27
Jannie L Blackwell,,,,,,,,,,,,,,0,27
Total,69,64,64,63,62,60,55,54,54,53,53,53,3,0,27
,District Council 3rd District,Judge Of The Court Of Common Pleas,,,,,,,,,,,,,28
,Jannie L Blackwell,Ken Powell,Tracy B Roman,Abbe Fletman,Kai Scott,Lyris Younge,Mia Roberts Perez,Daine Grey Jr,Stephanie M Sawyer,Rainy Papademetriou,Chris Mallios,Michael Fanning,Scott Diclaudio,Vincent Furlong,28
Jannie L Blackwell,13,103,102,100,100,100,99,90,88,85,86,85,83,4,28
Ken Powell,,1,98,98,97,96,96,88,88,86,87,87,85,3,28
Tracy B Roman,,,0,99,100,100,98,88,88,87,87,87,85,4,28
Abbe Fletman,,,,0,100,99,98,88,89,86,87,87,85,3,28
Kai Scott,,,,,0,100,99,89,88,87,87,87,85,4,28
Lyris Younge,,,,,,0,98,89,88,87,87,87,85,4,28
Mia Roberts Perez,,,,,,,0,90,88,86,87,87,85,3,28
Daine Grey Jr,,,,,,,,0,89,87,87,87,86,3,28
Stephanie M Sawyer,,,,,,,,,0,87,87,87,86,3,28
Rainy Papademetriou,,,,,,,,,,1,86,86,85,3,28
Chris Mallios,,,,,,,,,,,0,87,85,3,28
Michael Fanning,,,,,,,,,,,,0,85,3,28
Scott Diclaudio,,,,,,,,,,,,,0,1,28
Vincent Furlong,,,,,,,,,,,,,,7,28
Total,131,106,104,102,102,102,101,93,91,89,88,87,86,11,28
,Judge Of The Court Of Common Pleas,,,,,,,,,,,,,District Council 3rd District,29
,Tracy B Roman,Ken Powell,Mia Roberts Perez,Abbe Fletman,Kai Scott,Lyris Younge,Stephanie M Sawyer,Daine Grey Jr,Michael Fanning,Chris Mallios,Rainy Papademetriou,Scott Diclaudio,Vincent Furlong,Jannie L Blackwell,29
Tracy B Roman,4,51,54,54,51,53,46,46,45,45,45,44,2,0,29
Ken Powell,,7,49,49,48,49,45,44,43,43,43,42,1,0,29
Mia Roberts Perez,,,2,53,49,53,47,46,45,44,45,43,2,0,29
Abbe Fletman,,,,0,50,53,46,46,45,45,46,44,2,0,29
Kai Scott,,,,,3,50,44,44,43,45,44,43,1,0,29
Lyris Younge,,,,,,0,45,45,44,44,45,43,1,0,29
Stephanie M Sawyer,,,,,,,1,46,45,45,46,44,2,0,29
Daine Grey Jr,,,,,,,,0,46,45,45,44,2,0,29
Michael Fanning,,,,,,,,,1,44,44,43,2,0,29
Chris Mallios,,,,,,,,,,0,45,44,2,0,29
Rainy Papademetriou,,,,,,,,,,,0,44,2,0,29
Scott Diclaudio,,,,,,,,,,,,0,1,0,29
Vincent Furlong,,,,,,,,,,,,,2,0,29
Jannie L Blackwell,,,,,,,,,,,,,,0,29
Total,61,60,58,55,55,54,50,47,47,46,46,44,4,0,29
,Judge Of The Court Of Common Pleas,,,,,,,,,,,,,District Council 3rd District,30
,Ken Powell,Mia Roberts Perez,Kai Scott,Abbe Fletman,Lyris Younge,Tracy B Roman,Stephanie M Sawyer,Chris Mallios,Daine Grey Jr,Michael Fanning,Rainy Papademetriou,Scott Diclaudio,Vincent Furlong,Jannie L Blackwell,30
Ken Powell,6,71,69,67,67,67,61,61,59,60,60,57,7,0,30
Mia Roberts Perez,,0,67,68,66,66,61,61,60,60,58,57,6,0,30
Kai Scott,,,0,64,66,64,58,58,58,58,56,54,4,0,30
Abbe Fletman,,,,0,64,64,59,59,58,58,55,55,6,0,30
Lyris Younge,,,,,1,64,57,58,58,58,55,55,5,0,30
Tracy B Roman,,,,,,1,57,58,56,57,54,56,6,0,30
Stephanie M Sawyer,,,,,,,2,60,58,59,56,56,6,0,30
Chris Mallios,,,,,,,,0,59,60,57,57,6,0,30
Daine Grey Jr,,,,,,,,,0,59,56,55,5,0,30
Michael Fanning,,,,,,,,,,0,57,56,5,0,30
Rainy Papademetriou,,,,,,,,,,,0,53,3,0,30
Scott Diclaudio,,,,,,,,,,,,0,4,0,30
Vincent Furlong,,,,,,,,,,,,,2,0,30
Jannie L Blackwell,,,,,,,,,,,,,,0,30
Total,81,72,69,68,68,68,63,61,60,60,60,57,9,0,30
,Judge Of The Court Of Common Pleas,,,,,,,,,,,,,District Council 3rd District,31
,Ken Powell,Tracy B Roman,Lyris Younge,Mia Roberts Perez,Abbe Fletman,Kai Scott,Michael Fanning,Stephanie M Sawyer,Chris Mallios,Rainy Papademetriou,Scott Diclaudio,Daine Grey Jr,Vincent Furlong,Jannie L Blackwell,31
Ken Powell,4,72,73,73,74,74,62,62,60,61,61,60,0,0,31
Tracy B Roman,,5,71,71,71,72,60,62,60,60,59,59,0,0,31
Lyris Younge,,,2,73,72,73,60,62,61,62,60,61,0,0,31
Mia Roberts Perez,,,,3,73,74,60,61,60,60,60,60,0,0,31
Abbe Fletman,,,,,1,73,61,61,60,60,61,60,0,0,31
Kai Scott,,,,,,1,60,61,60,60,60,60,0,0,31
Michael Fanning,,,,,,,0,60,61,60,61,60,0,0,31
Stephanie M Sawyer,,,,,,,,0,60,61,60,60,0,0,31
Chris Mallios,,,,,,,,,0,61,60,61,0,0,31
Rainy Papademetriou,,,,,,,,,,0,60,61,0,0,31
Scott Diclaudio,,,,,,,,,,,1,60,0,0,31
Daine Grey Jr,,,,,,,,,,,,0,0,0,31
Vincent Furlong,,,,,,,,,,,,,2,0,31
Jannie L Blackwell,,,,,,,,,,,,,,0,31
Total,82,80,77,77,76,76,63,63,62,62,62,61,2,0,31
,Judge Of The Court Of Common Pleas,,,,,,,,,,,,,District Council 3rd District,32
,Mia Roberts Perez,Tracy B Roman,Ken Powell,Kai Scott,Abbe Fletman,Lyris Younge,Stephanie M Sawyer,Chris Mallios,Daine Grey Jr,Michael Fanning,Rainy Papademetriou,Scott Diclaudio,Vincent Furlong,Jannie L Blackwell,32
Mia Roberts Perez,3,109,107,109,106,105,84,80,81,80,77,76,7,0,32
Tracy B Roman,,4,108,107,106,106,83,82,81,81,79,77,6,0,32
Ken Powell,,,2,106,106,105,81,80,79,79,77,76,7,0,32
Kai Scott,,,,2,106,105,85,82,83,82,79,77,6,0,32
Abbe Fletman,,,,,0,103,81,79,80,79,76,76,6,0,32
Lyris Younge,,,,,,0,81,80,80,80,77,75,5,0,32
Stephanie M Sawyer,,,,,,,0,82,83,82,80,77,6,0,32
Chris Mallios,,,,,,,,0,82,82,79,77,4,0,32
Daine Grey Jr,,,,,,,,,0,82,79,77,4,0,32
Michael Fanning,,,,,,,,,,1,79,77,4,0,32
Rainy Papademetriou,,,,,,,,,,,0,75,3,0,32
Scott Diclaudio,,,,,,,,,,,,0,5,0,32
Vincent Furlong,,,,,,,,,,,,,2,0,32
Jannie L Blackwell,,,,,,,,,,,,,,0,32
Total,116,116,115,114,109,107,87,83,83,83,81,78,10,0,32
,Judge Of The Court Of Common Pleas,,,,,,,,,,,,,District Council 3rd District,33
,Kai Scott,Ken Powell,Mia Roberts Perez,Lyris Younge,Tracy B Roman,Abbe Fletman,Chris Mallios,Daine Grey Jr,Michael Fanning,Rainy Papademetriou,Scott Diclaudio,Stephanie M Sawyer,Vincent Furlong,Jannie L Blackwell,33
Kai Scott,2,41,41,41,39,40,37,37,37,36,37,37,1,0,33
Ken Powell,,0,42,41,40,40,37,37,37,36,37,37,1,0,33
Mia Roberts Perez,,,0,42,40,40,37,37,37,36,37,37,1,0,33
Lyris Younge,,,,0,40,40,37,37,37,36,37,37,1,0,33
Tracy B Roman,,,,,1,39,37,37,37,36,37,37,1,0,33
Abbe Fletman,,,,,,0,37,37,37,36,37,37,1,0,33
Chris Mallios,,,,,,,1,37,37,36,37,37,1,0,33
Daine Grey Jr,,,,,,,,0,37,36,37,37,1,0,33
Michael Fanning,,,,,,,,,0,36,37,37,1,0,33
Rainy Papademetriou,,,,,,,,,,1,36,36,0,0,33
Scott Diclaudio,,,,,,,,,,,0,37,1,0,33
Stephanie M Sawyer,,,,,,,,,,,,0,1,0,33
Vincent Furlong,,,,,,,,,,,,,2,0,33
Jannie L Blackwell,,,,,,,,,,,,,,0,33
Total,43,43,43,42,42,40,38,37,37,37,37,37,3,0,33
,Judge Of The Court Of Common Pleas,,,,,,,,,,,,,District Council 3rd District,34
,Ken Powell,Tracy B Roman,Abbe Fletman,Kai Scott,Lyris Younge,Mia Roberts Perez,Daine Grey Jr,Michael Fanning,Stephanie M Sawyer,Chris Mallios,Scott Diclaudio,Rainy Papademetriou,Vincent Furlong,Jannie L Blackwell,34
Ken Powell,3,61,59,61,59,58,55,55,55,54,53,52,4,0,34
Tracy B Roman,,1,59,61,59,58,55,55,54,54,53,52,4,0,34
Abbe Fletman,,,1,59,59,58,55,55,54,54,54,52,4,0,34
Kai Scott,,,,0,59,58,55,55,54,54,53,52,4,0,34
Lyris Younge,,,,,1,57,56,56,54,54,54,52,4,0,34
Mia Roberts Perez,,,,,,0,53,53,53,53,52,51,3,0,34
Daine Grey Jr,,,,,,,0,56,54,54,54,52,4,0,34
Michael Fanning,,,,,,,,0,54,54,54,52,4,0,34
Stephanie M Sawyer,,,,,,,,,0,54,53,52,4,0,34
Chris Mallios,,,,,,,,,,0,53,52,4,0,34
Scott Diclaudio,,,,,,,,,,,0,51,3,0,34
Rainy Papademetriou,,,,,,,,,,,,0,2,0,34
Vincent Furlong,,,,,,,,,,,,,2,0,34
Jannie L Blackwell,,,,,,,,,,,,,,0,34
Total,65,62,61,61,61,58,56,56,55,54,54,52,6,0,34
,Judge Of The Court Of Common Pleas,,,,,,,,,,,,,District Council 3rd District,35
,Ken Powell,Kai Scott,Tracy B Roman,Mia Roberts Perez,Abbe Fletman,Lyris Younge,Michael Fanning,Scott Diclaudio,Stephanie M Sawyer,Daine Grey Jr,Rainy Papademetriou,Chris Mallios,Vincent Furlong,Jannie L Blackwell,35
Ken Powell,4,67,66,65,65,64,58,55,58,55,53,53,3,0,35
Kai Scott,,1,66,66,64,63,58,55,59,56,54,53,3,0,35
Tracy B Roman,,,3,66,64,63,55,53,57,56,54,53,2,0,35
Mia Roberts Perez,,,,2,64,63,55,53,57,56,54,53,3,0,35
Abbe Fletman,,,,,0,65,55,54,55,55,53,53,3,0,35
Lyris Younge,,,,,,1,54,53,54,54,52,52,2,0,35
Michael Fanning,,,,,,,1,56,57,55,53,52,4,0,35
Scott Diclaudio,,,,,,,,4,55,53,53,52,4,0,35
Stephanie M Sawyer,,,,,,,,,0,56,54,53,3,0,35
Daine Grey Jr,,,,,,,,,,0,53,52,3,0,35
Rainy Papademetriou,,,,,,,,,,,0,52,2,0,35
Chris Mallios,,,,,,,,,,,,0,1,0,35
Vincent Furlong,,,,,,,,,,,,,3,0,35
Jannie L Blackwell,,,,,,,,,,,,,,0,35
Total,74,70,70,69,66,66,61,60,59,57,54,53,8,0,35
,Judge Of The Court Of Common Pleas,,,,,,,,,,,,,District Council 3rd District,36
,Mia Roberts Perez,Lyris Younge,Kai Scott,Ken Powell,Tracy B Roman,Abbe Fletman,Stephanie M Sawyer,Rainy Papademetriou,Daine Grey Jr,Michael Fanning,Scott Diclaudio,Chris Mallios,Vincent Furlong,Jannie L Blackwell,36
Mia Roberts Perez,2,62,63,61,61,60,55,55,54,53,53,52,1,0,36
Lyris Younge,,1,63,63,63,61,57,55,54,53,51,52,1,0,36
Kai Scott,,,1,60,60,60,56,55,53,52,51,51,1,0,36
Ken Powell,,,,3,62,60,54,53,53,53,50,52,1,0,36
Tracy B Roman,,,,,2,60,54,53,53,52,50,51,1,0,36
Abbe Fletman,,,,,,0,52,52,51,51,51,50,1,0,36
Stephanie M Sawyer,,,,,,,0,57,55,54,52,53,1,0,36
Rainy Papademetriou,,,,,,,,0,54,54,52,53,1,0,36
Daine Grey Jr,,,,,,,,,0,53,51,52,0,0,36
Michael Fanning,,,,,,,,,,0,51,53,1,0,36
Scott Diclaudio,,,,,,,,,,,0,51,1,0,36
Chris Mallios,,,,,,,,,,,,0,1,0,36
Vincent Furlong,,,,,,,,,,,,,4,0,36
Jannie L Blackwell,,,,,,,,,,,,,,0,36
Total,68,67,66,66,65,61,59,57,56,54,54,53,5,0,36
,Judge Of The Court Of Common Pleas,,,,,,,,,,,,,District Council 3rd District,37
,Ken Powell,Tracy B Roman,Mia Roberts Perez,Kai Scott,Abbe Fletman,Lyris Younge,Stephanie M Sawyer,Michael Fanning,Chris Mallios,Daine Grey Jr,Rainy Papademetriou,Scott Diclaudio,Vincent Furlong,Jannie L Blackwell,37
Ken Powell,7,122,121,118,119,121,106,105,101,103,100,97,6,0,37
Tracy B Roman,,6,121,115,115,116,101,100,98,98,98,95,6,0,37
Mia Roberts Perez,,,1,117,117,118,103,102,102,101,100,96,8,0,37
Kai Scott,,,,3,116,116,101,98,99,98,96,93,4,0,37
Abbe Fletman,,,,,2,119,100,102,100,101,98,96,5,0,37
Lyris Younge,,,,,,1,100,103,100,101,98,95,4,0,37
Stephanie M Sawyer,,,,,,,0,102,102,101,98,96,8,0,37
Michael Fanning,,,,,,,,0,102,102,100,96,6,0,37
Chris Mallios,,,,,,,,,0,100,99,96,7,0,37
Daine Grey Jr,,,,,,,,,,0,98,96,5,0,37
Rainy Papademetriou,,,,,,,,,,,0,93,4,0,37
Scott Diclaudio,,,,,,,,,,,,2,5,0,37
Vincent Furlong,,,,,,,,,,,,,9,0,37
Jannie L Blackwell,,,,,,,,,,,,,,0,37
Total,140,133,127,125,123,123,110,107,104,104,101,100,17,0,37
,Judge Of The Court Of Common Pleas,,,,,,,,,,,,,District Council 3rd District,38
,Ken Powell,Mia Roberts Perez,Tracy B Roman,Kai Scott,Lyris Younge,Abbe Fletman,Stephanie M Sawyer,Daine Grey Jr,Michael Fanning,Chris Mallios,Rainy Papademetriou,Scott Diclaudio,Vincent Furlong,Jannie L Blackwell,38
Ken Powell,12,143,142,140,142,142,115,114,114,109,107,108,11,0,38
Mia Roberts Perez,,9,144,141,142,141,119,116,114,112,108,107,13,0,38
Tracy B Roman,,,9,139,141,137,112,112,109,107,104,105,11,0,38
Kai Scott,,,,5,140,141,112,111,109,107,107,105,9,0,38
Lyris Younge,,,,,3,141,112,114,112,109,108,108,12,0,38
Abbe Fletman,,,,,,1,114,113,112,110,110,109,12,0,38
Stephanie M Sawyer,,,,,,,1,114,112,108,107,106,11,0,38
Daine Grey Jr,,,,,,,,0,112,110,106,105,12,0,38
Michael Fanning,,,,,,,,,0,108,106,106,11,0,38
Chris Mallios,,,,,,,,,,0,104,104,11,0,38
Rainy Papademetriou,,,,,,,,,,,0,103,8,0,38
Scott Diclaudio,,,,,,,,,,,,0,8,0,38
Vincent Furlong,,,,,,,,,,,,,3,0,38
Jannie L Blackwell,,,,,,,,,,,,,,0,38
Total,165,163,160,152,151,148,124,119,115,112,110,109,16,0,38
,Judge Of The Court Of Common Pleas,,,,,,,,,,,,,District Council 3rd District,39
,Mia Roberts Perez,Ken Powell,Abbe Fletman,Kai Scott,Tracy B Roman,Lyris Younge,Michael Fanning,Daine Grey Jr,Stephanie M Sawyer,Rainy Papademetriou,Scott Diclaudio,Chris Mallios,Vincent Furlong,Jannie L Blackwell,39
Mia Roberts Perez,2,55,55,55,55,52,49,50,49,49,46,47,2,0,39
Ken Powell,,4,55,54,54,52,47,48,48,47,45,46,1,0,39
Abbe Fletman,,,1,56,54,53,47,48,48,47,45,46,1,0,39
Kai Scott,,,,1,53,52,47,48,48,48,45,46,1,0,39
Tracy B Roman,,,,,1,52,48,48,48,47,45,45,2,0,39
Lyris Younge,,,,,,0,46,46,46,45,45,45,1,0,39
Michael Fanning,,,,,,,1,49,48,46,47,46,2,0,39
Daine Grey Jr,,,,,,,,0,49,47,46,47,2,0,39
Stephanie M Sawyer,,,,,,,,,1,47,45,46,2,0,39
Rainy Papademetriou,,,,,,,,,,0,43,45,2,0,39
Scott Diclaudio,,,,,,,,,,,1,45,0,0,39
Chris Mallios,,,,,,,,,,,,0,1,0,39
Vincent Furlong,,,,,,,,,,,,,1,0,39
Jannie L Blackwell,,,,,,,,,,,,,,0,39
Total,60,59,58,58,56,53,51,50,50,49,48,47,3,0,39
,Judge Of The Court Of Common Pleas,,,,,,,,,,,,,District Council 3rd District,40
,Kai Scott,Mia Roberts Perez,Lyris Younge,Ken Powell,Tracy B Roman,Abbe Fletman,Stephanie M Sawyer,Daine Grey Jr,Michael Fanning,Rainy Papademetriou,Scott Diclaudio,Chris Mallios,Vincent Furlong,Jannie L Blackwell,40
Kai Scott,2,167,167,158,162,155,149,143,144,139,132,125,11,0,40
Mia Roberts Perez,,2,160,162,158,155,145,142,141,138,129,124,12,0,40
Lyris Younge,,,4,157,157,155,146,141,141,138,130,124,11,0,40
Ken Powell,,,,5,155,154,142,143,141,135,131,124,12,0,40
Tracy B Roman,,,,,4,152,146,142,141,135,130,121,11,0,40
Abbe Fletman,,,,,,0,138,137,136,134,127,121,9,0,40
Stephanie M Sawyer,,,,,,,1,143,142,141,132,125,9,0,40
Daine Grey Jr,,,,,,,,1,139,138,130,122,8,0,40
Michael Fanning,,,,,,,,,0,137,132,126,9,0,40
Rainy Papademetriou,,,,,,,,,,0,131,124,9,0,40
Scott Diclaudio,,,,,,,,,,,2,122,6,0,40
Chris Mallios,,,,,,,,,,,,1,7,0,40
Vincent Furlong,,,,,,,,,,,,,3,0,40
Jannie L Blackwell,,,,,,,,,,,,,,0,40
Total,180,178,175,174,174,159,156,152,147,143,139,130,16,0,40
,Judge Of The Court Of Common Pleas,,,,,,,,,,,,,District Council 3rd District,41
,Ken Powell,Kai Scott,Tracy B Roman,Mia Roberts Perez,Lyris Younge,Abbe Fletman,Michael Fanning,Stephanie M Sawyer,Chris Mallios,Daine Grey Jr,Rainy Papademetriou,Scott Diclaudio,Vincent Furlong,Jannie L Blackwell,41
Ken Powell,4,98,97,97,95,94,91,92,91,91,91,91,1,0,41
Kai Scott,,2,97,98,96,94,91,92,91,91,91,91,1,0,41
Tracy B Roman,,,2,97,96,94,91,91,91,90,91,91,1,0,41
Mia Roberts Perez,,,,2,96,94,91,92,91,91,91,91,1,0,41
Lyris Younge,,,,,1,93,89,90,90,89,90,90,1,0,41
Abbe Fletman,,,,,,0,90,90,90,90,90,90,0,0,41
Michael Fanning,,,,,,,0,91,90,91,90,90,0,0,41
Stephanie M Sawyer,,,,,,,,0,91,91,91,91,1,0,41
Chris Mallios,,,,,,,,,0,90,91,91,1,0,41
Daine Grey Jr,,,,,,,,,,0,90,90,0,0,41
Rainy Papademetriou,,,,,,,,,,,0,91,1,0,41
Scott Diclaudio,,,,,,,,,,,,0,1,0,41
Vincent Furlong,,,,,,,,,,,,,0,0,41
Jannie L Blackwell,,,,,,,,,,,,,,0,41
Total,103,101,101,100,97,94,92,92,91,91,91,91,1,0,41
,Judge Of The Court Of Common Pleas,,,,,,,,,,,,,District Council 3rd District,42
,Ken Powell,Kai Scott,Mia Roberts Perez,Tracy B Roman,Lyris Younge,Abbe Fletman,Stephanie M Sawyer,Chris Mallios,Michael Fanning,Rainy Papademetriou,Daine Grey Jr,Scott Diclaudio,Vincent Furlong,Jannie L Blackwell,42
Ken Powell,7,94,92,95,92,91,84,81,80,81,79,77,5,0,42
Kai Scott,,5,95,93,94,93,84,81,80,82,81,78,6,0,42
Mia Roberts Perez,,,4,92,94,90,84,81,80,81,81,77,6,0,42
Tracy B Roman,,,,5,92,91,81,79,78,79,77,78,5,0,42
Lyris Younge,,,,,0,89,82,79,78,80,80,76,5,0,42
Abbe Fletman,,,,,,0,80,79,78,80,77,76,5,0,42
Stephanie M Sawyer,,,,,,,0,81,80,81,80,77,3,0,42
Chris Mallios,,,,,,,,0,79,81,78,76,3,0,42
Michael Fanning,,,,,,,,,0,80,77,74,4,0,42
Rainy Papademetriou,,,,,,,,,,0,79,76,4,0,42
Daine Grey Jr,,,,,,,,,,,0,74,4,0,42
Scott Diclaudio,,,,,,,,,,,,2,4,0,42
Vincent Furlong,,,,,,,,,,,,,4,0,42
Jannie L Blackwell,,,,,,,,,,,,,,0,42
Total,106,105,104,104,98,94,86,82,82,82,81,81,11,0,42
,Judge Of The Court Of Common Pleas,,,,,,,,,,,,,District Council 3rd District,43
,Ken Powell,Tracy B Roman,Kai Scott,Abbe Fletman,Mia Roberts Perez,Lyris Younge,Stephanie M Sawyer,Daine Grey Jr,Scott Diclaudio,Chris Mallios,Michael Fanning,Rainy Papademetriou,Vincent Furlong,Jannie L Blackwell,43
Ken Powell,3,54,53,53,52,52,47,48,48,47,47,47,2,0,43
Tracy B Roman,,1,54,53,53,52,49,48,48,47,47,47,2,0,43
Kai Scott,,,0,53,52,52,49,49,47,47,46,47,2,0,43
Abbe Fletman,,,,0,51,52,48,48,47,47,47,47,2,0,43
Mia Roberts Perez,,,,,1,50,46,46,46,45,45,45,0,0,43
Lyris Younge,,,,,,0,47,47,46,47,46,47,2,0,43
Stephanie M Sawyer,,,,,,,0,48,46,47,46,47,2,0,43
Daine Grey Jr,,,,,,,,0,47,47,46,47,2,0,43
Scott Diclaudio,,,,,,,,,1,46,47,46,2,0,43
Chris Mallios,,,,,,,,,,0,46,47,2,0,43
Michael Fanning,,,,,,,,,,,0,46,2,0,43
Rainy Papademetriou,,,,,,,,,,,,0,2,0,43
Vincent Furlong,,,,,,,,,,,,,4,0,43
Jannie L Blackwell,,,,,,,,,,,,,,0,43
Total,57,57,55,54,54,52,50,49,49,47,47,47,6,0,43
,Judge Of The Court Of Common Pleas,,,,,,,,,,,,,District Council 3rd District,44
,Ken Powell,Tracy B Roman,Mia Roberts Perez,Lyris Younge,Kai Scott,Abbe Fletman,Daine Grey Jr,Michael Fanning,Chris Mallios,Stephanie M Sawyer,Scott Diclaudio,Rainy Papademetriou,Vincent Furlong,Jannie L Blackwell,44
Ken Powell,10,135,131,129,129,128,111,113,111,112,107,107,8,0,44
Tracy B Roman,,2,134,133,132,129,111,112,110,110,107,105,9,0,44
Mia Roberts Perez,,,3,128,129,126,110,109,107,107,105,104,7,0,44
Lyris Younge,,,,2,130,127,109,108,108,108,105,105,8,0,44
Kai Scott,,,,,1,127,108,107,108,107,105,104,6,0,44
Abbe Fletman,,,,,,0,111,109,109,108,105,104,6,0,44
Daine Grey Jr,,,,,,,0,109,110,109,106,105,8,0,44
Michael Fanning,,,,,,,,0,108,109,106,104,8,0,44
Chris Mallios,,,,,,,,,0,109,108,105,7,0,44
Stephanie M Sawyer,,,,,,,,,,0,105,106,6,0,44
Scott Diclaudio,,,,,,,,,,,0,103,7,0,44
Rainy Papademetriou,,,,,,,,,,,,0,5,0,44
Vincent Furlong,,,,,,,,,,,,,0,0,44
Jannie L Blackwell,,,,,,,,,,,,,,0,44
Total,149,144,141,137,136,135,115,115,114,114,111,109,9,0,44
,Judge Of The Court Of Common Pleas,,,,,,,,,,,,,District Council 3rd District,45
,Ken Powell,Kai Scott,Mia Roberts Perez,Tracy B Roman,Lyris Younge,Stephanie M Sawyer,Abbe Fletman,Daine Grey Jr,Chris Mallios,Michael Fanning,Scott Diclaudio,Rainy Papademetriou,Vincent Furlong,Jannie L Blackwell,45
Ken Powell,8,131,133,126,126,108,109,106,108,108,106,101,11,0,45
Kai Scott,,2,132,125,127,108,108,107,108,107,105,102,10,0,45
Mia Roberts Perez,,,0,128,127,111,109,107,107,109,106,104,11,0,45
Tracy B Roman,,,,3,122,109,106,105,105,105,103,101,8,0,45
Lyris Younge,,,,,1,109,108,105,108,106,104,102,10,0,45
Stephanie M Sawyer,,,,,,1,98,107,105,105,104,102,9,0,45
Abbe Fletman,,,,,,,1,95,96,96,96,93,5,0,45
Daine Grey Jr,,,,,,,,0,103,103,102,100,6,0,45
Chris Mallios,,,,,,,,,0,107,105,102,10,0,45
Michael Fanning,,,,,,,,,,1,105,102,10,0,45
Scott Diclaudio,,,,,,,,,,,0,101,9,0,45
Rainy Papademetriou,,,,,,,,,,,,0,6,0,45
Vincent Furlong,,,,,,,,,,,,,4,0,45
Jannie L Blackwell,,,,,,,,,,,,,,0,45
Total,144,140,140,135,131,115,111,111,110,110,110,107,15,0,45
,Judge Of The Court Of Common Pleas,,,,,,,,,,,,,District Council 3rd District,46
,Ken Powell,Tracy B Roman,Kai Scott,Mia Roberts Perez,Lyris Younge,Abbe Fletman,Daine Grey Jr,Stephanie M Sawyer,Michael Fanning,Scott Diclaudio,Chris Mallios,Rainy Papademetriou,Vincent Furlong,Jannie L Blackwell,46
Ken Powell,5,127,126,123,124,122,112,107,109,108,107,105,9,0,46
Tracy B Roman,,5,128,125,125,123,111,110,109,108,108,106,8,0,46
Kai Scott,,,1,125,125,122,111,109,108,108,107,104,7,0,46
Mia Roberts Perez,,,,3,121,120,108,109,107,107,106,103,7,0,46
Lyris Younge,,,,,0,122,111,107,108,107,106,105,7,0,46
Abbe Fletman,,,,,,0,107,105,107,106,106,103,7,0,46
Daine Grey Jr,,,,,,,1,108,108,107,106,105,7,0,46
Stephanie M Sawyer,,,,,,,,1,106,106,105,103,6,0,46
Michael Fanning,,,,,,,,,0,108,106,104,8,0,46
Scott Diclaudio,,,,,,,,,,0,105,103,7,0,46
Chris Mallios,,,,,,,,,,,0,102,6,0,46
Rainy Papademetriou,,,,,,,,,,,,0,5,0,46
Vincent Furlong,,,,,,,,,,,,,7,0,46
Jannie L Blackwell,,,,,,,,,,,,,,0,46
Total,141,139,136,132,129,124,117,114,109,109,108,107,16,0,46
,Judge Of The Court Of Common Pleas,,,,,,,,,,,,,District Council 3rd District,47
,Ken Powell,Mia Roberts Perez,Tracy B Roman,Kai Scott,Lyris Younge,Abbe Fletman,Stephanie M Sawyer,Michael Fanning,Chris Mallios,Daine Grey Jr,Scott Diclaudio,Rainy Papademetriou,Vincent Furlong,Jannie L Blackwell,47
Ken Powell,4,28,28,27,28,27,24,24,23,23,23,22,0,0,47
Mia Roberts Perez,,1,28,27,28,27,24,24,23,23,23,22,0,0,47
Tracy B Roman,,,1,27,28,27,24,24,23,23,23,22,0,0,47
Kai Scott,,,,1,27,27,24,24,23,23,23,22,0,0,47
Lyris Younge,,,,,0,27,24,24,23,23,23,22,0,0,47
Abbe Fletman,,,,,,0,24,24,23,23,23,22,0,0,47
Stephanie M Sawyer,,,,,,,1,24,23,23,23,22,0,0,47
Michael Fanning,,,,,,,,0,23,23,23,22,0,0,47
Chris Mallios,,,,,,,,,0,22,23,22,0,0,47
Daine Grey Jr,,,,,,,,,,0,22,22,0,0,47
Scott Diclaudio,,,,,,,,,,,0,22,0,0,47
Rainy Papademetriou,,,,,,,,,,,,0,0,0,47
Vincent Furlong,,,,,,,,,,,,,0,0,47
Jannie L Blackwell,,,,,,,,,,,,,,0,47
Total,32,29,29,28,28,27,25,24,23,23,23,22,0,0,47
,Judge Of The Court Of Common Pleas,,,,,,,,,,,,,District Council 3rd District,48
,Ken Powell,Tracy B Roman,Mia Roberts Perez,Lyris Younge,Kai Scott,Abbe Fletman,Stephanie M Sawyer,Daine Grey Jr,Michael Fanning,Scott Diclaudio,Chris Mallios,Rainy Papademetriou,Vincent Furlong,Jannie L Blackwell,48
Ken Powell,5,118,115,115,116,112,108,104,105,102,102,102,8,0,48
Tracy B Roman,,5,115,113,115,112,108,103,106,103,102,103,9,0,48
Mia Roberts Perez,,,4,113,113,109,106,104,103,103,102,102,9,0,48
Lyris Younge,,,,2,114,111,106,105,104,102,102,102,8,0,48
Kai Scott,,,,,0,111,104,102,103,102,102,102,8,0,48
Abbe Fletman,,,,,,0,102,101,103,99,100,100,6,0,48
Stephanie M Sawyer,,,,,,,0,105,105,102,101,102,7,0,48
Daine Grey Jr,,,,,,,,0,102,100,100,100,5,0,48
Michael Fanning,,,,,,,,,0,102,102,103,7,0,48
Scott Diclaudio,,,,,,,,,,1,100,101,6,0,48
Chris Mallios,,,,,,,,,,,1,101,6,0,48
Rainy Papademetriou,,,,,,,,,,,,0,7,0,48
Vincent Furlong,,,,,,,,,,,,,4,0,48
Jannie L Blackwell,,,,,,,,,,,,,,0,48
Total,128,126,122,120,117,113,112,107,107,106,103,103,14,0,48
,Judge Of The Court Of Common Pleas,,,,,,,,,,,,,District Council 3rd District,49
,Ken Powell,Tracy B Roman,Kai Scott,Mia Roberts Perez,Lyris Younge,Abbe Fletman,Daine Grey Jr,Chris Mallios,Stephanie M Sawyer,Michael Fanning,Scott Diclaudio,Rainy Papademetriou,Vincent Furlong,Jannie L Blackwell,49
Ken Powell,7,106,107,108,108,108,94,93,94,92,93,91,4,0,49
Tracy B Roman,,6,105,105,107,106,94,93,93,92,93,90,5,0,49
Kai Scott,,,4,107,107,107,94,93,94,93,92,90,3,0,49
Mia Roberts Perez,,,,3,107,108,94,93,93,93,93,90,4,0,49
Lyris Younge,,,,,1,109,94,93,95,93,93,91,4,0,49
Abbe Fletman,,,,,,0,95,93,95,94,94,91,6,0,49
Daine Grey Jr,,,,,,,0,92,93,94,92,91,6,0,49
Chris Mallios,,,,,,,,1,93,93,93,91,6,0,49
Stephanie M Sawyer,,,,,,,,,0,94,93,90,4,0,49
Michael Fanning,,,,,,,,,,1,92,90,5,0,49
Scott Diclaudio,,,,,,,,,,,0,90,6,0,49
Rainy Papademetriou,,,,,,,,,,,,1,3,0,49
Vincent Furlong,,,,,,,,,,,,,13,0,49
Jannie L Blackwell,,,,,,,,,,,,,,0,49
Total,120,115,114,114,112,111,100,98,98,97,96,92,23,0,49
,Judge Of The Court Of Common Pleas,,,,,,,,,,,,,District Council 3rd District,50
,Ken Powell,Kai Scott,Mia Roberts Perez,Lyris Younge,Tracy B Roman,Abbe Fletman,Stephanie M Sawyer,Chris Mallios,Michael Fanning,Daine Grey Jr,Rainy Papademetriou,Scott Diclaudio,Vincent Furlong,Jannie L Blackwell,50
Ken Powell,9,123,123,122,122,122,109,108,109,108,107,106,3,0,50
Kai Scott,,3,126,125,122,123,111,110,111,110,107,107,4,0,50
Mia Roberts Perez,,,2,123,123,122,111,110,110,109,109,107,4,0,50
Lyris Younge,,,,3,123,120,108,107,108,107,106,105,3,0,50
Tracy B Roman,,,,,2,120,109,108,107,106,107,105,3,0,50
Abbe Fletman,,,,,,1,108,107,108,107,105,105,3,0,50
Stephanie M Sawyer,,,,,,,0,111,110,109,109,107,4,0,50
Chris Mallios,,,,,,,,0,109,108,108,107,4,0,50
Michael Fanning,,,,,,,,,0,110,107,107,4,0,50
Daine Grey Jr,,,,,,,,,,0,107,106,4,0,50
Rainy Papademetriou,,,,,,,,,,,0,106,2,0,50
Scott Diclaudio,,,,,,,,,,,,0,1,0,50
Vincent Furlong,,,,,,,,,,,,,5,0,50
Jannie L Blackwell,,,,,,,,,,,,,,0,50
Total,136,132,131,130,128,126,114,112,111,110,110,108,9,0,50
,Judge Of The Court Of Common Pleas,,,,,,,,,,,,,District Council 3rd District,51
,Ken Powell,Tracy B Roman,Kai Scott,Mia Roberts Perez,Stephanie M Sawyer,Chris Mallios,Abbe Fletman,Lyris Younge,Scott Diclaudio,Michael Fanning,Daine Grey Jr,Rainy Papademetriou,Vincent Furlong,Jannie L Blackwell,51
Ken Powell,9,37,34,36,32,32,30,30,30,28,27,27,5,0,51
Tracy B Roman,,2,35,36,32,33,30,31,31,29,27,27,5,0,51
Kai Scott,,,0,33,31,31,30,31,29,28,27,26,5,0,51
Mia Roberts Perez,,,,0,31,32,29,30,30,28,27,27,5,0,51
Stephanie M Sawyer,,,,,0,31,27,27,29,28,27,26,4,0,51
Chris Mallios,,,,,,0,27,28,31,29,26,26,5,0,51
Abbe Fletman,,,,,,,1,27,26,25,26,24,3,0,51
Lyris Younge,,,,,,,,0,27,26,25,24,4,0,51
Scott Diclaudio,,,,,,,,,0,29,25,26,4,0,51
Michael Fanning,,,,,,,,,,0,24,25,3,0,51
Daine Grey Jr,,,,,,,,,,,0,26,4,0,51
Rainy Papademetriou,,,,,,,,,,,,0,4,0,51
Vincent Furlong,,,,,,,,,,,,,2,0,51
Jannie L Blackwell,,,,,,,,,,,,,,0,51
Total,47,40,36,36,34,33,32,31,31,29,28,27,7,0,51
,Judge Of The Court Of Common Pleas,,,,,,,,,,,,,District Council 3rd District,All
,Ken Powell,Tracy B Roman,Mia Roberts Perez,Kai Scott,Lyris Younge,Abbe Fletman,Stephanie M Sawyer,Daine Grey Jr,Michael Fanning,Chris Mallios,Scott Diclaudio,Rainy Papademetriou,Vincent Furlong,Jannie L Blackwell,All
Ken Powell,231,"3,826","3,828","3,809","3,774","3,742","3,327","3,285","3,296","3,249","3,221","3,220",176,289,All
Tracy B Roman,,156,"3,820","3,789","3,762","3,708","3,321","3,271","3,265","3,234","3,204","3,209",175,275,All
Mia Roberts Perez,,,94,"3,819","3,772","3,721","3,336","3,303","3,277","3,249","3,211","3,228",174,274,All
Kai Scott,,,,73,"3,784","3,738","3,319","3,285","3,264","3,238","3,195","3,221",153,274,All
Lyris Younge,,,,,45,"3,715","3,293","3,275","3,257","3,227","3,190","3,213",152,272,All
Abbe Fletman,,,,,,18,"3,257","3,243","3,237","3,204","3,175","3,190",147,272,All
Stephanie M Sawyer,,,,,,,21,"3,303","3,285","3,257","3,212","3,236",158,243,All
Daine Grey Jr,,,,,,,,4,"3,265","3,226","3,191","3,215",149,244,All
Michael Fanning,,,,,,,,,7,"3,242","3,211","3,212",158,238,All
Chris Mallios,,,,,,,,,,7,"3,191","3,201",151,241,All
Scott Diclaudio,,,,,,,,,,,20,"3,155",131,234,All
Rainy Papademetriou,,,,,,,,,,,,7,119,236,All
Vincent Furlong,,,,,,,,,,,,,140,10,All
Jannie L Blackwell,,,,,,,,,,,,,,24,All
Total,"4,263","4,138","4,088","4,034","3,941","3,844","3,468","3,389","3,364","3,319","3,303","3,297",351,349,All
